id,topico,subtopico,dificuldade_fase3,nota,stem,gemma2:2b,phi4-mini:latest,llama3.2:3b,n_modelos_corretos,dificuldade_estimada
ffde36b030-f0-d0-r1-q0,"Manutenção, Inspeção e Integridade de Ativos",Manutenção e Plano de Manutenção,Média,0.92,"Um trem de compressão de gás em um FPSO apresenta tendência de aumento de vibração e temperatura de mancais, ainda dentro de limites, e a redundância é limitada. A equipe deve reduzir o risco de falha sem perda desnecessária de disponibilidade. Qual ajuste é mais coerente com RCM, priorizando impacto em segurança e produção?",True,True,True,3,Fácil
ffde36b030-f0-d0-r1-q1,"Manutenção, Inspeção e Integridade de Ativos",Manutenção e Plano de Manutenção,Média,0.9,"No teste mensal, uma bomba de combate a incêndio a diesel não cumpre o tempo de partida do PS, com os demais elementos operacionais. Para manter a continuidade sem elevar o risco, qual ação de governança é mais adequada?",True,True,True,3,Fácil
ffde36b030-f0-d0-r1-q3,"Manutenção, Inspeção e Integridade de Ativos",Manutenção e Plano de Manutenção,Média,0.86,"Uma equipe está implantando um sistema especialista inspirado em RCM para uma unidade hidráulica de atuadores de válvulas, configurável conforme o arranjo do circuito e o modo de operação. Qual benefício prático essa integração traz para a tomada de decisão de manutenção?",True,True,True,3,Fácil
ffde36b030-f0-d0-r1-q5,"Manutenção, Inspeção e Integridade de Ativos",Manutenção e Plano de Manutenção,Média,0.89,"Um mangote de offloading de óleo tem histórico de desgaste. A criticidade é avaliada considerando segurança, meio ambiente, produção e custo. Qual diretriz de manutenção melhor reflete boas práticas de priorização por criticidade?",True,True,True,3,Fácil
ffde36b030-f0-d0-r2-q1,"Manutenção, Inspeção e Integridade de Ativos",Manutenção e Plano de Manutenção,Média,0.91,"Durante testes, um SCE de combate a incêndio não atende ao PS estabelecido quanto ao tempo de partida. A operação deseja manter o FPSO produzindo enquanto a correção é planejada. Qual procedimento é mais adequado para garantir conformidade com a governança técnica e a gestão de risco?",True,True,True,3,Fácil
ffde36b030-f0-d0-r2-q2,"Manutenção, Inspeção e Integridade de Ativos",Manutenção e Plano de Manutenção,Média,0.92,"Durante uma revisão de integridade, um bow tie atualizado aponta degradação em barreiras de um sistema de alívio, enquanto o plano de manutenção vigente foi estruturado a partir de uma FMEA do ano anterior. Qual a melhor forma de combinar essas evidências para definir a priorização das intervenções?",True,True,True,3,Fácil
ffde36b030-f0-d0-r2-q4,"Manutenção, Inspeção e Integridade de Ativos",Manutenção e Plano de Manutenção,Média,0.9,"Na revisão do plano de manutenção, compara-se uma válvula ESD classificada como SCE, com falhas raras porém consequências graves, e uma bomba de circulação com recorrência de falhas e efeito limitado à eficiência. Que critério e arranjo de tarefas traduzem uma priorização por criticidade segundo RCM?",True,True,True,3,Fácil
ffde36b030-f0-d0-r2-q5,"Manutenção, Inspeção e Integridade de Ativos",Manutenção e Plano de Manutenção,Média,0.9,Propõe-se instalar um bypass em um controlador de pressão do gás para facilitar futuras manutenções. Como conduzir essa alteração sob a ótica de integridade e manutenção?,True,True,False,2,Média
ffde36b030-f0-d0-r3-q0,"Manutenção, Inspeção e Integridade de Ativos",Manutenção e Plano de Manutenção,Média,0.93,"Em uma unidade de produção offshore, a revisão do plano de manutenção identificou: (i) um Elemento Crítico de Segurança (SCE) que não atingiu o Performance Standard (PS) em teste funcional; (ii) um equipamento não classificado como SCE apresentando tendência de degradação por monitoramento de condição. Com janela de intervenção curta e recursos limitados, qual abordagem melhor alinha a filosofia RCM à governança de PS?",True,True,True,3,Fácil
ffde36b030-f0-d0-r3-q1,"Manutenção, Inspeção e Integridade de Ativos",Manutenção e Plano de Manutenção,Fácil,0.89,"Um conjunto de válvulas de processo apresenta falhas por desgaste, com bons indicadores de condição (tendência de vibração/temperatura) e consequências moderadas em termos de produção e baixo impacto direto sobre segurança. Considerando a filosofia de Manutenção Centrada na Confiabilidade (RCM), qual estratégia é mais adequada?",False,True,True,2,Média
ffde36b030-f0-d0-r3-q2,"Manutenção, Inspeção e Integridade de Ativos",Manutenção e Plano de Manutenção,Média,0.92,"Após uma FMECA apontar modos de falha de alta severidade em barreiras preventivas nos bow ties, como esses achados devem ser refletidos no plano de manutenção para manter o risco em ALARP?",True,True,True,3,Fácil
ffde36b030-f0-d0-r3-q3,"Manutenção, Inspeção e Integridade de Ativos",Manutenção e Plano de Manutenção,Média,0.95,"Durante um teste de rotina, um SCE não atinge o PS estabelecido. A área operacional sugere continuar a operação com orientações internas até a próxima parada para manutenção. Qual conduta é consistente com os requisitos de PS e a governança técnica descrita?",True,True,True,3,Fácil
ffde36b030-f0-d0-r4-q0,"Manutenção, Inspeção e Integridade de Ativos",Manutenção e Plano de Manutenção,Média,0.92,"Durante uma parada parcial de 48 horas, a gerência de um FPSO precisa redistribuir a manutenção entre bombas de incêndio (SCE), compressores de gás de elevação e bombas de água de serviço para reduzir risco e manter disponibilidade. Qual abordagem é mais coerente com RCM e com os requisitos de integridade?",True,True,True,3,Fácil
ffde36b030-f0-d0-r4-q1,"Manutenção, Inspeção e Integridade de Ativos",Manutenção e Plano de Manutenção,Média,0.9,"Em um teste funcional, uma válvula de emergência classificada como SCE não atendeu ao PS. Há uma janela de offloading nas próximas horas e a unidade possui redundância parcial. Qual decisão é mais coerente com a governança técnica e a gestão de risco?",True,True,True,3,Fácil
ffde36b030-f0-d0-r4-q3,"Manutenção, Inspeção e Integridade de Ativos",Manutenção e Plano de Manutenção,Média,0.87,"A empresa avalia implantar um sistema especialista para recomendar tarefas preditivas, preventivas e corretivas em um subsistema hidráulico de atuação de válvulas no FPSO, considerando configurações e modos de operação. Qual modo de uso agrega valor sem fragilizar a governança de integridade?",True,True,True,3,Fácil
ffde36b030-f0-d0-r5-q0,"Manutenção, Inspeção e Integridade de Ativos",Manutenção e Plano de Manutenção,Média,0.94,"Um trem de compressão de gás em um FPSO vem registrando trips por vibração em serviço intermitente. A gerência quer reduzir indisponibilidades com uma estratégia coerente com manutenção centrada na confiabilidade. Qual decisão de manutenção melhor alinha criticidade, risco e disponibilidade?",True,True,True,3,Fácil
ffde36b030-f0-d0-r5-q1,"Manutenção, Inspeção e Integridade de Ativos",Manutenção e Plano de Manutenção,Média,0.91,"Após um quase-incidente com uma válvula de ESD que não fechou em um teste funcional, a equipe decide usar FMECA para direcionar ações e integrar os resultados ao gerenciamento de riscos. Qual abordagem melhor prioriza mitigação e integra segurança de processo?",True,True,True,3,Fácil
ffde36b030-f0-d0-r5-q2,"Manutenção, Inspeção e Integridade de Ativos",Manutenção e Plano de Manutenção,Média,0.92,"Em testes de rotina, um Elemento Crítico de Segurança (SCE) não atingiu o Performance Standard (PS). A operação precisa decidir sobre continuidade e controles. Qual decisão melhor atende à governança técnica e à gestão de risco?",True,True,True,3,Fácil
ffde36b030-f0-d0-r5-q3,"Manutenção, Inspeção e Integridade de Ativos",Manutenção e Plano de Manutenção,Média,0.91,"Uma equipe vai implantar um sistema especialista, baseado em MCC/RCM, para sugerir intervenções em um circuito hidráulico de atuação com regimes de operação variados. Como parametrizar o sistema para captar o contexto?",True,True,True,3,Fácil
ffde36b030-f0-d0-r5-q4,"Manutenção, Inspeção e Integridade de Ativos",Manutenção e Plano de Manutenção,Média,0.92,"Com um backlog extenso e recursos limitados, a equipe de manutenção precisa priorizar intervenções em um FPSO integrando integridade de ativos e segurança de processo. Qual critério de priorização é mais consistente com RCM, SCE e gestão de risco ALARP?",True,True,True,3,Fácil
ffde36b030-f0-d0-r5-q5,"Manutenção, Inspeção e Integridade de Ativos",Manutenção e Plano de Manutenção,Média,0.91,"Após um evento de baixa severidade, a análise bow tie mostrou um SCE preventivo abaixo do padrão de desempenho (PS). Integrando manutenção, integridade e safety case, qual ajuste de estratégia é mais adequado?",True,True,True,3,Fácil
ffde36b030-f0-d0-r6-q0,"Manutenção, Inspeção e Integridade de Ativos",Manutenção e Plano de Manutenção,Média,0.92,"Durante uma checagem de rotina no FPSO, constata-se que um SCE do sistema de detecção de gás na compressão está fora do PS por deriva de calibração, com a produção em curso. Qual decisão de gestão técnica melhor equilibra continuidade operacional e governança de risco?",True,True,True,3,Fácil
ffde36b030-f0-d0-r6-q1,"Manutenção, Inspeção e Integridade de Ativos",Manutenção e Plano de Manutenção,Média,0.94,"Ao elaborar o plano de manutenção de um FPSO, a equipe precisa definir a estratégia para três conjuntos: bombas de combate a incêndio a diesel (firewater), compressores de gás de exportação e luminárias de área não classificada do alojamento. Com base em MCC/RCM e criticidade (segurança, produção, custo), qual combinação é mais coerente?",False,True,False,1,Difícil
ffde36b030-f0-d0-r6-q3,"Manutenção, Inspeção e Integridade de Ativos",Manutenção e Plano de Manutenção,Média,0.9,"Na implantação de um sistema especialista alinhado à lógica RCM/RCMEX para um módulo de bombeio em um FPSO, a equipe precisa decidir como parametrizar as recomendações de manutenção. Qual abordagem produz recomendações de fato contextualizadas?",True,True,True,3,Fácil
ffde36b030-f0-d0-r6-q4,"Manutenção, Inspeção e Integridade de Ativos",Manutenção e Plano de Manutenção,Média,0.92,"Um bow tie do sistema de flare indica a válvula de alívio e o selo d’água como barreiras críticas. Uma inspeção mostra que o selo não atende ao PS mínimo. Como proceder de forma integrada entre manutenção, integridade e gestão de risco?",True,True,True,3,Fácil
ffde36b030-f0-d0-r7-q0,"Manutenção, Inspeção e Integridade de Ativos",Manutenção e Plano de Manutenção,Média,0.93,"Em um FPSO, o sistema de lubrificação dos mancais do turret é SCE com PS definidos. A FMECA aponta modos de falha com degradação rastreável por análise de óleo e tendência de pressão. Ao ajustar o plano, qual estratégia melhor equilibra risco e disponibilidade?",True,True,True,3,Fácil
ffde36b030-f0-d0-r7-q1,"Manutenção, Inspeção e Integridade de Ativos",Manutenção e Plano de Manutenção,Média,0.86,"Uma equipe pretende usar um sistema especialista que segue RCM para recomendar manutenção de um conjunto de atuadores hidráulicos de válvulas de processo no FPSO. Para que as recomendações sejam contextualizadas ao cenário real, qual abordagem de entrada e configuração é mais adequada?",True,True,True,3,Fácil
ffde36b030-f0-d0-r7-q3,"Manutenção, Inspeção e Integridade de Ativos",Manutenção e Plano de Manutenção,Média,0.92,"Em inspeção de rotina, um SCE de barreira contra incêndio não cumpre o PS de integridade de vedação. A operação precisa seguir por poucas horas até a próxima janela de manutenção. Qual procedimento é adequado para manter o risco sob controle?",True,True,True,3,Fácil
ffde36b030-f0-d0-r7-q4,"Manutenção, Inspeção e Integridade de Ativos",Manutenção e Plano de Manutenção,Média,0.88,"Após um quase-incidente de alívio de pressão, a equipe inicia a revisão do safety case e do bow tie do cenário. Para robustecer o programa de manutenção e integridade, qual medida integrada é mais indicada?",True,True,True,3,Fácil
ffde36b030-f0-d0-r8-q3,"Manutenção, Inspeção e Integridade de Ativos",Manutenção e Plano de Manutenção,Média,0.88,Uma equipe está implantando um sistema especialista para apoiar decisões de manutenção em um circuito hidráulico de atuação de válvulas de processo. Busca-se que as recomendações reflitam as condições operacionais e a configuração real do sistema. Qual configuração de uso é mais coerente com uma abordagem baseada em RCM?,True,True,True,3,Fácil
ffde36b030-f0-d0-r8-q4,"Manutenção, Inspeção e Integridade de Ativos",Manutenção e Plano de Manutenção,Média,0.92,"Na priorização do backlog de manutenção de um FPSO, incluem-se: sistema ESD (SCE) com teste pendente, bombas de incêndio (SCE) com anomalia de desempenho, monitoramento da descarga de água produzida instável e selos de bomba de carga com desgaste. Considerando criticidade em segurança, meio ambiente, produção e custo, qual decisão está mais alinhada às boas práticas?",True,True,True,3,Fácil
ffde36b030-f0-d0-r8-q5,"Manutenção, Inspeção e Integridade de Ativos",Manutenção e Plano de Manutenção,Média,0.92,"Um SCE de detecção de gás está abaixo do padrão de performance (PS) em uma área, mas a unidade precisa manter atividades essenciais com risco controlado. Qual arranjo de mitigação e governança é mais adequado?",True,True,True,3,Fácil
ffde36b030-f0-d0-r9-q1,"Manutenção, Inspeção e Integridade de Ativos",Manutenção e Plano de Manutenção,Média,0.94,"Em um FMECA recente, foram identificados três modos: (1) falha da válvula de alívio do gás de alta (impacto em segurança), (2) degradação da medição fiscal (impacto em custo/conformidade) e (3) vibração em ventilador de acomodação (impacto operacional limitado). Para converter isso em plano de manutenção, qual abordagem melhor reflete a integração FMECA–RCM?",True,True,True,3,Fácil
ffde36b030-f0-d0-r9-q3,"Manutenção, Inspeção e Integridade de Ativos",Manutenção e Plano de Manutenção,Média,0.91,"Após um quase-incidente no blowdown que evidenciou falhas em barreiras preventivas e mitigadoras, qual ação alinha o programa de manutenção às lições aprendidas, integrando safety case, bow tie e PS de SCE?",True,True,True,3,Fácil
ffde36b030-f0-d0-r9-q4,"Manutenção, Inspeção e Integridade de Ativos",Manutenção e Plano de Manutenção,Média,0.89,Uma equipe considera empregar um sistema especialista de apoio à decisão de manutenção em um subsistema hidráulico crítico que opera em dois modos distintos. Como essa ferramenta deve ser utilizada para maximizar a aderência à filosofia RCM?,True,True,True,3,Fácil
ffde36b030-f0-d0-r10-q0,"Manutenção, Inspeção e Integridade de Ativos",Manutenção e Plano de Manutenção,Média,0.92,"Em um FPSO, a equipe revisa o plano de manutenção das bombas de água do mar e do sistema de ESD, com recursos limitados e múltiplos modos operacionais (produção plena, manutenção, alívio). Há históricos diferentes de falhas e alguns componentes são Elementos Críticos de Segurança (SCE) com Padrões de Performance (PS) definidos. Para maximizar segurança e disponibilidade, qual abordagem de alocação de tarefas é mais apropriada?",True,True,True,3,Fácil
ffde36b030-f0-d0-r10-q1,"Manutenção, Inspeção e Integridade de Ativos",Manutenção e Plano de Manutenção,Média,0.92,"Durante teste funcional, uma bomba diesel do sistema de combate a incêndio (SCE) não atende ao PS de tempo de partida. A unidade precisa continuar operando enquanto a falha é tratada. Qual conduta está mais alinhada às boas práticas de integridade e governança técnica?",False,True,True,2,Média
ffde36b030-f0-d0-r10-q2,"Manutenção, Inspeção e Integridade de Ativos",Manutenção e Plano de Manutenção,Média,0.9,"Após um quase-evento de sobrepressurização, a direção busca fortalecer o acompanhamento de barreiras preventivas e mitigadoras e orientar prioridades de manutenção. Qual conjunto de práticas é mais alinhado a uma abordagem integrada de gestão de risco e integridade?",True,True,True,3,Fácil
ffde36b030-f0-d0-r10-q3,"Manutenção, Inspeção e Integridade de Ativos",Manutenção e Plano de Manutenção,Média,0.91,"Em uma análise de criticidade alinhada à RCM, dois ativos com taxas de falha semelhantes são avaliados: uma válvula de alívio de emergência classificada como SCE com PS definido e um trocador de utilidades sem impacto crítico em segurança. Como direcionar os recursos de manutenção?",True,True,True,3,Fácil
ffde36b030-f0-d0-r10-q5,"Manutenção, Inspeção e Integridade de Ativos",Manutenção e Plano de Manutenção,Média,0.92,"O monitoramento por condição mostra degradação em um atuador de válvula de isolamento classificado como SCE. O elemento ainda cumpre o PS, porém a tendência indica desvio provável antes da próxima janela preventiva. Qual decisão melhor alinha manutenção e gestão de risco?",False,False,True,1,Difícil
ffde36b030-f0-d0-r11-q0,"Manutenção, Inspeção e Integridade de Ativos",Manutenção e Plano de Manutenção,Fácil,0.96,"Em um FPSO, o gerente de manutenção precisa revisar o plano de bombas, válvulas e instrumentos com equipe reduzida. Como esses ativos têm criticidades distintas para a segurança e a produção, qual orientação melhor se alinha à Manutenção Centrada na Confiabilidade?",True,True,True,3,Fácil
ffde36b030-f0-d0-r11-q1,"Manutenção, Inspeção e Integridade de Ativos",Manutenção e Plano de Manutenção,Média,0.92,"Uma equipe utiliza um sistema de apoio à decisão para recomendar intervenções em um sistema hidráulico de controle de uma unidade offshore. Ao mudar o arranjo do circuito e o regime de operação, o sistema passa a indicar ações distintas para o mesmo componente. Qual interpretação é mais adequada?",True,True,True,3,Fácil
ffde36b030-f0-d0-r11-q2,"Manutenção, Inspeção e Integridade de Ativos",Manutenção e Plano de Manutenção,Fácil,0.91,"Após revisar o plano de contingência de um FPSO, a equipe quer usar FMEA/FMECA para reordenar inspeções de válvulas, transmissores e atuadores associados a barreiras de processo. Qual uso é mais consistente com essa ferramenta?",True,True,True,3,Fácil
ffde36b030-f0-d0-r11-q3,"Manutenção, Inspeção e Integridade de Ativos",Manutenção e Plano de Manutenção,Média,0.95,"Durante a operação, uma bomba de um sistema de combate a incêndio classificado como SCE falha em atender ao Performance Standard em teste funcional. A produção permanece estável, e a operação pretende manter a unidade em funcionamento até a próxima janela de intervenção. Qual encaminhamento é mais compatível com a governança de integridade?",True,False,True,2,Média
ffde36b030-f0-d0-r11-q4,"Manutenção, Inspeção e Integridade de Ativos",Manutenção e Plano de Manutenção,Média,0.95,"Após a instalação de um bypass em uma linha de processo e um ajuste relevante na lógica de controle, a gerência quer incorporar a mudança ao plano de manutenção da unidade. Qual abordagem tende a ser mais robusta?",True,True,True,3,Fácil
ffde36b030-f0-d0-r11-q5,"Manutenção, Inspeção e Integridade de Ativos",Manutenção e Plano de Manutenção,Fácil,0.95,"Em uma campanha de redução de backlog em um FPSO, há pressão para priorizar serviços pelo menor tempo de execução. O engenheiro de integridade propõe primeiro classificar sistemas, equipamentos e elementos críticos. Qual critério de hierarquização tende a produzir um plano mais aderente à gestão de integridade?",True,True,True,3,Fácil
ffde36b030-f0-d0-r12-q0,"Manutenção, Inspeção e Integridade de Ativos",Manutenção e Plano de Manutenção,Média,0.95,"Em um FPSO, a equipe de manutenção precisa revisar o plano anual porque há restrição de recursos e crescimento de backlog. Alguns equipamentos têm impacto direto na segurança de processo, outros afetam sobretudo a disponibilidade de produção e outros têm baixa consequência operacional. Qual decisão traduz melhor uma filosofia de Manutenção Centrada na Confiabilidade para redistribuir as tarefas?",True,True,True,3,Fácil
ffde36b030-f0-d0-r12-q1,"Manutenção, Inspeção e Integridade de Ativos",Manutenção e Plano de Manutenção,Média,0.93,"Após falhas recorrentes em um sistema de bombeamento auxiliar do FPSO, a gerência decide aplicar FMEA/FMECA para revisar o plano de manutenção e os procedimentos de contingência. Qual uso dessa ferramenta melhor atende esse objetivo?",True,True,True,3,Fácil
ffde36b030-f0-d0-r12-q2,"Manutenção, Inspeção e Integridade de Ativos",Manutenção e Plano de Manutenção,Difícil,0.87,"Em uma verificação operacional, um Safety Critical Element do arranjo de detecção e resposta a incêndio foi identificado abaixo do requisito de desempenho estabelecido. Existe possibilidade de seguir produzindo sob condicionantes, mas a origem da deficiência ainda não foi removida. Qual encaminhamento é mais aderente à governança de integridade?",True,True,True,3,Fácil
ffde36b030-f0-d0-r12-q3,"Manutenção, Inspeção e Integridade de Ativos",Manutenção e Plano de Manutenção,Média,0.93,"Após um quase-acidente envolvendo perda de contenção, a investigação mostrou que as barreiras estavam descritas no safety case, mas parte da equipe não conseguia relacioná-las com as rotinas de inspeção e manutenção. Qual ação tende a melhorar mais a ligação entre gestão de risco e plano de manutenção?",True,True,True,3,Fácil
ffde36b030-f0-d0-r12-q4,"Manutenção, Inspeção e Integridade de Ativos",Manutenção e Plano de Manutenção,Média,0.95,"Em uma revisão de criticidade de um FPSO, três grupos disputam a mesma janela de intervenção: (I) um elemento crítico de segurança cuja perda reduz uma barreira contra grande acidente, com pouco efeito imediato na produção; (II) um trem de processo cuja falha interrompe a produção, mas sem função primária de barreira; (III) um equipamento utilitário com baixo impacto em segurança e produção, porém alto custo de reparo. Se o objetivo é hierarquizar o plano considerando segurança, meio ambiente, produção e custo, qual critério é mais defensável?",True,True,True,3,Fácil
ffde36b030-f0-d0-r12-q5,"Manutenção, Inspeção e Integridade de Ativos",Manutenção e Plano de Manutenção,Média,0.94,"Ao testar um sistema especialista para recomendar intervenções de manutenção em um subsistema hidráulico do FPSO, um engenheiro verificou que regras genéricas por tipo de componente não distinguiam adequadamente diferentes arranjos de bombeamento, circuitos de atuação e regimes operacionais. À luz da RCM, qual conclusão é mais apropriada?",True,True,True,3,Fácil
ffde36b030-f0-d0-r13-q0,"Manutenção, Inspeção e Integridade de Ativos",Manutenção e Plano de Manutenção,Média,0.95,"Em um FPSO, a equipe de manutenção precisa revisar o plano de intervenções porque o mesmo intervalo fixo vem sendo aplicado tanto a um instrumento redundante de baixo impacto quanto a um componente cuja falha degrada uma barreira de segurança. Com recursos limitados, qual diretriz é mais consistente para redefinir a filosofia de manutenção?",True,True,True,3,Fácil
ffde36b030-f0-d0-r13-q2,"Manutenção, Inspeção e Integridade de Ativos",Manutenção e Plano de Manutenção,Média,0.94,"Após um quase incidente envolvendo perda de atuação de uma válvula em um sistema do FPSO, a equipe quer revisar o plano de manutenção e também fortalecer o plano de contingência. Qual uso de FMEA/FMECA agrega mais valor nesse contexto?",True,True,True,3,Fácil
ffde36b030-f0-d0-r13-q3,"Manutenção, Inspeção e Integridade de Ativos",Manutenção e Plano de Manutenção,Média,0.94,"Durante uma campanha no FPSO, um detector de gás classificado como elemento crítico de segurança falha no teste funcional e não atende ao Performance Standard definido. Há pressão para manter a operação até a próxima janela de manutenção, com rondas adicionais e monitoramento reforçado. Qual decisão está mais alinhada à governança de integridade?",True,True,True,3,Fácil
ffde36b030-f0-d0-r13-q4,"Manutenção, Inspeção e Integridade de Ativos",Manutenção e Plano de Manutenção,Fácil,0.91,"Na triagem de backlog de um FPSO, quatro pendências disputam recursos: degradação de uma válvula de deluge pertencente a uma barreira de segurança, desgaste em uma bomba de exportação com potencial de perda de produção, corrosão em uma linha de dreno oleoso com possibilidade de vazamento localizado e falha em um equipamento auxiliar de impacto predominantemente econômico. Em uma análise de criticidade para ordenar o tratamento, qual sequência é a mais coerente?",True,False,True,2,Média
ffde36b030-f0-d0-r13-q5,"Manutenção, Inspeção e Integridade de Ativos",Manutenção e Plano de Manutenção,Difícil,0.96,"Em um FPSO, foi instalado um bypass temporário e alterada a lógica de um controlador para manter a produção após repetidas intervenções em um sistema de processo. A equipe quer limitar a resposta à revisão do plano preventivo do equipamento afetado. Qual abordagem é mais adequada para preservar a integridade e a coerência do programa de manutenção?",True,True,True,3,Fácil
ffde36b030-f0-d0-r14-q1,"Manutenção, Inspeção e Integridade de Ativos",Manutenção e Plano de Manutenção,Fácil,0.94,"Durante a revisão do plano anual de manutenção de um FPSO, a gerência identifica backlog elevado e equipes limitadas. Há equipamentos com impacto muito diferente sobre segurança e continuidade da produção. Qual critério traduz melhor a justificativa de adotar MCC/RCM na alocação das tarefas?",True,True,True,3,Fácil
ffde36b030-f0-d0-r14-q2,"Manutenção, Inspeção e Integridade de Ativos",Manutenção e Plano de Manutenção,Média,0.8,"Uma equipe pretende implantar em um FPSO um sistema de apoio à decisão para um subsistema hidráulico, de modo que a recomendação de manutenção mude conforme a configuração disponível e o modo de operação. Se a lógica adotada for alinhada à RCM, qual conjunto de informações tende a tornar a recomendação mais contextualizada?",True,True,True,3,Fácil
ffde36b030-f0-d0-r14-q3,"Manutenção, Inspeção e Integridade de Ativos",Manutenção e Plano de Manutenção,Média,0.93,"Após recorrência de falhas intermitentes em válvulas de controle e instrumentação associada, a equipe de integridade precisa revisar o plano de inspeção de um FPSO e também atualizar ações de contingência. Qual uso de FMEA/FMECA contribui mais para esse objetivo?",True,True,True,3,Fácil
ffde36b030-f0-d0-r14-q4,"Manutenção, Inspeção e Integridade de Ativos",Manutenção e Plano de Manutenção,Difícil,0.89,"Em um FPSO, um detector de gás classificado como elemento crítico de segurança deixa de atender temporariamente ao Performance Standard após teste funcional. A produção pode ser mantida, mas com exposição diferente em áreas adjacentes. Qual resposta de governança está mais alinhada à gestão de integridade descrita?",True,True,True,3,Fácil
ffde36b030-f0-d0-r14-q5,"Manutenção, Inspeção e Integridade de Ativos",Manutenção e Plano de Manutenção,Média,0.95,"A liderança de um FPSO quer reordenar o backlog de manutenção de barreiras e sistemas auxiliares usando informações de safety case e bow tie. Há itens com baixo custo de reparo, outros com maior perda potencial de produção e alguns ligados diretamente a barreiras de prevenção e mitigação. Qual regra de priorização é mais consistente com a integração entre manutenção, integridade e gestão de risco?",True,True,True,3,Fácil
ffde36b030-f0-d0-r15-q0,"Manutenção, Inspeção e Integridade de Ativos",Manutenção e Plano de Manutenção,Fácil,0.96,"Em um FPSO, revisa-se a política de manutenção de uma unidade hidráulica em que alguns itens são relevantes para barreiras de segurança, outros afetam a continuidade operacional e outros admitem operação até a falha com baixa consequência. A gerência busca um critério que atribua inspeções por condição, intervenções programadas e atuação após falha segundo a consequência funcional de cada componente. Qual filosofia atende melhor a essa necessidade?",True,False,False,1,Difícil
ffde36b030-f0-d0-r15-q1,"Manutenção, Inspeção e Integridade de Ativos",Manutenção e Plano de Manutenção,Média,0.94,"Após uma sequência de falhas intermitentes em válvulas atuadas de um sistema de utilidades de um FPSO, a equipe percebe que as ordens de serviço tratam sintomas, mas não conectam modos de falha, efeitos operacionais e resposta de contingência. Qual uso de ferramenta tende a melhorar mais diretamente a qualidade do plano de manutenção?",True,True,True,3,Fácil
ffde36b030-f0-d0-r15-q2,"Manutenção, Inspeção e Integridade de Ativos",Manutenção e Plano de Manutenção,Média,0.89,"Em um teste funcional, um elemento crítico de segurança do sistema de combate a incêndio de um FPSO apresenta resultado abaixo do Performance Standard. Embora a unidade possa operar com restrições, a barreira mitigadora está degradada. Qual tratamento é mais aderente à governança de integridade?",False,False,True,1,Difícil
ffde36b030-f0-d0-r15-q4,"Manutenção, Inspeção e Integridade de Ativos",Manutenção e Plano de Manutenção,Média,0.89,"Uma equipe pretende digitalizar recomendações de manutenção para um sistema hidráulico crítico de um FPSO. Ela discute se o algoritmo deve emitir a mesma orientação para um componente independentemente da configuração da planta ou do modo operacional. Pela lógica de uma aplicação alinhada à RCM, qual desenho é mais adequado?",True,True,True,3,Fácil
ffde36b030-f0-d0-r15-q5,"Manutenção, Inspeção e Integridade de Ativos",Manutenção e Plano de Manutenção,Média,0.95,"No planejamento semanal de manutenção de um FPSO, surgem três pendências: (1) um damper de ventilação com perda de curso; (2) uma bomba de processo com vibração crescente, ainda dentro do limite operacional; (3) um elemento crítico de segurança com teste funcional reprovado em relação ao seu Performance Standard. A janela de recursos é limitada. Qual priorização está mais alinhada a uma abordagem RCM integrada à gestão de integridade?",True,True,True,3,Fácil
ffde36b030-f0-d0-r16-q0,"Manutenção, Inspeção e Integridade de Ativos",Manutenção e Plano de Manutenção,Média,0.95,"Na revisão do plano anual de manutenção de um FPSO, a equipe percebe que aplica a mesma periodicidade preventiva a bombas de utilidades, válvulas de shutdown e instrumentos de baixo impacto operacional. Como os recursos de parada são limitados, qual ajuste de filosofia é mais consistente com boa prática de manutenção?",True,True,False,2,Média
ffde36b030-f0-d0-r16-q1,"Manutenção, Inspeção e Integridade de Ativos",Manutenção e Plano de Manutenção,Média,0.9,Uma equipe deseja implantar em um FPSO um sistema especialista para recomendar intervenções em um skid hidráulico que opera com diferentes arranjos de bombeamento e atuação conforme o modo da planta. Qual lógica de recomendação mais se alinha à aplicação prática de RCM?,True,True,False,2,Média
ffde36b030-f0-d0-r16-q2,"Manutenção, Inspeção e Integridade de Ativos",Manutenção e Plano de Manutenção,Média,0.95,"Após uma revisão de risco de processo, foram identificadas falhas recorrentes em atuadores de válvulas que participam de barreiras de mitigação. A engenharia quer usar FMEA/FMECA para revisar o plano de manutenção. Qual uso é mais adequado?",True,True,True,3,Fácil
ffde36b030-f0-d0-r16-q3,"Manutenção, Inspeção e Integridade de Ativos",Manutenção e Plano de Manutenção,Média,0.92,"Durante um teste funcional em um FPSO, uma válvula de shutdown classificada como SCE não atende ao Performance Standard de tempo de fechamento. A produção ainda pode ser mantida, mas o reparo definitivo exige mobilização externa. Qual encaminhamento é mais consistente com a governança de integridade?",True,True,True,3,Fácil
ffde36b030-f0-d0-r16-q4,"Manutenção, Inspeção e Integridade de Ativos",Manutenção e Plano de Manutenção,Média,0.91,"Em um programa de integridade de barreiras de um FPSO, discute-se se o plano de manutenção dos SCE deve ser gerido à parte do safety case, sob o argumento de que a manutenção já acompanha indicadores próprios. Qual posicionamento técnico é mais consistente?",False,True,True,2,Média
ffde36b030-f0-d0-r16-q5,"Manutenção, Inspeção e Integridade de Ativos",Manutenção e Plano de Manutenção,Difícil,0.94,"Em um FPSO, a janela de manutenção permite apenas uma intervenção. Há uma bomba de utilidades com degradação progressiva, mas redundante e com impacto principal na disponibilidade, e um detector de gás classificado como SCE que segue operável, porém fora de um parâmetro do seu Performance Standard. À luz de RCM integrada à gestão de integridade, qual priorização é a mais adequada?",False,True,False,1,Difícil
ffde36b030-f0-d0-r17-q0,"Manutenção, Inspeção e Integridade de Ativos",Manutenção e Plano de Manutenção,Média,0.95,"Um FPSO entrou em campanha de redução de backlog de manutenção, mas a equipe não pode ampliar a quantidade total de horas de intervenção no mês. A gerência quer rever a filosofia do plano para reduzir risco operacional sem simplesmente antecipar todas as atividades. Qual decisão traduz melhor uma abordagem centrada em confiabilidade?",True,True,True,3,Fácil
ffde36b030-f0-d0-r17-q2,"Manutenção, Inspeção e Integridade de Ativos",Manutenção e Plano de Manutenção,Difícil,0.84,"Em um ensaio de verificação, um elemento crítico de segurança (SCE) de um FPSO fica abaixo da condição de desempenho exigida. Há pressão para seguir operando até a próxima janela de intervenção. Qual conduta melhor reflete a governança técnica esperada?",True,True,True,3,Fácil
ffde36b030-f0-d0-r17-q3,"Manutenção, Inspeção e Integridade de Ativos",Manutenção e Plano de Manutenção,Difícil,0.9,"Na revisão mensal do backlog de manutenção de um FPSO, a gerência busca um critério de priorização que mantenha a rastreabilidade entre manutenção, integridade e risco de processo, em vez de considerar apenas atraso ou custo. Qual abordagem tende a ser mais robusta?",True,True,True,3,Fácil
ffde36b030-f0-d0-r18-q0,"Manutenção, Inspeção e Integridade de Ativos",Manutenção e Plano de Manutenção,Média,0.95,"Em um FPSO, a equipe de manutenção revisa o plano de válvulas, bombas e detectores. Alguns itens apresentam baixa taxa de falha, mas consequências severas para segurança e indisponibilidade; outros falham com mais frequência, porém com efeito operacional limitado. Qual diretriz melhor justifica adotar MCC/RCM como filosofia principal desse plano?",True,True,True,3,Fácil
ffde36b030-f0-d0-r18-q1,"Manutenção, Inspeção e Integridade de Ativos",Manutenção e Plano de Manutenção,Média,0.9,"Um engenheiro pretende empregar um sistema especialista aderente à RCM para indicar intervenções em um circuito hidráulico de um sistema auxiliar do FPSO. Antes de emitir a recomendação, o sistema pede a escolha do circuito, do circuito de bombeamento, do circuito de atuação e do modo de operação dos componentes. Qual é a melhor explicação para essa exigência?",True,True,True,3,Fácil
ffde36b030-f0-d0-r18-q2,"Manutenção, Inspeção e Integridade de Ativos",Manutenção e Plano de Manutenção,Média,0.94,"Após falhas recorrentes em um skid de tratamento, a gerência quer usar FMEA/FMECA para revisar o plano de manutenção e os procedimentos de contingência. Qual uso dessas ferramentas é mais aderente ao objetivo?",True,True,True,3,Fácil
ffde36b030-f0-d0-r18-q4,"Manutenção, Inspeção e Integridade de Ativos",Manutenção e Plano de Manutenção,Média,0.94,"Em um FPSO, foi proposta uma modificação relevante na lógica de controle de processo, com instalação de um bypass temporário que tende a permanecer em serviço por meses. A equipe discute como incorporar a mudança ao plano de manutenção e à gestão de integridade. Qual abordagem é mais consistente com as práticas descritas?",True,True,True,3,Fácil
ffde36b030-f0-d0-r18-q5,"Manutenção, Inspeção e Integridade de Ativos",Manutenção e Plano de Manutenção,Difícil,0.91,"Uma parada curta de manutenção em um FPSO permite executar apenas duas intervenções entre quatro pendências: (1) recalibrar um detector associado a um SCE que está abaixo do PS; (2) substituir um selo de bomba de utilidade com histórico frequente de vazamentos pequenos e sem impacto relevante na segurança; (3) revisar um trocador que reduz a eficiência do processo, mas continua operando dentro dos limites; (4) corrigir uma falha intermitente em instrumento redundante cuja perda isolada não compromete a função de barreira. Considerando RCM, criticidade e governança de integridade, qual priorização é mais defensável?",False,True,True,2,Média
ffde36b030-f0-d0-r19-q0,"Manutenção, Inspeção e Integridade de Ativos",Manutenção e Plano de Manutenção,Fácil,0.96,"Em um FPSO com acúmulo de ordens de manutenção, a gerência quer redirecionar o plano para aplicar recursos onde o impacto sobre segurança, disponibilidade e desempenho é mais relevante. Qual abordagem melhor atende a esse objetivo?",True,True,True,3,Fácil
ffde36b030-f0-d0-r19-q2,"Manutenção, Inspeção e Integridade de Ativos",Manutenção e Plano de Manutenção,Média,0.95,"Após falhas recorrentes em um conjunto de bombeamento que afetam a estabilidade da produção, a equipe precisa revisar o plano de manutenção e o plano de contingência. Qual uso de FMEA/FMECA tende a gerar a melhor base para essa revisão?",True,True,True,3,Fácil
ffde36b030-f0-d0-r19-q3,"Manutenção, Inspeção e Integridade de Ativos",Manutenção e Plano de Manutenção,Média,0.92,"Durante teste funcional em operação, uma válvula de shutdown classificada como SCE não atende ao padrão de performance definido. A produção pode ser mantida por algumas horas com medidas compensatórias, mas a barreira não está plenamente restabelecida. Qual encaminhamento é mais consistente com a governança de integridade?",True,False,True,2,Média
ffde36b030-f0-d0-r19-q5,"Manutenção, Inspeção e Integridade de Ativos",Manutenção e Plano de Manutenção,Média,0.96,"Na revisão anual do plano de manutenção de um FPSO, dois sistemas disputam recursos. O Sistema X apresenta falhas frequentes e reduz produção quando para, mas não compõe barreira principal de segurança. O Sistema Y falha raramente, porém seu mau desempenho compromete um SCE com padrão de performance definido. Segundo uma lógica alinhada à RCM e à gestão de integridade, como a priorização deve ser conduzida?",True,False,True,2,Média
ffde36b030-f0-d0-r20-q0,"Manutenção, Inspeção e Integridade de Ativos",Manutenção e Plano de Manutenção,Média,0.97,"Em um FPSO com aumento do backlog de manutenção, observa-se que componentes pertencentes ao mesmo sistema não têm a mesma criticidade: alguns comprometem barreiras de segurança, outros afetam a disponibilidade da planta e outros geram apenas perda operacional limitada. Qual diretriz para o plano de manutenção melhor responde a esse quadro?",True,True,True,3,Fácil
ffde36b030-f0-d0-r20-q1,"Manutenção, Inspeção e Integridade de Ativos",Manutenção e Plano de Manutenção,Média,0.89,"Na concepção de uma ferramenta digital para apoiar decisões de manutenção de um sistema hidráulico em um FPSO, pretende-se que as recomendações variem conforme a arquitetura do conjunto e a condição operacional em uso. Qual conjunto de entradas representa melhor uma aplicação alinhada à filosofia RCM?",True,True,True,3,Fácil
ffde36b030-f0-d0-r20-q2,"Manutenção, Inspeção e Integridade de Ativos",Manutenção e Plano de Manutenção,Média,0.95,"Na revisão do plano de manutenção de um sistema de compressão, após recorrência de falhas intermitentes em instrumentos e atuadores, a engenharia decide empregar FMEA/FMECA. Em qual aplicação esse estudo tende a trazer maior benefício para manutenção e integridade?",True,True,True,3,Fácil
ffde36b030-f0-d0-r20-q3,"Manutenção, Inspeção e Integridade de Ativos",Manutenção e Plano de Manutenção,Média,0.9,"Em teste funcional, um elemento crítico de segurança de um FPSO não atende ao seu Performance Standard. A unidade avalia manter a operação até a próxima janela de parada, alegando que o risco pode ser acompanhado por inspeções adicionais. Qual encaminhamento está mais alinhado à governança de integridade?",True,True,True,3,Fácil
ffde36b030-f0-d0-r20-q4,"Manutenção, Inspeção e Integridade de Ativos",Manutenção e Plano de Manutenção,Difícil,0.97,"Após um quase-acidente com liberação de gás, o FPSO revisa o plano de manutenção de detectores, válvulas de isolamento e lógica de parada para priorizar intervenções e reduzir o risco de forma sistemática. Qual abordagem é mais consistente?",True,True,True,3,Fácil
ffde36b030-f0-d0-r20-q5,"Manutenção, Inspeção e Integridade de Ativos",Manutenção e Plano de Manutenção,Média,0.97,"Em uma unidade em operação, haverá uma alteração relevante na lógica de controle de processo e a instalação de um bypass temporário capaz de mudar a forma de operar certos equipamentos. Antes de reemitir o plano de manutenção, qual sequência de ações é mais adequada?",True,True,True,3,Fácil
80d9d9002a-f0-d0-r1-q0,Produção e Processo (Medição Fiscal e Sistema de Alívio),"Medição Fiscal de óleo, medição fiscal de gás e transferência de custódia em operações de offloading",Média,0.89,"Durante o redesenho do arranjo físico do offloading de um FPSO, a equipe identificou desgaste acelerado do mangote e dificuldades de desconexão em mar agitado, além de variações na medição atribuídas a estratificação do escoamento. Qual configuração de projeto atende, ao mesmo tempo, às necessidades de integridade mecânica do sistema e de qualidade metrológica da medição fiscal?",True,True,True,3,Fácil
80d9d9002a-f0-d0-r1-q1,Produção e Processo (Medição Fiscal e Sistema de Alívio),"Medição Fiscal de óleo, medição fiscal de gás e transferência de custódia em operações de offloading",Média,0.84,"Num sistema de medição fiscal de óleo em offloading, há relatos de água dispersa intermitente devido a separação gravitacional parcial na linha. Considerando a necessidade de indicação volumétrica para transferência de custódia e a sensibilidade de medidores a escoamentos multifásicos, qual escolha técnica é mais adequada?",True,True,True,3,Fácil
80d9d9002a-f0-d0-r1-q2,Produção e Processo (Medição Fiscal e Sistema de Alívio),"Medição Fiscal de óleo, medição fiscal de gás e transferência de custódia em operações de offloading",Média,0.86,"Em uma linha de offloading de gás, existem válvulas e curvas próximas à seção de medição e possibilidade de arraste intermitente de líquidos. Para garantir perfil de velocidade mais uniforme e compatibilização mecânica com a linha e o mangote/NSV, qual solução de arranjo é mais adequada?",True,False,True,2,Média
80d9d9002a-f0-d0-r1-q4,Produção e Processo (Medição Fiscal e Sistema de Alívio),"Medição Fiscal de óleo, medição fiscal de gás e transferência de custódia em operações de offloading",Média,0.87,"Em uma avaliação de compatibilização mecânica e hidrodinâmica, o time de engenharia identificou que esforços do mangote estavam sendo transmitidos à seção de medição, com potencial de alterar a geometria do trecho e a estabilidade do perfil. Qual solução de arranjo físico atende aos requisitos de integridade e medição?",True,True,True,3,Fácil
80d9d9002a-f0-d0-r2-q0,Produção e Processo (Medição Fiscal e Sistema de Alívio),"Medição Fiscal de óleo, medição fiscal de gás e transferência de custódia em operações de offloading",Média,0.91,"Durante o projeto de um skid de medição fiscal para offloading de óleo em um FPSO, a equipe precisa definir o posicionamento do medidor em relação ao mangote e aos trechos da linha sujeitos a movimentação e a mudanças de perfil de escoamento. Considerando a necessidade de condições representativas e a redução de erros por estratificação, qual decisão de arranjo é mais adequada?",True,True,True,3,Fácil
80d9d9002a-f0-d0-r2-q1,Produção e Processo (Medição Fiscal e Sistema de Alívio),"Medição Fiscal de óleo, medição fiscal de gás e transferência de custódia em operações de offloading",Média,0.87,"Em comissionamento do offloading observou-se estratificação a baixas vazões, com água no fundo da linha; em vazões maiores esse efeito diminui. Para reduzir a incerteza fiscal no trecho de transferência, qual abordagem de projeto e operação é mais adequada?",True,True,True,3,Fácil
80d9d9002a-f0-d0-r2-q2,Produção e Processo (Medição Fiscal e Sistema de Alívio),"Medição Fiscal de óleo, medição fiscal de gás e transferência de custódia em operações de offloading",Média,0.92,"Em uma linha de gás de offloading, um medidor ultrassônico de custódia foi montado imediatamente após uma curva. No comissionamento observaram-se perfil de velocidades distorcido, altos gradientes e leituras que variam com pequenas mudanças de posição do navio. Considerando critérios de perfil estável e condicionamento do escoamento, qual intervenção é mais indicada?",False,True,True,2,Média
80d9d9002a-f0-d0-r2-q3,Produção e Processo (Medição Fiscal e Sistema de Alívio),"Medição Fiscal de óleo, medição fiscal de gás e transferência de custódia em operações de offloading",Média,0.82,"Em uma reavaliação da interface FPSO–navio aliviador, foram identificados riscos de desconexão difícil em emergência e desgaste do mangote por dobras. Considerando a compatibilização mecânica entre medidor, acoplamento e válvulas de interface, qual solução melhor atende aos requisitos?",True,True,True,3,Fácil
80d9d9002a-f0-d0-r2-q4,Produção e Processo (Medição Fiscal e Sistema de Alívio),"Medição Fiscal de óleo, medição fiscal de gás e transferência de custódia em operações de offloading",Média,0.87,"Após offloadings recentes, o navio aliviador reportou alta fração de água recebida. Simulações indicam acúmulo de água na parte inferior da linha em baixas vazões; incrementos de vazão reduzem essa estratificação, embora aumentem o conteúdo instantâneo. Para preservar a integridade metrológica e a qualidade fiscal, qual estratégia é mais adequada?",True,True,True,3,Fácil
80d9d9002a-f0-d0-r2-q5,Produção e Processo (Medição Fiscal e Sistema de Alívio),"Medição Fiscal de óleo, medição fiscal de gás e transferência de custódia em operações de offloading",Média,0.94,"A equipe de integridade precisa definir um programa de inspeção da linha de transferência usada no offloading fiscal, visando manter a confiabilidade metrológica e a segurança da transferência de custódia. O escopo inclui identificar perda de metal por corrosão, localizar amassamentos e mapear a espessura de parede em 360° ao longo do duto. Qual estratégia é mais adequada?",True,True,True,3,Fácil
80d9d9002a-f0-d0-r7-q0,Produção e Processo (Medição Fiscal e Sistema de Alívio),"Medição Fiscal de óleo, medição fiscal de gás e transferência de custódia em operações de offloading",Difícil,0.89,"Em um FPSO, a equipe observa desgaste acelerado do mangote de offloading e dificuldade de desconexão em emergência quando o navio aliviador precisa manobrar sob mar agitado. Além disso, a seção de medição fiscal próxima ao mangote tem variações por possíveis dobras e instabilidades do escoamento. Qual alteração de projeto melhor endereça simultaneamente a integridade do mangote e a confiabilidade metrológica?",True,True,True,3,Fácil
80d9d9002a-f0-d0-r7-q1,Produção e Processo (Medição Fiscal e Sistema de Alívio),"Medição Fiscal de óleo, medição fiscal de gás e transferência de custódia em operações de offloading",Média,0.88,"Durante o offloading de óleo viscoso, com variação de água e ocasional arraste de gás, há poucos trechos retos e risco de estratificação em partes da linha. Para medição fiscal em transferência de custódia, qual arranjo é mais adequado?",True,False,True,2,Média
80d9d9002a-f0-d0-r7-q2,Produção e Processo (Medição Fiscal e Sistema de Alívio),"Medição Fiscal de óleo, medição fiscal de gás e transferência de custódia em operações de offloading",Média,0.85,"Um módulo de exportação de gás em uma unidade de produção apresenta uma curva imediatamente a montante do skid de medição e espaço restrito para trechos retos, com possibilidade de formação de filme de condensado em trechos inclinados. Visando a transferência de custódia, qual solução de medição e instalação tende a preservar melhor a integridade metrológica?",False,True,True,2,Média
80d9d9002a-f0-d0-r7-q3,Produção e Processo (Medição Fiscal e Sistema de Alívio),"Medição Fiscal de óleo, medição fiscal de gás e transferência de custódia em operações de offloading",Média,0.85,"Após eventos de desconexão em emergência, verificou-se que o movimento do mangote transmite esforços ao trecho medido, alterando a geometria local e impactando a medição fiscal. Qual reconfiguração reduz o risco mecânico e preserva a integridade metrológica?",True,False,True,2,Média
80d9d9002a-f0-d0-r7-q4,Produção e Processo (Medição Fiscal e Sistema de Alívio),"Medição Fiscal de óleo, medição fiscal de gás e transferência de custódia em operações de offloading",Média,0.81,"Em um campo com relatos de alta fração de água no início do carregamento do navio aliviador, simulações indicam tendência de concentração de água na parte inferior da linha de transferência em certas vazões. Considerando os requisitos de medição fiscal, qual medida que integra projeto e operação reduz o carreamento de água e aumenta a confiabilidade da transferência de custódia?",True,True,True,3,Fácil
80d9d9002a-f0-d0-r7-q5,Produção e Processo (Medição Fiscal e Sistema de Alívio),"Medição Fiscal de óleo, medição fiscal de gás e transferência de custódia em operações de offloading",Média,0.89,"Após anos de operação, observam-se deriva metrológica e aumento de perdas de carga no sistema de offloading, com trechos enterrados e de difícil acesso. Qual estratégia de manutenção e inspeção é mais adequada para sustentar a integridade da linha e a confiabilidade da medição fiscal?",True,True,True,3,Fácil
80d9d9002a-f0-d0-r8-q0,Produção e Processo (Medição Fiscal e Sistema de Alívio),"Medição Fiscal de óleo, medição fiscal de gás e transferência de custódia em operações de offloading",Média,0.88,"Durante o redesenho do trecho de medição fiscal no offloading de um FPSO, a equipe relatou dificuldades de desconexão em emergências e desgaste acelerado do mangote por dobras quando se utilizavam conexões flangeadas. Qual solução de arranjo físico melhor mitiga esses riscos sem comprometer a integridade metrológica do trecho medido?",False,True,True,2,Média
80d9d9002a-f0-d0-r8-q1,Produção e Processo (Medição Fiscal e Sistema de Alívio),"Medição Fiscal de óleo, medição fiscal de gás e transferência de custódia em operações de offloading",Média,0.87,"Em auditoria de medição fiscal de óleo durante offloading, observou-se viés associado à estratificação, com água concentrada na parte inferior da linha. Para reduzir esse efeito na indicação volumétrica, qual configuração de instalação é mais indicada?",True,False,True,2,Média
80d9d9002a-f0-d0-r8-q2,Produção e Processo (Medição Fiscal e Sistema de Alívio),"Medição Fiscal de óleo, medição fiscal de gás e transferência de custódia em operações de offloading",Média,0.81,Um FPSO executa offloading de óleo com viscosidade variável e ocorrência intermitente de bolhas de gás dispersas. Pretende-se manter transferência de custódia volumétrica dentro dos requisitos. Qual escolha de tecnologia e arranjo de instalação é mais adequada?,True,True,False,2,Média
80d9d9002a-f0-d0-r8-q3,Produção e Processo (Medição Fiscal e Sistema de Alívio),"Medição Fiscal de óleo, medição fiscal de gás e transferência de custódia em operações de offloading",Média,0.85,"No projeto de medição fiscal de gás em uma linha de offloading com dupla curva a montante e espaço limitado, há preocupação com uniformidade do perfil de velocidade e eventuais traços de líquido. Qual solução equilibra melhor os requisitos metrológicos e as restrições de implantação?",True,True,True,3,Fácil
80d9d9002a-f0-d0-r8-q4,Produção e Processo (Medição Fiscal e Sistema de Alívio),"Medição Fiscal de óleo, medição fiscal de gás e transferência de custódia em operações de offloading",Média,0.8,"Antes do início da medição fiscal no offloading, os procedimentos de deslocamento da linha precisam ser ajustados para reduzir a chegada de água ao navio aliviador e melhorar a representatividade do escoamento no trecho medido. Qual entendimento sobre o efeito da vazão de deslocamento orienta melhor o dimensionamento do trecho de medição e os critérios operacionais?",True,True,True,3,Fácil
80d9d9002a-f0-d0-r8-q5,Produção e Processo (Medição Fiscal e Sistema de Alívio),"Medição Fiscal de óleo, medição fiscal de gás e transferência de custódia em operações de offloading",Média,0.89,"Para assegurar a confiabilidade da medição fiscal ao longo do tempo, a integridade da linha de transferência deve ser verificada periodicamente. Considerando limitações de acesso e a necessidade de avaliar perda de material e espessura de parede, qual estratégia de inspeção é mais consistente com as boas práticas descritas?",False,False,False,0,Difícil
80d9d9002a-f0-d0-r10-q0,Produção e Processo (Medição Fiscal e Sistema de Alívio),"Medição Fiscal de óleo, medição fiscal de gás e transferência de custódia em operações de offloading",Média,0.87,"Durante uma revisão do arranjo de offloading de um FPSO após um quase-incidente em mar agitado, a equipe constatou desgaste acelerado do mangote por dobras e desvios na medição fiscal, especialmente quando o navio aliviador precisou manobrar. Qual modificação de arranjo deve ser priorizada para reduzir esforços mecânicos no mangote e preservar a integridade metrológica da seção medida?",True,True,True,3,Fácil
80d9d9002a-f0-d0-r10-q1,Produção e Processo (Medição Fiscal e Sistema de Alívio),"Medição Fiscal de óleo, medição fiscal de gás e transferência de custódia em operações de offloading",Média,0.85,"Em um offloading conduzido a baixa vazão por restrições logísticas, observou-se aumento de água entregue ao navio aliviador e flutuação no volume fiscal. Considerando a tendência de estratificação e a exigência de perfil uniforme na seção de medição, qual decisão de tecnologia e instalação tende a reduzir o viés na medição?",True,True,True,3,Fácil
80d9d9002a-f0-d0-r10-q2,Produção e Processo (Medição Fiscal e Sistema de Alívio),"Medição Fiscal de óleo, medição fiscal de gás e transferência de custódia em operações de offloading",Média,0.89,"No retrofit de um skid de medição fiscal no offloading do FPSO, cogita-se aproximar o medidor do mangote para reduzir o espaço ocupado. Sabendo que o acoplamento BLS fornece articulação para aliviar momentos no conjunto, qual configuração melhor concilia a integridade do mangote com a estabilidade geométrica da seção metrológica?",True,True,True,3,Fácil
80d9d9002a-f0-d0-r10-q3,Produção e Processo (Medição Fiscal e Sistema de Alívio),"Medição Fiscal de óleo, medição fiscal de gás e transferência de custódia em operações de offloading",Média,0.85,"Antes de uma transferência de custódia, simulações indicaram tendência de concentração de água na parte inferior da linha de offloading em baixas vazões, com impacto na qualidade do fluido e na exatidão metrológica. Qual ajuste de procedimento e arranjo de instalação melhora a representatividade do escoamento na seção de medição e mitiga a entrega de água ao navio aliviador?",False,True,True,2,Média
80d9d9002a-f0-d0-r10-q4,Produção e Processo (Medição Fiscal e Sistema de Alívio),"Medição Fiscal de óleo, medição fiscal de gás e transferência de custódia em operações de offloading",Média,0.9,"Após deriva no fator de medição fiscal e variação de perda de carga, suspeita-se de incrustações e perda de material na linha de transferência parcialmente enterrada. Qual plano de manutenção e inspeção dá suporte mais direto à confiabilidade metrológica e à segurança da transferência?",True,False,True,2,Média
80d9d9002a-f0-d0-r10-q5,Produção e Processo (Medição Fiscal e Sistema de Alívio),"Medição Fiscal de óleo, medição fiscal de gás e transferência de custódia em operações de offloading",Média,0.89,"Em uma transferência fiscal de gás em que pode ocorrer carreamento de gotículas por separação incompleta a montante, deve-se escolher a tecnologia de medição e o arranjo de instalação de modo a preservar a integridade metrológica. Qual alternativa atende melhor às exigências de homogeneidade do escoamento e representatividade da composição na seção de medição?",False,True,True,2,Média
80d9d9002a-f0-d0-r11-q0,Produção e Processo (Medição Fiscal e Sistema de Alívio),"Medição Fiscal de óleo, medição fiscal de gás e transferência de custódia em operações de offloading",Média,0.91,"Em um retrofit do sistema de offloading de um FPSO, considera-se trocar a conexão flangeada entre a linha de transferência e o mangote por um acoplamento BLS com interface NSV. Buscando reduzir problemas operacionais sem comprometer a medição fiscal, qual fundamento técnico melhor apoia essa substituição?",True,True,True,3,Fácil
80d9d9002a-f0-d0-r11-q1,Produção e Processo (Medição Fiscal e Sistema de Alívio),"Medição Fiscal de óleo, medição fiscal de gás e transferência de custódia em operações de offloading",Média,0.93,"Em testes de comissionamento da linha de offloading, verificou-se que, após o deslocamento, permanece água residual com tendência de concentração na parte inferior da tubulação. Para definir a posição do skid de medição fiscal, qual arranjo tende a produzir uma medição mais representativa da corrente transferida?",True,False,True,2,Média
80d9d9002a-f0-d0-r11-q2,Produção e Processo (Medição Fiscal e Sistema de Alívio),"Medição Fiscal de óleo, medição fiscal de gás e transferência de custódia em operações de offloading",Média,0.88,"Em um FPSO, a engenharia deve especificar a medição fiscal de duas correntes: óleo na linha de offloading, com água residual e eventuais bolhas em partidas e deslocamentos, e gás tratado em linha dedicada. Qual seleção é tecnicamente mais consistente para transferência de custódia?",False,True,True,2,Média
80d9d9002a-f0-d0-r11-q3,Produção e Processo (Medição Fiscal e Sistema de Alívio),"Medição Fiscal de óleo, medição fiscal de gás e transferência de custódia em operações de offloading",Difícil,0.91,"Na análise operacional de uma linha de offloading, simulações indicam que aumentar a vazão de deslocamento eleva o resíduo instantâneo na linha, mas reduz o tempo de decaimento do conteúdo indesejado. Como esse resultado deve influenciar o projeto e o procedimento de medição fiscal?",True,True,True,3,Fácil
80d9d9002a-f0-d0-r11-q4,Produção e Processo (Medição Fiscal e Sistema de Alívio),"Medição Fiscal de óleo, medição fiscal de gás e transferência de custódia em operações de offloading",Média,0.9,"Uma linha de transferência com trechos de difícil acesso passou a apresentar desvios graduais entre volumes fiscais e expectativa operacional. Há suspeita de perda de metal, amassamentos e incrustações que possam estar alterando a integridade da tubulação e, por consequência, a confiabilidade da medição. Qual abordagem de manutenção é mais aderente a esse cenário?",True,True,True,3,Fácil
80d9d9002a-f0-d0-r11-q5,Produção e Processo (Medição Fiscal e Sistema de Alívio),"Medição Fiscal de óleo, medição fiscal de gás e transferência de custódia em operações de offloading",Média,0.94,"Durante a revisão de detalhamento, surgiu a proposta de rigidizar a conexão entre o skid de medição fiscal e o mangote para reduzir vibração local. Considerando os movimentos relativos entre FPSO e navio aliviador, qual é a avaliação mais adequada?",True,True,True,3,Fácil
80d9d9002a-f0-d0-r12-q0,Produção e Processo (Medição Fiscal e Sistema de Alívio),"Medição Fiscal de óleo, medição fiscal de gás e transferência de custódia em operações de offloading",Média,0.89,"Durante campanhas de offloading em um FPSO, a equipe relata duas ocorrências recorrentes na interface com o navio aliviador: dificuldade de desconexão em emergência quando há mau posicionamento relativo das embarcações e desgaste acelerado do mangote por dobramento excessivo próximo à conexão. Considerando simultaneamente segurança operacional e confiabilidade da medição fiscal, qual alteração de projeto é a mais consistente?",True,True,True,3,Fácil
80d9d9002a-f0-d0-r12-q1,Produção e Processo (Medição Fiscal e Sistema de Alívio),"Medição Fiscal de óleo, medição fiscal de gás e transferência de custódia em operações de offloading",Média,0.89,"Um FPSO vai instalar um novo skid de medição fiscal de óleo para offloading. A corrente transferida pode apresentar, em alguns períodos, água residual do deslocamento da linha e pequenas quantidades de gás disperso, além de variações de viscosidade do óleo. Qual critério de seleção e instalação do medidor melhor atende ao objetivo de transferência de custódia?",True,True,True,3,Fácil
80d9d9002a-f0-d0-r12-q2,Produção e Processo (Medição Fiscal e Sistema de Alívio),"Medição Fiscal de óleo, medição fiscal de gás e transferência de custódia em operações de offloading",Média,0.91,"Após várias operações de offloading, os navios aliviadores passaram a receber óleo com teor de água acima do esperado. Simulações do trecho de transferência indicam tendência de a água se concentrar na parte inferior da linha, com redução dessa preferência quando a vazão aumenta. Qual ação de projeto e operação é mais coerente para proteger a qualidade fiscal da transferência?",True,True,True,3,Fácil
80d9d9002a-f0-d0-r12-q3,Produção e Processo (Medição Fiscal e Sistema de Alívio),"Medição Fiscal de óleo, medição fiscal de gás e transferência de custódia em operações de offloading",Média,0.91,"Na definição do layout de um sistema de medição fiscal para offloading, surgiu um impasse. Um grupo defende instalar o medidor imediatamente antes da interface com o mangote para reduzir o volume entre medição e transferência. Outro propõe posicioná-lo mais a montante, em um trecho com melhor perfil de escoamento e menor influência mecânica da conexão articulada. Qual avaliação é tecnicamente mais sólida?",True,True,True,3,Fácil
80d9d9002a-f0-d0-r12-q4,Produção e Processo (Medição Fiscal e Sistema de Alívio),"Medição Fiscal de óleo, medição fiscal de gás e transferência de custódia em operações de offloading",Difícil,0.85,"Um sistema de offloading passou a apresentar desvio gradual entre campanhas: a perda de carga da linha aumentou, o fator do medidor tem mostrado maior dispersão entre verificações e há suspeita de corrosão interna combinada com incrustação em trechos de difícil acesso. Qual estratégia de integridade oferece o diagnóstico mais útil para sustentar a confiabilidade metrológica do sistema?",False,False,True,1,Difícil
80d9d9002a-f0-d0-r12-q5,Produção e Processo (Medição Fiscal e Sistema de Alívio),"Medição Fiscal de óleo, medição fiscal de gás e transferência de custódia em operações de offloading",Média,0.9,"Um FPSO precisa definir a concepção de uma medição fiscal de gás para transferência de custódia. As alternativas tecnológicas em análise são placa de orifício, turbina e ultrassônico. O histórico operacional mostra possibilidade de arraste ocasional de líquido e perturbações de perfil geradas por elementos a montante. Qual premissa de projeto melhor orienta a escolha?",True,True,True,3,Fácil
80d9d9002a-f0-d0-r13-q0,Produção e Processo (Medição Fiscal e Sistema de Alívio),"Medição Fiscal de óleo, medição fiscal de gás e transferência de custódia em operações de offloading",Média,0.87,"Durante o detalhamento do sistema de medição fiscal para offloading de um FPSO, a equipe identificou dois problemas recorrentes em campanhas anteriores: dificuldade de desconexão quando o navio aliviador perde posicionamento e desgaste prematuro do mangote por flexão excessiva na região de interface. Qual solução de arranjo físico ataca simultaneamente esses dois mecanismos sem transferir esforços indevidos ao trecho medido?",True,True,True,3,Fácil
80d9d9002a-f0-d0-r13-q1,Produção e Processo (Medição Fiscal e Sistema de Alívio),"Medição Fiscal de óleo, medição fiscal de gás e transferência de custódia em operações de offloading",Média,0.91,"Em um sistema de medição fiscal de óleo no offloading de um FPSO, a linha pode apresentar, nos transientes de partida e de deslocamento, água livre no trecho inferior da tubulação e bolhas de gás dispersas. Entre as especificações abaixo, qual melhor atende aos critérios de escolha da tecnologia de medição?",False,False,True,1,Difícil
80d9d9002a-f0-d0-r13-q3,Produção e Processo (Medição Fiscal e Sistema de Alívio),"Medição Fiscal de óleo, medição fiscal de gás e transferência de custódia em operações de offloading",Média,0.92,"Na revisão de layout, o medidor fiscal foi posicionado logo após uma mudança de direção e antes de um trecho em que a tubulação desce em direção ao mangote. Simulações indicaram acúmulo preferencial de água na parte inferior da linha nessa região. Qual ajuste de projeto mais contribui para preservar a integridade metrológica?",True,True,True,3,Fácil
80d9d9002a-f0-d0-r13-q5,Produção e Processo (Medição Fiscal e Sistema de Alívio),"Medição Fiscal de óleo, medição fiscal de gás e transferência de custódia em operações de offloading",Média,0.9,"Após um período sem intervenções, um FPSO passou a registrar divergências recorrentes entre a medição fiscal no offloading e os balanços do navio aliviador. A calibração do medidor permanece válida, mas há suspeita de deterioração na linha de transferência e de alteração do escoamento. Qual ação de integridade fornece a base técnica mais robusta para investigar a causa sem se limitar aos pontos acessíveis externamente?",True,True,True,3,Fácil
80d9d9002a-f0-d0-r14-q0,Produção e Processo (Medição Fiscal e Sistema de Alívio),"Medição Fiscal de óleo, medição fiscal de gás e transferência de custódia em operações de offloading",Média,0.91,"Em um FPSO, o conjunto de medição fiscal foi conectado ao mangote de offloading por flanges convencionais. Em campanhas recentes, houve dificuldade de desconexão em emergência, desgaste acelerado do mangote e indícios de esforços mecânicos chegando ao trecho medido quando o navio aliviador saía da posição ideal. Qual revisão de arranjo tende a atacar o problema de forma mais consistente?",True,False,True,2,Média
80d9d9002a-f0-d0-r14-q1,Produção e Processo (Medição Fiscal e Sistema de Alívio),"Medição Fiscal de óleo, medição fiscal de gás e transferência de custódia em operações de offloading",Média,0.93,"Na revisão do layout de um skid de medição fiscal de óleo para offloading, propõe-se instalar o medidor logo após uma curva da linha e em um ponto baixo, onde a montagem estrutural é mais simples. A corrente é suscetível a arraste de água residual durante o deslocamento da linha. Qual avaliação é mais adequada?",True,True,True,3,Fácil
80d9d9002a-f0-d0-r14-q2,Produção e Processo (Medição Fiscal e Sistema de Alívio),"Medição Fiscal de óleo, medição fiscal de gás e transferência de custódia em operações de offloading",Média,0.82,"Uma equipe quer padronizar a medição fiscal de um FPSO para reduzir sobressalentes. A solução deve atender a uma linha de petróleo para offloading e a uma linha de gás em transferência de custódia, sem desconsiderar o regime de escoamento na instalação. Qual alternativa melhor atende a esse objetivo?",True,True,True,3,Fácil
80d9d9002a-f0-d0-r14-q4,Produção e Processo (Medição Fiscal e Sistema de Alívio),"Medição Fiscal de óleo, medição fiscal de gás e transferência de custódia em operações de offloading",Média,0.92,"Em um projeto conceitual, para economizar suportes, sugeriu-se prender rigidamente o trecho de medição fiscal ao conjunto de interface com o mangote, deixando a articulação concentrada apenas no ponto de conexão ao navio aliviador. Sob ação de movimentos relativos entre FPSO e aliviador, qual risco técnico justifica rever essa solução?",True,True,True,3,Fácil
80d9d9002a-f0-d0-r14-q5,Produção e Processo (Medição Fiscal e Sistema de Alívio),"Medição Fiscal de óleo, medição fiscal de gás e transferência de custódia em operações de offloading",Média,0.91,"Após alguns anos de operação, a medição fiscal na linha de transferência passa a mostrar maior variabilidade entre campanhas, sem evidência clara de falha do medidor em bancada. Há suspeita de corrosão interna, incrustação e pequenas deformações ao longo do trecho até o ponto de offloading. Qual abordagem de integridade oferece a melhor base para decidir intervenções sem se limitar aos componentes acessíveis do skid?",True,True,True,3,Fácil
80d9d9002a-f0-d0-r15-q0,Produção e Processo (Medição Fiscal e Sistema de Alívio),"Medição Fiscal de óleo, medição fiscal de gás e transferência de custódia em operações de offloading",Média,0.93,"Em uma modificação no sistema de offloading de um FPSO, foi proposto substituir o acoplamento articulado entre a linha de transferência e o mangote por uma conexão flangeada rígida, instalada logo após o skid de medição fiscal, para simplificar montagem e reduzir componentes. Considerando segurança operacional e integridade metrológica, qual avaliação é mais adequada?",True,True,True,3,Fácil
80d9d9002a-f0-d0-r15-q1,Produção e Processo (Medição Fiscal e Sistema de Alívio),"Medição Fiscal de óleo, medição fiscal de gás e transferência de custódia em operações de offloading",Fácil,0.94,"Durante o detalhamento do layout da linha de offloading, a equipe precisa definir o posicionamento do medidor fiscal em relação a curvas, pontos baixos e à interface com o mangote. Qual arranjo tende a produzir uma medição mais representativa da corrente transferida?",True,True,True,3,Fácil
80d9d9002a-f0-d0-r15-q2,Produção e Processo (Medição Fiscal e Sistema de Alívio),"Medição Fiscal de óleo, medição fiscal de gás e transferência de custódia em operações de offloading",Média,0.92,"Uma operação de offloading apresenta, após o deslocamento da linha, pequenas quantidades de água e gás dispersos no óleo durante o início da transferência. A equipe deve selecionar a tecnologia de medição fiscal de óleo entre as convencionalmente aceitas. Qual critério de decisão é mais robusto para esse cenário?",True,True,True,3,Fácil
80d9d9002a-f0-d0-r15-q3,Produção e Processo (Medição Fiscal e Sistema de Alívio),"Medição Fiscal de óleo, medição fiscal de gás e transferência de custódia em operações de offloading",Média,0.89,"Em um projeto de FPSO, a equipe de engenharia quer padronizar a filosofia de medição fiscal usando a mesma família de medidores para óleo e gás, com o argumento de simplificar manutenção e sobressalentes. Para a linha fiscal de gás, qual posicionamento técnico é mais consistente?",False,False,True,1,Difícil
80d9d9002a-f0-d0-r15-q4,Produção e Processo (Medição Fiscal e Sistema de Alívio),"Medição Fiscal de óleo, medição fiscal de gás e transferência de custódia em operações de offloading",Difícil,0.93,"Nos testes de deslocamento da linha de offloading, verificou-se que vazões mais elevadas aumentam o resíduo instantâneo de água/TOG no início do processo, mas reduzem o tempo de decaimento desse conteúdo indesejado. Considerando os impactos sobre medição fiscal e qualidade do fluido transferido, qual decisão de projeto e operação é mais adequada?",True,True,True,3,Fácil
80d9d9002a-f0-d0-r15-q5,Produção e Processo (Medição Fiscal e Sistema de Alívio),"Medição Fiscal de óleo, medição fiscal de gás e transferência de custódia em operações de offloading",Média,0.92,"Meses após a partida de um sistema de transferência de custódia, a dispersão entre a medição fiscal e os indicadores de inventário aumentou gradualmente. Não há indícios visuais de vazamento externo, e parte da tubulação de transferência é de difícil acesso. Qual ação técnica melhor investiga uma causa física do desvio e contribui para a prevenção de novas perdas de desempenho?",True,False,True,2,Média
80d9d9002a-f0-d0-r16-q0,Produção e Processo (Medição Fiscal e Sistema de Alívio),"Medição Fiscal de óleo, medição fiscal de gás e transferência de custódia em operações de offloading",Média,0.9,"Durante campanhas de offloading em um FPSO, a equipe relata dois problemas recorrentes na interface com o navio aliviador: dificuldade de desconexão em emergência quando o posicionamento relativo degrada e desgaste prematuro das camadas externas do mangote por dobramento. Qual modificação de projeto tende a atacar as duas causas de forma mais direta sem penalizar a transferência de custódia?",True,True,True,3,Fácil
80d9d9002a-f0-d0-r16-q1,Produção e Processo (Medição Fiscal e Sistema de Alívio),"Medição Fiscal de óleo, medição fiscal de gás e transferência de custódia em operações de offloading",Média,0.93,"Na revisão de layout de um sistema de medição fiscal de offloading, verificou-se que o medidor de óleo foi previsto logo após um trecho sujeito a segregação água/óleo e próximo da região em que o mangote muda de direção para acompanhar o movimento relativo entre as embarcações. Se o objetivo é preservar a exatidão metrológica, qual ajuste de instalação é mais consistente?",False,True,True,2,Média
80d9d9002a-f0-d0-r16-q2,Produção e Processo (Medição Fiscal e Sistema de Alívio),"Medição Fiscal de óleo, medição fiscal de gás e transferência de custódia em operações de offloading",Média,0.83,"Um projeto de offloading precisa definir a tecnologia de medição fiscal de óleo em uma linha que, durante parte da operação, pode carregar pequenas quantidades de água e gás dispersos em função do procedimento de deslocamento. Além da transferência de custódia exigir indicação volumétrica, a equipe quer evitar escolhas que se tornem sensíveis à instalação. Qual proposta está mais alinhada aos critérios de seleção e integridade metrológica?",True,True,False,2,Média
80d9d9002a-f0-d0-r16-q3,Produção e Processo (Medição Fiscal e Sistema de Alívio),"Medição Fiscal de óleo, medição fiscal de gás e transferência de custódia em operações de offloading",Média,0.92,"Em testes de deslocamento da linha de offloading, simulações indicaram que a água residual tende a se concentrar na parte inferior da tubulação; em vazões maiores, essa preferência diminui, mas o resíduo instantâneo na linha pode aumentar antes de decair mais rapidamente. Para definir o trecho de medição e o procedimento operacional, qual decisão é mais robusta?",True,True,True,3,Fácil
80d9d9002a-f0-d0-r16-q4,Produção e Processo (Medição Fiscal e Sistema de Alívio),"Medição Fiscal de óleo, medição fiscal de gás e transferência de custódia em operações de offloading",Fácil,0.93,"Na medição fiscal de gás em uma linha associada à unidade, três tecnologias são consideradas aceitáveis pelo projeto. Contudo, o ponto inicialmente escolhido fica após uma perturbação hidráulica que distorce o perfil de velocidade. Qual encaminhamento técnico melhor preserva a confiabilidade da transferência de custódia?",True,False,True,2,Média
80d9d9002a-f0-d0-r16-q5,Produção e Processo (Medição Fiscal e Sistema de Alívio),"Medição Fiscal de óleo, medição fiscal de gás e transferência de custódia em operações de offloading",Média,0.92,"Após meses de operação, surgem desvios recorrentes entre o volume medido no FPSO e o volume recebido no sistema de alívio, sem evidência imediata de vazamento externo. A engenharia suspeita de degradação interna da linha de transferência e de alterações geométricas que possam afetar a medição. Qual estratégia de integridade oferece o diagnóstico mais completo para sustentar manutenção preventiva e confiabilidade metrológica?",True,True,True,3,Fácil
80d9d9002a-f0-d0-r17-q0,Produção e Processo (Medição Fiscal e Sistema de Alívio),"Medição Fiscal de óleo, medição fiscal de gás e transferência de custódia em operações de offloading",Média,0.92,"Durante a revisão do sistema de offloading de um FPSO, a equipe identifica dois problemas recorrentes na interface com o navio aliviador: dificuldade de desacoplamento quando o posicionamento relativo se degrada e desgaste prematuro das camadas externas do mangote por dobramento excessivo. Qual modificação de projeto ataca de forma mais direta as duas causas ao mesmo tempo?",True,True,True,3,Fácil
80d9d9002a-f0-d0-r17-q1,Produção e Processo (Medição Fiscal e Sistema de Alívio),"Medição Fiscal de óleo, medição fiscal de gás e transferência de custódia em operações de offloading",Média,0.92,"Em testes de transferência de custódia, observou-se variação sistemática na medição quando a linha opera após deslocamento com presença residual de água. A investigação mostra tendência de concentração da água na geratriz inferior do trecho de offloading. Na definição do ponto de medição fiscal, qual critério de instalação melhor reduz o risco metrológico nesse cenário?",True,False,True,2,Média
80d9d9002a-f0-d0-r17-q2,Produção e Processo (Medição Fiscal e Sistema de Alívio),"Medição Fiscal de óleo, medição fiscal de gás e transferência de custódia em operações de offloading",Média,0.91,"Em um FPSO, busca-se uma filosofia padronizada para medição fiscal de óleo e gás nas linhas de transferência. Considerando diferenças de densidade, viscosidade e a possível ocorrência de estratificação ou fases dispersas, qual especificação é tecnicamente mais consistente?",False,True,False,1,Difícil
80d9d9002a-f0-d0-r17-q4,Produção e Processo (Medição Fiscal e Sistema de Alívio),"Medição Fiscal de óleo, medição fiscal de gás e transferência de custódia em operações de offloading",Média,0.94,"Num retrofit de offloading, o skid de medição fiscal ficou muito próximo da conexão com o mangote, e a ligação rígida passou a transferir ao conjunto os esforços gerados pelo movimento relativo entre FPSO e navio aliviador. Mesmo sem vazamentos em regime normal, a engenharia identifica risco à exatidão metrológica e à integridade mecânica. Qual solução de projeto responde melhor a esse quadro?",True,True,True,3,Fácil
80d9d9002a-f0-d0-r17-q5,Produção e Processo (Medição Fiscal e Sistema de Alívio),"Medição Fiscal de óleo, medição fiscal de gás e transferência de custódia em operações de offloading",Fácil,0.88,"Uma linha de transferência de offloading apresenta tendência de deriva na medição fiscal ao longo dos meses, e a hipótese principal é perda de integridade interna da tubulação em trechos de difícil acesso. Para estruturar um programa de inspeção que ajude tanto a manutenção preventiva quanto a confiabilidade metrológica, qual combinação de técnicas é a mais aderente?",False,True,True,2,Média
80d9d9002a-f0-d0-r18-q0,Produção e Processo (Medição Fiscal e Sistema de Alívio),"Medição Fiscal de óleo, medição fiscal de gás e transferência de custódia em operações de offloading",Média,0.88,"Durante a revisão do sistema de offloading de um FPSO, verificou-se que o conjunto de medição fiscal fica na interface com a linha de transferência e o mangote do navio aliviador. Em campanhas com mar mais severo, ocorreram dificuldade de desconexão em emergência e aumento da frequência de troca do mangote por desgaste externo. Qual solução de projeto trata de forma mais direta essas duas causas?",True,True,True,3,Fácil
80d9d9002a-f0-d0-r18-q2,Produção e Processo (Medição Fiscal e Sistema de Alívio),"Medição Fiscal de óleo, medição fiscal de gás e transferência de custódia em operações de offloading",Difícil,0.89,"Após algumas operações de offloading, o óleo entregue ao navio aliviador tem apresentado teor de água acima do esperado. Simulações da linha indicam tendência de a água se concentrar na parte inferior do duto, menos perceptível em vazões mais altas; ao mesmo tempo, vazões maiores elevam o resíduo instantâneo, mas aceleram o decaimento temporal do conteúdo indesejado. Qual resposta de projeto e operação é mais adequada para a medição fiscal?",True,True,True,3,Fácil
80d9d9002a-f0-d0-r18-q3,Produção e Processo (Medição Fiscal e Sistema de Alívio),"Medição Fiscal de óleo, medição fiscal de gás e transferência de custódia em operações de offloading",Média,0.91,"Na integração entre o skid de medição fiscal, a linha de transferência e o mangote, a equipe discute como acomodar a movimentação relativa entre FPSO e navio aliviador sem degradar a exatidão da medição. Qual arranjo atende melhor, ao mesmo tempo, à compatibilização mecânica e à integridade hidrodinâmica da seção medida?",True,True,True,3,Fácil
80d9d9002a-f0-d0-r18-q4,Produção e Processo (Medição Fiscal e Sistema de Alívio),"Medição Fiscal de óleo, medição fiscal de gás e transferência de custódia em operações de offloading",Fácil,0.89,"Em uma linha de medição fiscal de gás do FPSO, pretende-se reaproveitar critérios de layout do sistema de líquidos, mas o trecho disponível logo após uma válvula de controle gera forte perturbação do perfil de velocidade. Considerando as tecnologias convencionais aceitas para gás, qual decisão é mais apropriada?",True,True,True,3,Fácil
80d9d9002a-f0-d0-r18-q5,Produção e Processo (Medição Fiscal e Sistema de Alívio),"Medição Fiscal de óleo, medição fiscal de gás e transferência de custódia em operações de offloading",Média,0.91,"Um sistema de transferência associado à medição fiscal vem apresentando maior variabilidade operacional, e há suspeita de corrosão interna, amassamentos localizados e incrustações ao longo de trechos pouco acessíveis. Qual estratégia de integridade contribui de forma mais direta para preservar a confiabilidade metrológica e a segurança da transferência de custódia?",False,False,True,1,Difícil
80d9d9002a-f0-d0-r19-q0,Produção e Processo (Medição Fiscal e Sistema de Alívio),"Medição Fiscal de óleo, medição fiscal de gás e transferência de custódia em operações de offloading",Média,0.92,"Na revisão do arranjo de offloading de um FPSO, a equipe pretende manter a conexão entre a linha de transferência e o mangote por flanges aparafusados, porque isso simplifica a fabricação. A operação, porém, relata dois problemas recorrentes: dificuldade de desconexão em emergência quando o navio aliviador se desloca da posição ideal e desgaste acelerado do mangote por dobramento. Qual alternativa endereça melhor esses dois riscos sem criar um arranjo desfavorável para a medição fiscal?",True,True,True,3,Fácil
80d9d9002a-f0-d0-r19-q2,Produção e Processo (Medição Fiscal e Sistema de Alívio),"Medição Fiscal de óleo, medição fiscal de gás e transferência de custódia em operações de offloading",Média,0.94,"Em testes de aceitação de uma nova estação de medição fiscal no offloading, observou-se grande variabilidade no teor de água atribuído à carga transferida. A linha possui um trecho horizontal longo, com um ponto baixo antes do medidor, e simulações indicam tendência de a água se concentrar na região inferior, sobretudo em vazões mais baixas. Qual intervenção de projeto e operação é mais coerente com a integridade metrológica requerida?",True,True,True,3,Fácil
80d9d9002a-f0-d0-r19-q4,Produção e Processo (Medição Fiscal e Sistema de Alívio),"Medição Fiscal de óleo, medição fiscal de gás e transferência de custódia em operações de offloading",Difícil,0.86,"Após algumas operações de offloading, o navio aliviador passou a receber mais água do que o esperado na etapa final de deslocamento da linha. Em uma reunião de otimização, surgiu a dúvida entre reduzir ou elevar a vazão de deslocamento. Qual conclusão melhor representa esse comportamento?",True,True,False,2,Média
80d9d9002a-f0-d0-r20-q0,Produção e Processo (Medição Fiscal e Sistema de Alívio),"Medição Fiscal de óleo, medição fiscal de gás e transferência de custódia em operações de offloading",Média,0.89,"Em uma revisão de projeto do sistema de offloading de um FPSO, a equipe identificou dois problemas recorrentes no arranjo entre a linha de transferência e o mangote do navio aliviador: dificuldade de desconexão em emergência quando há mau posicionamento relativo entre as embarcações e aumento de desgaste externo do mangote por curvatura excessiva. Qual modificação de projeto tende a atacar melhor os dois problemas ao mesmo tempo?",True,True,True,3,Fácil
80d9d9002a-f0-d0-r20-q1,Produção e Processo (Medição Fiscal e Sistema de Alívio),"Medição Fiscal de óleo, medição fiscal de gás e transferência de custódia em operações de offloading",Média,0.94,"Durante o detalhamento da instalação de um skid de medição fiscal de óleo para offloading, simulações indicaram segregação parcial de água no fundo da linha em certos regimes de vazão. A equipe precisa definir o trecho de medição. Qual escolha é mais consistente com a integridade metrológica do sistema?",True,False,True,2,Média
80d9d9002a-f0-d0-r20-q2,Produção e Processo (Medição Fiscal e Sistema de Alívio),"Medição Fiscal de óleo, medição fiscal de gás e transferência de custódia em operações de offloading",Média,0.88,"Em uma linha de exportação de gás de unidade offshore, ocorrem episódios de arraste de líquido quando a separação a montante sai da faixa ideal. Na definição da medição fiscal para transferência de custódia, qual premissa de projeto é a mais adequada?",True,False,False,1,Difícil
80d9d9002a-f0-d0-r20-q3,Produção e Processo (Medição Fiscal e Sistema de Alívio),"Medição Fiscal de óleo, medição fiscal de gás e transferência de custódia em operações de offloading",Difícil,0.86,"Nos testes de comissionamento de uma linha de offloading, observou-se que a quantidade de água residual enviada ao navio aliviador varia sensivelmente com a estratégia de deslocamento da linha. Parte da equipe defende reduzir a vazão de deslocamento para diminuir o arraste; outra parte propõe aumentar a vazão para limpar a linha mais rapidamente. Qual interpretação melhor sustenta a definição do procedimento operacional?",False,True,True,2,Média
2f51e62cdd-f0-d0-r1-q0,"Segurança Operacional, SGSO, Sistemas de Segurança e Gestão de Riscos",SGSO,Média,0.87,"No comitê de direção de um FPSO, a alta gestão afirma que várias práticas do SGSO já constam em regulamentos e propõe congelar o orçamento do programa de integração. Qual decisão gerencial é mais coerente com liderança, alocação de recursos e melhoria contínua?",True,True,False,2,Média
2f51e62cdd-f0-d0-r1-q1,"Segurança Operacional, SGSO, Sistemas de Segurança e Gestão de Riscos",SGSO,Média,0.92,"Durante a elaboração da matriz de correlação exigida pela ANP, a equipe constata que o organograma não explicita quem responde por práticas de gestão do SGSO. Qual abordagem melhor assegura a ligação entre arranjo organizacional, processos e práticas?",True,True,True,3,Fácil
2f51e62cdd-f0-d0-r1-q2,"Segurança Operacional, SGSO, Sistemas de Segurança e Gestão de Riscos",SGSO,Média,0.91,"Após um incidente a bordo do FPSO, a investigação interna apontou falhas nos canais de comunicação entre a equipe embarcada e a gestão em terra, além de registros inconsistentes de não conformidades. Qual ação gerencial demonstra compromisso e sustenta a cultura de segurança prevista no SGSO?",True,True,True,3,Fácil
2f51e62cdd-f0-d0-r1-q3,"Segurança Operacional, SGSO, Sistemas de Segurança e Gestão de Riscos",SGSO,Média,0.91,"Na integração de uma nova contratada de manutenção para o FPSO, surgem divergências sobre expectativas de segurança e responsabilidades nas interfaces. Com recursos limitados, qual estratégia de gestão melhor atende às práticas do SGSO para contratadas e fatores humanos?",True,True,True,3,Fácil
2f51e62cdd-f0-d0-r1-q4,"Segurança Operacional, SGSO, Sistemas de Segurança e Gestão de Riscos",SGSO,Média,0.87,"Uma equipe do FPSO está preparando o Descritivo da Unidade Marítima, a matriz de correlação e o relatório da Concessão, e considera suficientes descrições de alto nível para cumprir prazos. Qual alternativa reforça a conformidade e a capacidade de demonstrar o atendimento às práticas do SGSO?",True,True,False,2,Média
2f51e62cdd-f0-d0-r2-q1,"Segurança Operacional, SGSO, Sistemas de Segurança e Gestão de Riscos",SGSO,Fácil,0.9,"Após um quase-incidente no FPSO, a direção quer comprovações concretas, dentro do SGSO, de que o compromisso com a segurança está sendo exercido. Que decisão gerencial mais integra patrocínio da alta liderança, transparência interna e um ciclo de aperfeiçoamento?",True,True,True,3,Fácil
2f51e62cdd-f0-d0-r2-q2,"Segurança Operacional, SGSO, Sistemas de Segurança e Gestão de Riscos",SGSO,Média,0.86,"Na revisão do orçamento do SGSO, a diretoria observa que diversas práticas já estão cobertas por regulamentos técnicos e questiona investimentos adicionais. Qual abordagem técnica sustenta uma alocação de recursos equilibrada?",True,True,True,3,Fácil
2f51e62cdd-f0-d0-r2-q4,"Segurança Operacional, SGSO, Sistemas de Segurança e Gestão de Riscos",SGSO,Média,0.89,"Ao engajar uma empresa de manutenção para um FPSO, a operadora deve evidenciar compromisso gerencial na integração com seu sistema de segurança operacional, incluindo aspectos de ergonomia e interfaces de operação. Qual abordagem demonstra essa responsabilidade na gestão de contratadas?",True,True,True,3,Fácil
2f51e62cdd-f0-d0-r2-q5,"Segurança Operacional, SGSO, Sistemas de Segurança e Gestão de Riscos",SGSO,Fácil,0.86,"O comitê de segurança do FPSO quer fortalecer a cultura de segurança e medir a efetividade das iniciativas. Entre as propostas, qual conjunto de ações é mais aderente às práticas do SGSO e favorece a melhoria contínua?",True,True,True,3,Fácil
2f51e62cdd-f0-d0-r3-q0,"Segurança Operacional, SGSO, Sistemas de Segurança e Gestão de Riscos",SGSO,Média,0.87,Uma operadora de FPSO possui um sistema já alinhado à Resolução ANP <NUMBER> e pretende iniciar operações. A gerência argumenta que a sobreposição entre requisitos reduzirá esforços adicionais. Qual decisão mais coerente com o SGSO para equilibrar conformidade e desempenho de segurança?,True,False,True,2,Média
2f51e62cdd-f0-d0-r3-q1,"Segurança Operacional, SGSO, Sistemas de Segurança e Gestão de Riscos",SGSO,Média,0.91,"Durante a investigação de um incidente, verificou-se que os papéis de gestão e os fluxos de reporte estavam pouco definidos, dificultando a implementação de ações corretivas. Para fortalecer o SGSO e evidenciar conformidade, qual abordagem é mais apropriada?",True,True,True,3,Fácil
2f51e62cdd-f0-d0-r3-q2,"Segurança Operacional, SGSO, Sistemas de Segurança e Gestão de Riscos",SGSO,Média,0.94,"Em auditoria interna, constatou-se que não conformidades críticas circulam por e-mail sem trilha de rastreio e que ações corretivas não se conectam a lições aprendidas. Qual redesenho de comunicação e gestão da informação é mais alinhado ao SGSO?",True,True,True,3,Fácil
2f51e62cdd-f0-d0-r3-q3,"Segurança Operacional, SGSO, Sistemas de Segurança e Gestão de Riscos",SGSO,Média,0.9,"Uma contratada de manutenção no topside apresenta oscilações de performance e registros de desconforto ocupacional. À luz do SGSO, qual ação gerencial fortalece a interface e reduz o risco operacional?",True,True,True,3,Fácil
2f51e62cdd-f0-d0-r3-q4,"Segurança Operacional, SGSO, Sistemas de Segurança e Gestão de Riscos",SGSO,Média,0.9,"Mesmo após ações de capacitação e campanhas, o reporte de quase-incidentes segue baixo e os desvios se repetem. No SGSO, qual ajuste de gestão é mais adequado a esse cenário?",True,True,True,3,Fácil
2f51e62cdd-f0-d0-r3-q5,"Segurança Operacional, SGSO, Sistemas de Segurança e Gestão de Riscos",SGSO,Média,0.93,"Durante uma verificação de compliance, a equipe constata que gestão de barreiras e aplicação de métodos formais de análise de risco não aparecem de forma explícita nos artefatos requeridos (por exemplo, DUM e matriz de correlação). Qual resposta gerencial alinhada ao SGSO é mais adequada?",True,True,True,3,Fácil
2f51e62cdd-f0-d0-r5-q0,"Segurança Operacional, SGSO, Sistemas de Segurança e Gestão de Riscos",SGSO,Média,0.94,"Na preparação da matriz de correlação a ser enviada à ANP, o gestor deve mostrar como o SGSO se integra à organização e às rotinas operacionais. Que formato de matriz melhor garante rastreabilidade entre requisitos, funções, fluxos de trabalho e comprovações?",True,True,True,3,Fácil
2f51e62cdd-f0-d0-r5-q3,"Segurança Operacional, SGSO, Sistemas de Segurança e Gestão de Riscos",SGSO,Média,0.92,"A equipe precisa organizar os fluxos de comunicação e a gestão documental para que riscos, não conformidades e ações corretivas sejam comunicados e rastreáveis, além de viabilizar auditoria/fiscalização e o mapeamento aos requisitos da ANP. Qual desenho de sistema atende a esses objetivos?",True,True,True,3,Fácil
2f51e62cdd-f0-d0-r5-q4,"Segurança Operacional, SGSO, Sistemas de Segurança e Gestão de Riscos",SGSO,Média,0.94,"Uma FPSO opera com múltiplas contratadas, com práticas de segurança heterogêneas. O gestor deve assegurar que as interfaces com terceiros e os fatores humanos estejam conformes ao SGSO. Qual abordagem está mais alinhada às práticas de gestão requeridas?",True,True,True,3,Fácil
2f51e62cdd-f0-d0-r5-q5,"Segurança Operacional, SGSO, Sistemas de Segurança e Gestão de Riscos",SGSO,Média,0.91,"Comparativos internos mostram sobreposição entre o SGSO e a regulação vigente, mas evidenciam falhas no controle de barreiras e na aplicação de métodos formais de análise de risco. Que resposta gerencial assegura conformidade e robustez operacional?",True,True,True,3,Fácil
2f51e62cdd-f0-d0-r6-q0,"Segurança Operacional, SGSO, Sistemas de Segurança e Gestão de Riscos",SGSO,Média,0.87,"Um FPSO prestes a iniciar operações deve entregar à ANP o DUM, a matriz de correlação e o relatório da concessão. A direção quer que esse esforço também reforce a governança do SGSO, clarificando funções e interfaces. Que abordagem melhor atende à fiscalização e, ao mesmo tempo, consolida a organização e as responsabilidades?",True,True,True,3,Fácil
2f51e62cdd-f0-d0-r6-q1,"Segurança Operacional, SGSO, Sistemas de Segurança e Gestão de Riscos",SGSO,Fácil,0.93,"Durante a revisão orçamentária de um FPSO, a alta gestão enfrenta restrições de caixa, mas deseja evidenciar compromisso com o SGSO. Qual decisão orçamentária melhor traduz esse compromisso de forma verificável?",True,True,True,3,Fácil
2f51e62cdd-f0-d0-r6-q2,"Segurança Operacional, SGSO, Sistemas de Segurança e Gestão de Riscos",SGSO,Média,0.92,"Após desvios operacionais sem lesões, a tripulação do FPSO relata medo de notificar quase-incidentes por percepção de punição. A gerência quer fortalecer a cultura de segurança e a comunicação no SGSO. Qual medida é mais consistente com esse objetivo?",False,False,True,1,Difícil
2f51e62cdd-f0-d0-r6-q3,"Segurança Operacional, SGSO, Sistemas de Segurança e Gestão de Riscos",SGSO,Média,0.91,Uma grande campanha de manutenção no FPSO será executada com várias contratadas. A gerência busca reduzir riscos de interface e assegurar conformidade com o SGSO. Qual abordagem de gestão de terceiros é mais alinhada às práticas esperadas?,True,True,True,3,Fácil
2f51e62cdd-f0-d0-r6-q4,"Segurança Operacional, SGSO, Sistemas de Segurança e Gestão de Riscos",SGSO,Média,0.92,"Após um ano de operação, os indicadores de segurança do FPSO estagnaram e há não conformidades recorrentes. A alta gestão deseja evidenciar governança e melhoria contínua no SGSO. Qual ação é mais apropriada?",True,True,True,3,Fácil
2f51e62cdd-f0-d0-r6-q5,"Segurança Operacional, SGSO, Sistemas de Segurança e Gestão de Riscos",SGSO,Média,0.92,"Um auditor interno identificou registros dispersos e lacunas na rastreabilidade de incidentes no FPSO. Para sustentar o SGSO e comprovar conformidade, qual desenho de gestão da informação é mais adequado?",True,True,True,3,Fácil
2f51e62cdd-f0-d0-r7-q0,"Segurança Operacional, SGSO, Sistemas de Segurança e Gestão de Riscos",SGSO,Média,0.94,"Durante a mobilização de um FPSO, a diretoria busca demonstrar adesão ao SGSO aproveitando programas já exigidos por regulamentos. Que decisão da alta gestão melhor materializa seu compromisso com a cultura de segurança e a implantação do SGSO?",True,True,True,3,Fácil
2f51e62cdd-f0-d0-r7-q1,"Segurança Operacional, SGSO, Sistemas de Segurança e Gestão de Riscos",SGSO,Média,0.91,"Uma equipe de gestão do FPSO precisa elaborar a matriz de correlação entre as práticas do SGSO e o sistema de gerenciamento da empresa antes do início das operações. Qual modo de trabalho produz um vínculo rastreável e passível de auditoria, coerente com a estrutura organizacional e com as práticas de liderança, pessoal e gestão?",True,True,True,3,Fácil
2f51e62cdd-f0-d0-r7-q2,"Segurança Operacional, SGSO, Sistemas de Segurança e Gestão de Riscos",SGSO,Média,0.91,"Em uma revisão de planejamento orçamentário, a gerência do FPSO identifica sobreposição entre práticas do SGSO e exigências regulatórias já atendidas. Considerando a necessidade de integração e melhoria contínua, qual plano de alocação de recursos é mais adequado?",True,True,True,3,Fácil
2f51e62cdd-f0-d0-r7-q4,"Segurança Operacional, SGSO, Sistemas de Segurança e Gestão de Riscos",SGSO,Média,0.91,"Durante uma campanha de manutenção no FPSO com grande presença de contratadas, a gerência deve garantir que o SGSO esteja efetivamente integrado nas interfaces de trabalho e na gestão de fatores humanos. Qual ação gerencial melhor atende a esse objetivo?",True,True,True,3,Fácil
2f51e62cdd-f0-d0-r7-q5,"Segurança Operacional, SGSO, Sistemas de Segurança e Gestão de Riscos",SGSO,Média,0.91,"À véspera do início de operação do FPSO, a companhia se prepara para uma verificação de conformidade. Considerando os requisitos de liderança, alocação de recursos, comunicação e cultura de segurança do SGSO, que conjunto de evidências reforça o comprometimento da alta gestão e a eficácia da estrutura organizacional?",True,True,True,3,Fácil
2f51e62cdd-f0-d0-r9-q1,"Segurança Operacional, SGSO, Sistemas de Segurança e Gestão de Riscos",SGSO,Média,0.91,"Diante do argumento de que diversas práticas do SGSO já constam em normas da ANP e de proposta de manter apenas compliance documental reduzindo capacitações e integração, qual decisão gerencial preserva eficiência sem perder desempenho?",True,True,True,3,Fácil
2f51e62cdd-f0-d0-r9-q2,"Segurança Operacional, SGSO, Sistemas de Segurança e Gestão de Riscos",SGSO,Média,0.89,"Durante a preparação dos documentos para início de operação de um FPSO, o time precisa construir a matriz de correlação e organizar o Descritivo da Unidade Marítima. Para fortalecer a comunicação e o controle internos, qual princípio de design do sistema de gestão é mais adequado?",False,True,False,1,Difícil
2f51e62cdd-f0-d0-r9-q3,"Segurança Operacional, SGSO, Sistemas de Segurança e Gestão de Riscos",SGSO,Média,0.92,"Em um FPSO, observou-se subnotificação de quase-acidentes e inconsistências no fechamento de ações corretivas. A gerência quer reforçar a cultura de segurança e a eficácia do SGSO. Qual abordagem é mais alinhada a esse propósito?",True,True,True,3,Fácil
2f51e62cdd-f0-d0-r9-q4,"Segurança Operacional, SGSO, Sistemas de Segurança e Gestão de Riscos",SGSO,Média,0.91,"Uma contratada de manutenção em um FPSO adota práticas internas distintas das do operador. Para assegurar alinhamento ao SGSO e tratar aspectos humanos nas interfaces, qual orientação gerencial é mais adequada?",True,True,True,3,Fácil
2f51e62cdd-f0-d0-r11-q0,"Segurança Operacional, SGSO, Sistemas de Segurança e Gestão de Riscos",SGSO,Média,0.95,"Na preparação para a entrada em operação de um FPSO, a gerência conclui que, como várias práticas do SGSO já aparecem em regulamentos existentes, o orçamento adicional para implementação pode ser reduzido ao mínimo. Qual avaliação é mais adequada?",True,True,True,3,Fácil
2f51e62cdd-f0-d0-r11-q1,"Segurança Operacional, SGSO, Sistemas de Segurança e Gestão de Riscos",SGSO,Média,0.9,"Durante a elaboração da matriz de correlação do SGSO para um FPSO, a equipe de compliance decide montá-la sem envolver operação, manutenção e supervisão de bordo, tratando o documento como um mapeamento regulatório genérico. Qual é o principal risco dessa abordagem?",True,True,True,3,Fácil
2f51e62cdd-f0-d0-r11-q5,"Segurança Operacional, SGSO, Sistemas de Segurança e Gestão de Riscos",SGSO,Média,0.93,"Em um FPSO, cresceram as notificações de desvios e quase acidentes, porém o tratamento das pendências é lento e o aprendizado gerado não é disseminado de forma uniforme entre equipes, turnos e funções. Que mudança mais fortalece o SGSO nesse quadro?",True,True,True,3,Fácil
2f51e62cdd-f0-d0-r12-q0,"Segurança Operacional, SGSO, Sistemas de Segurança e Gestão de Riscos",SGSO,Fácil,0.94,"Na preparação para o início de operação de um FPSO, a diretoria aprovou uma política de segurança e informou que a unidade já possui procedimentos operacionais consolidados. Na revisão do sistema, porém, verificou-se que não há definição explícita de quem responde por treinamento, auditorias, investigação de incidentes, manutenção da documentação e provisão de recursos para essas atividades. Qual avaliação é mais consistente com um SGSO eficaz?",True,True,True,3,Fácil
2f51e62cdd-f0-d0-r12-q1,"Segurança Operacional, SGSO, Sistemas de Segurança e Gestão de Riscos",SGSO,Média,0.95,"Durante uma parada programada de manutenção em um FPSO, haverá grande mobilização de empresas contratadas para trabalhos simultâneos. A gerência quer estruturar a interface com terceiros de forma aderente ao SGSO, reduzindo falhas de comunicação e riscos decorrentes de fatores humanos. Qual arranjo é mais apropriado?",True,True,True,3,Fácil
2f51e62cdd-f0-d0-r12-q2,"Segurança Operacional, SGSO, Sistemas de Segurança e Gestão de Riscos",SGSO,Média,0.92,"Uma operadora de FPSO identificou que boa parte de seus procedimentos já atende a exigências regulatórias semelhantes às práticas do SGSO, embora com nomenclaturas diferentes. A direção pretende evitar retrabalho na implantação. Qual estratégia tende a ser mais robusta do ponto de vista gerencial e de conformidade?",True,True,True,3,Fácil
2f51e62cdd-f0-d0-r13-q0,"Segurança Operacional, SGSO, Sistemas de Segurança e Gestão de Riscos",SGSO,Fácil,0.93,"Na preparação de um FPSO para início de operação, a diretoria informa que a política de segurança já existe e que a implementação do SGSO ficará concentrada na área de SMS offshore. Em uma auditoria, qual evidência indicaria aderência mais robusta ao princípio de compromisso e responsabilidade gerencial?",True,True,True,3,Fácil
2f51e62cdd-f0-d0-r13-q3,"Segurança Operacional, SGSO, Sistemas de Segurança e Gestão de Riscos",SGSO,Média,0.95,"Em um FPSO, ocorreram dois quase-acidentes semelhantes na área de utilidades: um com equipe própria e outro com contratada, em turnos diferentes. A investigação inicial mostra que a informação ficou restrita aos envolvidos imediatos e a ação corretiva não se disseminou. Sob a lógica do SGSO, qual ajuste tem maior potencial de evitar recorrência?",True,True,True,3,Fácil
2f51e62cdd-f0-d0-r13-q4,"Segurança Operacional, SGSO, Sistemas de Segurança e Gestão de Riscos",SGSO,Média,0.9,"Um FPSO apresenta registros completos de treinamentos obrigatórios, mas auditorias internas continuam identificando desvios repetitivos na execução de rotinas críticas e baixa qualidade nos reportes de quase-acidentes. A gerência conclui que o problema central está na cultura de segurança. Qual ação é mais coerente com essa leitura?",True,True,True,3,Fácil
2f51e62cdd-f0-d0-r13-q5,"Segurança Operacional, SGSO, Sistemas de Segurança e Gestão de Riscos",SGSO,Média,0.95,"Durante uma parada programada no FPSO, várias contratadas atuarão em paralelo. A operadora já verificou documentação de SMS na contratação e entende que isso atende à governança do SGSO para essas interfaces. Qual arranjo gerencial é mais consistente com o sistema?",True,True,True,3,Fácil
2f51e62cdd-f0-d0-r14-q0,"Segurança Operacional, SGSO, Sistemas de Segurança e Gestão de Riscos",SGSO,Média,0.95,"Na preparação do início de operação de um FPSO, a diretoria concluiu que várias práticas do SGSO já aparecem em regulamentos técnicos vigentes e propôs reduzir o orçamento da implantação para concentrá-lo na documentação inicial de conformidade. Qual avaliação é mais consistente com uma implementação eficaz do SGSO?",False,True,True,2,Média
2f51e62cdd-f0-d0-r14-q2,"Segurança Operacional, SGSO, Sistemas de Segurança e Gestão de Riscos",SGSO,Média,0.95,"Em um FPSO, um quase incidente durante uma atividade de manutenção contratada revelou falhas de comunicação entre a equipe embarcada e a contratada, além de dúvidas sobre quem deveria registrar e investigar o evento. Qual resposta gerencial tende a fortalecer mais o SGSO?",True,True,True,3,Fácil
2f51e62cdd-f0-d0-r14-q3,"Segurança Operacional, SGSO, Sistemas de Segurança e Gestão de Riscos",SGSO,Média,0.94,"Uma auditoria interna em um FPSO verificou que a política de segurança está assinada pela alta administração, mas operadores e supervisores têm interpretações divergentes sobre o fluxo de reporte de desvios, e os registros mostram treinamento irregular entre turnos. Qual conclusão é mais sólida?",True,True,True,3,Fácil
2f51e62cdd-f0-d0-r15-q0,"Segurança Operacional, SGSO, Sistemas de Segurança e Gestão de Riscos",SGSO,Média,0.95,"Durante a preparação do início de operação de um FPSO, a diretoria afirma que segurança é prioridade, mas a revisão orçamentária reduziu verbas de treinamento, auditorias internas e atualização documental, preservando apenas atividades diretamente produtivas. À luz do SGSO, qual decisão gerencial melhor sustenta, na prática, esse compromisso?",False,True,True,2,Média
2f51e62cdd-f0-d0-r15-q2,"Segurança Operacional, SGSO, Sistemas de Segurança e Gestão de Riscos",SGSO,Média,0.96,"Em um FPSO, quase-incidentes recorrentes envolvendo equipes próprias e contratadas continuam ocorrendo, apesar de briefings diários e campanhas de comunicação visual. As análises mostram repetição de causas semelhantes, mas as ações corretivas não se consolidam entre turnos. Qual ajuste no SGSO tende a atacar melhor o problema?",True,True,True,3,Fácil
2f51e62cdd-f0-d0-r15-q3,"Segurança Operacional, SGSO, Sistemas de Segurança e Gestão de Riscos",SGSO,Média,0.94,"Após um ano de operação, um FPSO registra alta conclusão dos treinamentos obrigatórios, mas poucos relatos espontâneos de desvios, hesitação para interromper tarefas inseguras e repetição de falhas já tratadas em reuniões. À luz do SGSO, qual interpretação é mais compatível?",True,True,True,3,Fácil
2f51e62cdd-f0-d0-r15-q4,"Segurança Operacional, SGSO, Sistemas de Segurança e Gestão de Riscos",SGSO,Média,0.92,"Na revisão do sistema de gestão de um FPSO, a gerência concluiu que muitas práticas exigidas pelo SGSO já aparecem em regulamentos técnicos existentes e, por isso, propôs minimizar esforços adicionais de integração e acompanhamento. Qual avaliação é mais sólida?",True,True,True,3,Fácil
2f51e62cdd-f0-d0-r15-q5,"Segurança Operacional, SGSO, Sistemas de Segurança e Gestão de Riscos",SGSO,Média,0.95,"Durante uma campanha de modificações em um FPSO, aumentaram o número de contratadas a bordo, as trocas de equipe e as queixas relacionadas a ergonomia e carga cognitiva em atividades críticas. Os eventos registrados são de baixa gravidade, mas repetitivos. Qual resposta gerencial tende a fortalecer o SGSO de forma mais abrangente?",True,True,True,3,Fácil
2f51e62cdd-f0-d0-r16-q1,"Segurança Operacional, SGSO, Sistemas de Segurança e Gestão de Riscos",SGSO,Média,0.96,"Na preparação do pacote para início de operação de um FPSO, cada departamento pretende encaminhar seus procedimentos e organogramas de forma separada, sem uma articulação única entre funções, processos e práticas do SGSO. O gerente do projeto quer saber qual arranjo melhor sustenta conformidade e governança.",True,True,True,3,Fácil
2f51e62cdd-f0-d0-r16-q2,"Segurança Operacional, SGSO, Sistemas de Segurança e Gestão de Riscos",SGSO,Média,0.94,"Durante a revisão orçamentária de um FPSO em operação, a empresa concluiu que parte das práticas do SGSO já coincide com exigências regulatórias que ela cumpre há anos. Para capturar sinergias sem enfraquecer o sistema, qual decisão gerencial tende a ser mais consistente?",True,False,True,2,Média
2f51e62cdd-f0-d0-r16-q3,"Segurança Operacional, SGSO, Sistemas de Segurança e Gestão de Riscos",SGSO,Média,0.96,"Em um FPSO, pequenos desvios em atividades de manutenção executadas por contratada têm aparecido em passagens de turno e relatórios locais, mas poucos casos avançam para investigação formal, e a tripulação entende que só eventos com afastamento merecem escalonamento. A gerência quer fortalecer comunicação e cultura de segurança. Qual iniciativa é mais aderente ao SGSO?",True,True,True,3,Fácil
2f51e62cdd-f0-d0-r16-q5,"Segurança Operacional, SGSO, Sistemas de Segurança e Gestão de Riscos",SGSO,Média,0.95,"Após duas rodadas de auditorias internas em um FPSO, os indicadores mostram boa taxa de conclusão de treinamentos e documentação formal atualizada. Ainda assim, persistem três achados recorrentes: supervisão inconsistente de contratadas, ações corretivas que demoram a sair do papel e hesitação de operadores em reportar desvios de rotina. Qual interpretação gerencial é mais robusta?",True,True,True,3,Fácil
2f51e62cdd-f0-d0-r17-q0,"Segurança Operacional, SGSO, Sistemas de Segurança e Gestão de Riscos",SGSO,Média,0.96,"Na preparação para o início de operação de um FPSO, a gerência argumenta que boa parte das práticas do SGSO já aparece em regulamentos técnicos aplicáveis e, por isso, propõe limitar o orçamento novo à resposta a emergências. À luz de uma implementação madura do SGSO, qual avaliação é mais consistente?",True,True,True,3,Fácil
2f51e62cdd-f0-d0-r17-q1,"Segurança Operacional, SGSO, Sistemas de Segurança e Gestão de Riscos",SGSO,Média,0.96,"Em um FPSO recém-integrado à frota, incidentes leves com contratadas se repetem em atividades rotineiras. A apuração mostra critérios de seleção bem definidos em contrato, mas dúvidas recorrentes sobre quem aprova desvios, quem acompanha desempenho em campo e como os treinamentos das contratadas se conectam ao sistema da unidade. Qual ajuste organizacional tende a atacar a causa de forma mais efetiva?",True,True,True,3,Fácil
2f51e62cdd-f0-d0-r17-q2,"Segurança Operacional, SGSO, Sistemas de Segurança e Gestão de Riscos",SGSO,Média,0.95,"Após uma campanha interna de segurança em um FPSO, a diretoria passa a citar a ampla divulgação da política e a presença de gestores em reuniões de bordo como evidências de seu apoio ao SGSO. Meses depois, auditorias e investigações ainda apontam falhas recorrentes na comunicação de riscos e demora no tratamento de não conformidades. Que evidência adicional melhor separa apoio declarado de comprometimento efetivamente incorporado ao sistema?",True,True,True,3,Fácil
2f51e62cdd-f0-d0-r17-q3,"Segurança Operacional, SGSO, Sistemas de Segurança e Gestão de Riscos",SGSO,Média,0.92,"Na elaboração da matriz de correspondência entre o sistema de gestão da empresa e as práticas do SGSO para o início de operação de um FPSO, qual formato tende a sustentar melhor a comprovação perante a governança interna e a fiscalização?",True,True,True,3,Fácil
2f51e62cdd-f0-d0-r17-q4,"Segurança Operacional, SGSO, Sistemas de Segurança e Gestão de Riscos",SGSO,Média,0.96,"Em um FPSO com alta adesão às capacitações, a liderança observa redução nas comunicações de quase-acidentes. Entrevistas indicam que supervisores passaram a vincular metas de desempenho à queda no número de registros, e parte da tripulação passou a perceber a notificação como evidência de falha pessoal. Qual medida gerencial é mais compatível com a cultura de segurança esperada no SGSO?",True,True,True,3,Fácil
2f51e62cdd-f0-d0-r17-q5,"Segurança Operacional, SGSO, Sistemas de Segurança e Gestão de Riscos",SGSO,Média,0.95,"Na revisão do modelo de governança de um FPSO, a empresa percebe que a estrutura onshore-offshore está clara para produção e manutenção, mas difusa para gestão da informação, auditorias e investigação de incidentes. Qual é o principal problema dessa lacuna no contexto do SGSO?",True,True,True,3,Fácil
2f51e62cdd-f0-d0-r18-q0,"Segurança Operacional, SGSO, Sistemas de Segurança e Gestão de Riscos",SGSO,Média,0.94,"Na preparação de um FPSO para início de operação, a empresa já possui procedimentos corporativos de SMS e um organograma funcional. Na revisão final, verifica-se que a documentação não mostra quem, na alta gestão, responde pela política de segurança, pelos objetivos e pela provisão de recursos, nem como esses papéis se conectam às práticas do SGSO. Qual ajuste é mais consistente com uma implementação robusta?",True,True,True,3,Fácil
2f51e62cdd-f0-d0-r18-q1,"Segurança Operacional, SGSO, Sistemas de Segurança e Gestão de Riscos",SGSO,Média,0.93,"Em um FPSO em operação estável, a gerência decide reduzir custos do SGSO porque parte das práticas já aparece em regulamentos técnicos existentes. Qual decisão de alocação de recursos é mais aderente ao sistema?",True,False,True,2,Média
2f51e62cdd-f0-d0-r18-q2,"Segurança Operacional, SGSO, Sistemas de Segurança e Gestão de Riscos",SGSO,Média,0.93,"Após sucessivos quase-acidentes durante manutenção em módulos de processo de um FPSO, a investigação aponta falhas de interface entre contratadas e equipe de bordo, além de erros associados a condições de trabalho e fatores humanos. A diretoria quer uma ação que fortaleça o SGSO sem tratar esses pontos como problemas separados. Qual encaminhamento tende a ser mais eficaz?",True,True,True,3,Fácil
2f51e62cdd-f0-d0-r18-q3,"Segurança Operacional, SGSO, Sistemas de Segurança e Gestão de Riscos",SGSO,Fácil,0.94,"Em um FPSO, a liderança passou a divulgar boletins semanais de segurança e painéis de indicadores. Mesmo assim, não conformidades recorrentes continuam sem fechamento tempestivo, e operadores relatam incerteza sobre a quem reportar desvios. O que falta para que a comunicação seja compatível com um SGSO maduro?",True,True,True,3,Fácil
2f51e62cdd-f0-d0-r18-q4,"Segurança Operacional, SGSO, Sistemas de Segurança e Gestão de Riscos",SGSO,Média,0.92,"Uma operadora quer estruturar o SGSO de um FPSO com base em procedimentos já adotados para cumprir exigências técnicas relacionadas. Durante a implantação, propõe-se reconhecer equivalência entre os sistemas e, com isso, minimizar a revisão da documentação. Qual análise é mais adequada?",True,True,True,3,Fácil
2f51e62cdd-f0-d0-r18-q5,"Segurança Operacional, SGSO, Sistemas de Segurança e Gestão de Riscos",SGSO,Média,0.94,"Após um incidente sem consequências maiores, a gerência onshore conclui que o problema principal não foi a falha técnica, mas a demora em escalar informações entre bordo, contratada e liderança. Na revisão do SGSO, qual arranjo de governança melhor evidencia responsabilidade gerencial e favorece melhoria contínua?",True,True,True,3,Fácil
2f51e62cdd-f0-d0-r19-q0,"Segurança Operacional, SGSO, Sistemas de Segurança e Gestão de Riscos",SGSO,Média,0.94,"Na preparação para a entrada em operação de um FPSO, a diretoria observa que vários controles exigidos pelo SGSO já existem por força de regulamentos técnicos anteriores. Para reduzir custo, propõe usar essa sobreposição como justificativa para não ampliar o orçamento de segurança no primeiro ano. Qual avaliação é mais consistente com uma implementação madura do SGSO?",True,True,True,3,Fácil
2f51e62cdd-f0-d0-r19-q1,"Segurança Operacional, SGSO, Sistemas de Segurança e Gestão de Riscos",SGSO,Média,0.95,"Um FPSO em fase de prontidão operacional possui procedimentos de segurança bem escritos, mas uma auditoria interna identifica conflitos entre produção, manutenção, marítimo e contratadas sobre quem aprova desvios, acompanha ações corretivas e responde por treinamento. Qual medida organizacional melhor fortalece o SGSO?",True,True,True,3,Fácil
2f51e62cdd-f0-d0-r19-q2,"Segurança Operacional, SGSO, Sistemas de Segurança e Gestão de Riscos",SGSO,Média,0.94,"Após uma sequência de quase-acidentes em um FPSO, a gerência percebe que os relatos formais são escassos, embora entrevistas indiquem que as equipes conhecem os desvios. O objetivo é elevar a qualidade do aprendizado organizacional sem depender apenas de fiscalização externa. Qual ação é mais coerente com o SGSO?",True,True,True,3,Fácil
2f51e62cdd-f0-d0-r19-q3,"Segurança Operacional, SGSO, Sistemas de Segurança e Gestão de Riscos",SGSO,Média,0.93,"Em um FPSO, a troca de uma empresa contratada de manutenção coincide com aumento de desvios em liberação de trabalho, retrabalho em tarefas simples e queixas ergonômicas da equipe embarcada. A diretoria avalia se o problema é de contratação, de fatores humanos ou de comunicação interna. Qual abordagem gerencial tende a tratar melhor a causa sistêmica?",True,True,True,3,Fácil
2f51e62cdd-f0-d0-r19-q4,"Segurança Operacional, SGSO, Sistemas de Segurança e Gestão de Riscos",SGSO,Média,0.95,"Antes do início da operação de um novo FPSO, a empresa precisa comprovar que seu sistema de gerenciamento está alinhado às práticas do SGSO. Embora existam muitos procedimentos e relatórios técnicos, os auditores apontam fragilidade na evidência do papel da alta gestão. Qual conjunto documental responde melhor a essa crítica?",False,True,True,2,Média
2f51e62cdd-f0-d0-r19-q5,"Segurança Operacional, SGSO, Sistemas de Segurança e Gestão de Riscos",SGSO,Média,0.94,"Durante a revisão do sistema de gestão de um FPSO já em operação, a liderança conclui que a documentação mínima exigida para submissão inicial foi aprovada, mas ainda há pouca formalização sobre gerenciamento de barreiras e uso de técnicas estruturadas de avaliação de risco. Qual decisão é mais consistente com a responsabilidade gerencial no SGSO?",True,True,True,3,Fácil
2f51e62cdd-f0-d0-r20-q0,"Segurança Operacional, SGSO, Sistemas de Segurança e Gestão de Riscos",SGSO,Média,0.93,"Durante a preparação para iniciar a operação de um FPSO, a diretoria concluiu que várias práticas internas já atendem parcialmente a exigências regulatórias semelhantes às do SGSO. Para reduzir esforço, propôs apenas compilar os documentos de partida e manter a estrutura atual sem ajustes de governança. Qual ação melhor demonstra compromisso e responsabilidade gerencial compatíveis com o SGSO?",True,True,True,3,Fácil
2f51e62cdd-f0-d0-r20-q1,"Segurança Operacional, SGSO, Sistemas de Segurança e Gestão de Riscos",SGSO,Média,0.92,"Na revisão de prontidão de um FPSO, a empresa apresentou procedimentos de treinamento, manutenção, auditoria e investigação de incidentes. Porém, a matriz de correlação não deixa claro quem responde por cada prática, nem como operações, manutenção e contratadas se conectam dentro do sistema. Qual é a principal fragilidade dessa configuração?",True,True,True,3,Fácil
2f51e62cdd-f0-d0-r20-q2,"Segurança Operacional, SGSO, Sistemas de Segurança e Gestão de Riscos",SGSO,Média,0.94,"Depois de identificar coincidências entre rotinas corporativas e práticas exigidas pelo SGSO, a gerência de um FPSO considerou cortar verbas de auditoria, controle documental e interface com empresas contratadas, preservando apenas os treinamentos vistos como obrigatórios. Qual julgamento está mais alinhado a uma implementação efetiva do SGSO?",False,True,True,2,Média
2f51e62cdd-f0-d0-r20-q3,"Segurança Operacional, SGSO, Sistemas de Segurança e Gestão de Riscos",SGSO,Média,0.95,"Em um FPSO, ocorreram quase-acidentes repetidos em atividades executadas por contratadas. As informações circulam em conversas de turno, mas não entram de forma consistente nos registros, e ações corretivas semelhantes voltam a aparecer em áreas diferentes. Qual medida gerencial tende a fortalecer de forma mais robusta o SGSO nesse cenário?",True,True,True,3,Fácil
2f51e62cdd-f0-d0-r20-q4,"Segurança Operacional, SGSO, Sistemas de Segurança e Gestão de Riscos",SGSO,Média,0.92,"Na etapa final de comprovação de aderência do SGSO de um FPSO, a empresa verificou que o conjunto documental atende bem à governança e às rotinas gerais, mas não mostra com clareza como o sistema incorpora controle de barreiras e métodos formais de análise de risco em atividades críticas. Qual decisão gerencial é mais apropriada?",True,True,True,3,Fácil
2f51e62cdd-f0-d0-r20-q5,"Segurança Operacional, SGSO, Sistemas de Segurança e Gestão de Riscos",SGSO,Média,0.94,"Em um FPSO, a direção publicou a política de segurança, aprovou recursos e fixou objetivos anuais. Mesmo assim, persistem orientações contraditórias entre supervisões, baixa notificação de ocorrências e pouca participação das equipes no aperfeiçoamento dos processos. À luz do SGSO, qual leitura explica melhor essa situação?",True,False,True,2,Média
d90e8fba34-f0-d0-r1-q0,Gestão do Desempenho,Geral,Fácil,0.95,"Minutos antes de iniciar uma transferência de carga em um FPSO, o supervisor propõe dispensar o teste funcional dos alarmes de nível alto porque os níveis estavam estáveis no turno anterior e o sistema de controle de carregamento está disponível. Do ponto de vista do controle operacional, qual capacidade fica mais diretamente comprometida por essa decisão?",True,True,True,3,Fácil
d90e8fba34-f0-d0-r1-q2,Gestão do Desempenho,Geral,Média,0.89,"Durante o topping-off, propõe-se uma conexão dedicada entre tanques de carga adjacentes para acelerar a equalização e reduzir manobras de válvulas. Qual decisão preserva melhor a integridade do plano de carregamento?",False,False,False,0,Difícil
d90e8fba34-f0-d0-r1-q3,Gestão do Desempenho,Geral,Média,0.94,"Após repetidos pequenos vazamentos nas válvulas da praça de bombas durante operações de carga, a gerência decide aumentar a quantidade de material absorvente disponível e dobrar a frequência das rondas, sem revisar o arranjo existente. Qual encaminhamento é mais robusto para o controle do desempenho operacional?",True,True,True,3,Fácil
d90e8fba34-f0-d0-r1-q4,Gestão do Desempenho,Geral,Média,0.9,"Durante a revisão de rotinas para transferências a uma embarcação não tripulada, alguém sugere retirar da checklist do turno a verificação das saídas de suspiros, alegando que se trata de característica fixa de projeto e não de item operacional. Qual avaliação é mais adequada?",False,True,True,2,Média
d90e8fba34-f0-d0-r2-q0,Gestão do Desempenho,Geral,Média,0.9,"Na preparação para uma operação de carregamento em um FPSO, a coordenação quer encurtar o checklist para recuperar atraso de programação. Considerando o controle de sobreenchimento e a organização dos turnos, qual ajuste traz o maior risco operacional se for adotado?",True,True,True,3,Fácil
d90e8fba34-f0-d0-r2-q1,Gestão do Desempenho,Geral,Fácil,0.93,"Antes de iniciar uma transferência de carga no turno da noite, a equipe identifica obstrução parcial em uma das saídas de suspiro de um tanque. A janela operacional é curta e há pressão para manter o cronograma. Qual decisão é mais adequada do ponto de vista de planejamento e controle operacional?",True,True,True,3,Fácil
d90e8fba34-f0-d0-r2-q2,Gestão do Desempenho,Geral,Média,0.86,"Em uma campanha longa, o FPSO vem registrando pequenos vazamentos recorrentes em válvulas da praça de bombas durante operações de carga e descarga. Não houve evento maior, mas o desempenho operacional vem sendo afetado por retrabalho e paradas curtas. Qual ação gerencial tende a atacar melhor a causa operacional do problema?",True,True,True,3,Fácil
d90e8fba34-f0-d0-r2-q3,Gestão do Desempenho,Geral,Média,0.91,"Em uma manobra de carregamento, o nível de um tanque passa a subir acima do previsto e se aproxima do alarme antes do ponto programado de redistribuição. Para evitar atraso, propõe-se equalizar os níveis por uma interligação temporária entre tanques. Qual conduta é mais compatível com um controle operacional de carregamento robusto?",True,True,True,3,Fácil
d90e8fba34-f0-d0-r2-q4,Gestão do Desempenho,Geral,Média,0.88,"Na revisão do procedimento de descarga de um FPSO, a equipe observa que, na etapa final, alguns tanques perdem sucção antes do esperado e a condição de estabilidade fica mais sensível. Sabe-se que os pocetos de sucção avançam para dentro dos limites admitidos do fundo duplo. Qual revisão de procedimento faz mais sentido?",True,False,True,2,Média
d90e8fba34-f0-d0-r3-q0,Gestão do Desempenho,Geral,Média,0.88,"Antes de iniciar uma descarga em um FPSO após uma parada curta, o coordenador de operação percebe que o checklist de pré-transferência foi simplificado para recuperar atraso. Qual recomposição do checklist melhor preserva as barreiras operacionais exigidas para a manobra?",True,True,True,3,Fácil
d90e8fba34-f0-d0-r3-q1,Gestão do Desempenho,Geral,Média,0.91,"Durante uma semana com efetivo reduzido, o supervisor quer reorganizar os turnos para manter produção e carregamento sem perder controle operacional. Qual arranjo é mais consistente com o planejamento de turnos para um FPSO em operação de carga?",True,True,True,3,Fácil
d90e8fba34-f0-d0-r3-q2,Gestão do Desempenho,Geral,Média,0.91,"Após uma alteração de arranjo que passou a admitir o avanço dos pocetos de sucção dentro dos limites permitidos do fundo duplo, ao atualizar o procedimento de carregamento, qual consequência operacional deve receber maior atenção?",True,True,True,3,Fácil
d90e8fba34-f0-d0-r3-q3,Gestão do Desempenho,Geral,Fácil,0.92,"Após um vazamento de pequena monta na praça de bombas durante o turno da noite, a gerência quer reduzir a recorrência sem ampliar significativamente o efetivo. Qual medida de controle operacional tende a ser mais eficaz?",True,True,True,3,Fácil
d90e8fba34-f0-d0-r3-q4,Gestão do Desempenho,Geral,Fácil,0.89,"Ao montar a rotina semanal de produção e carregamento, discutiu-se quais verificações devem constar como atividades recorrentes, e não apenas de comissionamento. Qual conjunto melhor representa esse controle operacional contínuo?",True,True,True,3,Fácil
d90e8fba34-f0-d0-r3-q5,Gestão do Desempenho,Geral,Média,0.88,"Em uma campanha com janelas curtas de alívio e exportação, a equipe propõe usar uma interligação direta entre dois tanques de carga para equalizar níveis e acelerar a sequência, reduzindo intervenções na praça de bombas. Qual resposta é mais consistente com o controle operacional e a base de projeto do FPSO?",False,False,True,1,Difícil
d90e8fba34-f0-d0-r4-q2,Gestão do Desempenho,Geral,Média,0.88,"Durante uma revisão de rotas de inspeção, foi proposta a utilização da praça de bombas como corredor rotineiro entre diferentes compartimentos, com o argumento de que ela deve permitir passagem sem restrição entre convés e fundo duplo. Qual avaliação é mais consistente com os requisitos operacionais e de arranjo?",True,True,True,3,Fácil
d90e8fba34-f0-d0-r4-q4,Gestão do Desempenho,Geral,Média,0.91,"Em uma campanha de transferência com janelas curtas entre produção e carregamento, o supervisor pretende retirar da rotina periódica a verificação de obstrução e conformidade das saídas de suspiros para ganhar tempo de preparação. Qual é a melhor análise dessa proposta?",True,True,True,3,Fácil
d90e8fba34-f0-d0-r4-q5,Gestão do Desempenho,Geral,Média,0.86,"Em uma auditoria interna, a equipe constatou que requisitos como borda de contenção no convés, ausência de conexões diretas entre tanques, limites de arranjo dos pocetos, antepara entre motor e bomba e localização de acessos aparecem nos desenhos de projeto, mas não estão claramente refletidos nos procedimentos de carregamento, nos manuais de operação e na rotina de manutenção preventiva. Qual é o risco de gestão de desempenho mais relevante nesse cenário?",True,True,True,3,Fácil
d90e8fba34-f0-d0-r5-q0,Gestão do Desempenho,Geral,Fácil,0.95,"Em um início de campanha, a equipe quer acelerar a liberação para carregamento após manutenção no sistema de controle. Para ganhar tempo, surgiu a proposta de iniciar a transferência usando acompanhamento manual de nível e deixar alguns testes para mais tarde. Qual ajuste no plano preserva de forma mais direta a barreira contra sobreenchimento?",True,True,True,3,Fácil
d90e8fba34-f0-d0-r5-q1,Gestão do Desempenho,Geral,Média,0.92,"Em um FPSO com equipe reduzida, a coordenação precisa redesenhar os turnos para uma janela de carga e descarga intensas. Qual arranjo de responsabilidades tende a dar mais robustez ao controle da operação?",True,True,True,3,Fácil
d90e8fba34-f0-d0-r5-q2,Gestão do Desempenho,Geral,Média,0.96,"Durante a preparação de uma transferência para uma embarcação não tripulada, a equipe identifica dúvida sobre possível obstrução parcial em uma saída de suspiro. Os níveis dos tanques estão normais e a praça de bombas não apresenta anomalias. A produção pressiona para manter a programação. Qual decisão é mais consistente com o controle operacional?",True,True,True,3,Fácil
d90e8fba34-f0-d0-r5-q4,Gestão do Desempenho,Geral,Média,0.89,"Na revisão do procedimento de descarregamento, a engenharia confirmou que os pocetos de sucção permanecem dentro das tolerâncias admissíveis do fundo duplo. No stripping de encerramento, qual item deve constar de modo explícito na programação operacional?",True,False,True,2,Média
d90e8fba34-f0-d0-r5-q5,Gestão do Desempenho,Geral,Fácil,0.91,"Antes de uma campanha com operações sucessivas de carga, o supervisor nota que o procedimento não incorpora com clareza exigências do arranjo físico, como rotas de acesso, separação entre motor e bomba e inexistência de ligação direta entre tanques. Qual medida gerencial melhor sustenta a execução dos turnos?",True,True,True,3,Fácil
d90e8fba34-f0-d0-r6-q0,Gestão do Desempenho,Geral,Média,0.91,"Após uma manutenção corretiva na praça de bombas, o coordenador de turno precisa recuperar atraso e propõe enxugar o checklist antes de reiniciar o carregamento. Qual ajuste preserva melhor as barreiras operacionais mais relevantes para o início seguro da transferência?",True,False,True,2,Média
d90e8fba34-f0-d0-r6-q1,Gestão do Desempenho,Geral,Fácil,0.89,"Na reavaliação da escala de um FPSO, a gerência pretende diminuir a quantidade de interfaces entre equipes durante operações de transferência de carga. Qual arranjo de atribuições por turno é mais compatível com o nível de coordenação operacional exigido nessas manobras?",True,True,True,3,Fácil
d90e8fba34-f0-d0-r6-q2,Gestão do Desempenho,Geral,Média,0.92,"Após dois eventos de pequeno vazamento por válvulas na praça de bombas, a unidade dispõe de recursos para uma única ação imediata antes da próxima campanha, enquanto uma revisão mais ampla ficará para parada futura. Qual priorização tende a reduzir melhor o risco operacional no curto prazo sem depender de detecção tardia?",True,True,True,3,Fácil
d90e8fba34-f0-d0-r6-q3,Gestão do Desempenho,Geral,Difícil,0.87,"Em um FPSO, a equipe quer adiantar o stripping para ganhar tempo de descarga, operando próximo da condição limite de sucção da carga. O coordenador precisa decidir se isso pode ser tratado como ajuste de sequência no sistema de controle ou se requer revisão formal da base operacional. Qual interpretação é mais adequada?",True,True,True,3,Fácil
d90e8fba34-f0-d0-r6-q4,Gestão do Desempenho,Geral,Média,0.77,"Durante uma análise de melhoria de acessos para manutenção e inspeção, uma proposta de modificação precisa ser filtrada antes de seguir para detalhamento. Qual opção entra em conflito com a configuração operacional esperada para a praça de bombas de carga?",False,True,False,1,Difícil
d90e8fba34-f0-d0-r6-q5,Gestão do Desempenho,Geral,Média,0.91,"Antes de iniciar uma manobra de carga, é detectada restrição parcial em um ponto de ventilação dos tanques, e a equipe cogita prosseguir com vigilância intensificada no convés. Qual julgamento é mais adequado para definir o planejamento operacional do turno?",False,True,True,2,Média
d90e8fba34-f0-d0-r7-q0,Gestão do Desempenho,Geral,Média,0.91,"Na preparação para iniciar o carregamento em um FPSO, o supervisor sugere encurtar o checklist testando o alarme de nível alto de apenas um tanque por grupo, sob o argumento de que todos os sinais entram no mesmo sistema de controle. Como essa proposta deve ser avaliada?",True,True,True,3,Fácil
d90e8fba34-f0-d0-r7-q1,Gestão do Desempenho,Geral,Média,0.91,"No mesmo turno em que está prevista uma descarga para cumprir a janela do aliviador, a manutenção programou limpeza das rotas de drenagem da praça de bombas. Considerando o controle operacional do FPSO, qual replanejamento é mais consistente?",True,True,True,3,Fácil
d90e8fba34-f0-d0-r7-q2,Gestão do Desempenho,Geral,Média,0.88,"Uma equipe revisa o procedimento de transferência de carga para uma embarcação não tripulada e sugere retirar a checagem operacional dos suspiros do checklist de pré-manobra, tratando esse item apenas como inspeção de manutenção periódica. Qual decisão é mais alinhada ao planejamento operacional seguro?",True,True,True,3,Fácil
d90e8fba34-f0-d0-r7-q4,Gestão do Desempenho,Geral,Difícil,0.91,"Após campanhas sucessivas com dificuldade para retirar o remanescente de carga, a equipe avalia modificar o avanço dos pocetos de sucção na região do fundo duplo. Na revisão da rotina de transferência, qual tratamento dessa alteração é o mais adequado?",True,True,False,2,Média
d90e8fba34-f0-d0-r7-q5,Gestão do Desempenho,Geral,Média,0.9,"Em uma auditoria interna de desempenho operacional, verificou-se que os checklists de turno cobrem níveis, vazões e alinhamento de válvulas, mas não incluem confirmação da antepara entre motor e bomba, do isolamento do motor fora da área de carga e das rotas de acesso e saída de emergência da praça de bombas. Qual ajuste é mais apropriado?",True,True,True,3,Fácil
d90e8fba34-f0-d0-r8-q0,Gestão do Desempenho,Geral,Fácil,0.95,"Na preparação de uma operação de carga, o supervisor sugeriu ensaiar apenas um detector de alto nível como referência e observar os demais tanques pelo sistema de carregamento para acelerar a troca de turno. Qual julgamento melhor atende ao controle operacional da transferência?",True,True,True,3,Fácil
d90e8fba34-f0-d0-r8-q1,Gestão do Desempenho,Geral,Média,0.85,"Na revisão do turno noturno para uma campanha com transferências recorrentes, qual proposta tende a manter melhor a confiabilidade da operação e das rotinas da unidade?",True,True,True,3,Fácil
d90e8fba34-f0-d0-r8-q2,Gestão do Desempenho,Geral,Média,0.94,"Após pequenos vazamentos recorrentes na praça de bombas durante transferências, a coordenação quer revisar o plano operacional para reduzir a recorrência e melhorar a resposta do turno. Qual revisão tende a atacar melhor o problema?",True,True,True,3,Fácil
d90e8fba34-f0-d0-r8-q4,Gestão do Desempenho,Geral,Fácil,0.93,"Ao revisar a programação de uma transferência para embarcação não tripulada, a equipe tratou os suspiros como assunto apenas de projeto e retirou sua checagem do checklist do turno. Onde está o erro principal desse entendimento?",True,False,True,2,Média
d90e8fba34-f0-d0-r8-q5,Gestão do Desempenho,Geral,Média,0.91,"Na fase final de descarregamento, a produção quer maximizar a retirada de carga residual e antecipar a próxima manobra. O engenheiro de operações lembra que os pocetos avançam dentro dos limites admitidos do fundo duplo. Qual decisão de planejamento é mais adequada?",True,False,False,1,Difícil
d90e8fba34-f0-d0-r9-q0,Gestão do Desempenho,Geral,Média,0.95,"Ao analisar um desvio no início de uma operação de offloading, a gerência verificou que o alarme de nível alto de um tanque não havia sido testado, a praça de bombas não fora inspecionada quanto à estanqueidade das válvulas e o turno confiou que o sistema de controle compensaria essas falhas. Que ajuste de planejamento operacional melhor evita a recorrência?",True,True,True,3,Fácil
d90e8fba34-f0-d0-r9-q1,Gestão do Desempenho,Geral,Fácil,0.93,"Durante uma parada curta, a equipe de manutenção propôs armazenar materiais temporariamente na praça de bombas e usar essa mesma área como rota regular para alcançar o fundo duplo, porque isso reduziria deslocamentos do turno. No planejamento integrado das atividades, qual decisão é mais consistente com a operação segura do FPSO?",True,True,True,3,Fácil
d90e8fba34-f0-d0-r9-q2,Gestão do Desempenho,Geral,Média,0.95,"Na preparação de uma transferência, um dos tanques apresenta indicação estável no sistema de controle, mas falha no teste funcional do alarme individual de nível alto. A produção pressiona para iniciar a operação com monitoramento mais frequente do operador de campo. Qual é a melhor decisão operacional?",False,True,True,2,Média
d90e8fba34-f0-d0-r9-q3,Gestão do Desempenho,Geral,Média,0.9,"Um coordenador quer revisar os indicadores usados na reunião diária de desempenho do FPSO. Até então, o painel privilegia tonelagem movimentada, horas de bomba em serviço e tempo médio de manobra. Se o objetivo é melhorar a confiabilidade do controle operacional do carregamento e das rotinas de produção, qual conjunto de indicadores tende a ser mais aderente?",True,True,True,3,Fácil
d90e8fba34-f0-d0-r9-q4,Gestão do Desempenho,Geral,Difícil,0.91,"Ao revisar a etapa de esgotamento final de um tanque, a engenharia identificou que uma nova configuração do poceto aumenta a recuperação remanescente, mas modifica o comportamento hidráulico da tomada de carga próximo ao término da manobra. Para manter a operação previsível e segura, qual consequência deve ser priorizada?",True,True,True,3,Fácil
d90e8fba34-f0-d0-r10-q0,Gestão do Desempenho,Geral,Média,0.92,"Antes de iniciar uma operação de carregamento após uma intervenção de manutenção na linha de carga, o supervisor do turno dispõe de uma janela curta para liberação da atividade. Qual sequência de ações oferece a base mais consistente para começar a transferência com controle operacional adequado?",True,True,True,3,Fácil
d90e8fba34-f0-d0-r10-q1,Gestão do Desempenho,Geral,Média,0.93,"Depois de um quase-acidente, verificou-se que a resposta a um alarme de nível alto atrasou porque o mesmo operador acumulava atividades na praça de bombas. Na revisão da escala, qual medida tende a reduzir melhor a recorrência?",True,True,True,3,Fácil
d90e8fba34-f0-d0-r10-q2,Gestão do Desempenho,Geral,Fácil,0.92,"Na revisão das rotas operacionais durante campanhas intensas de carga e descarga, surgiu a proposta de usar a praça de bombas como atalho rotineiro entre o convés e espaços inferiores para reduzir deslocamentos da equipe. Qual decisão é mais coerente com o controle operacional e com os requisitos de arranjo?",False,False,True,1,Difícil
d90e8fba34-f0-d0-r10-q3,Gestão do Desempenho,Geral,Média,0.88,"Uma unidade registra pequenos vazamentos recorrentes em válvulas na praça de bombas, sem perdas relevantes de produção, porém com interrupções frequentes para contenção local. Sob a ótica da gestão do desempenho operacional, qual medida tende a tratar melhor a causa do problema?",True,True,True,3,Fácil
d90e8fba34-f0-d0-r10-q4,Gestão do Desempenho,Geral,Média,0.92,"Durante a padronização do procedimento de descarregamento final dos tanques, a equipe propôs aplicar a mesma sequência de sucção para todos os tanques do FPSO. Parte do time argumenta que isso simplifica o treinamento e reduz variação entre turnos. Qual avaliação técnica é mais consistente?",True,False,True,2,Média
d90e8fba34-f0-d0-r11-q0,Gestão do Desempenho,Geral,Média,0.9,"Ao planejar o turno de uma operação de carregamento em um FPSO, cogita-se reduzir a presença permanente no campo e concentrar o acompanhamento na sala de controle, deixando a área de carga para verificações esporádicas. À luz dos requisitos operacionais, qual arranjo de equipe tende a manter melhor o controle da transferência?",True,True,True,3,Fácil
d90e8fba34-f0-d0-r11-q3,Gestão do Desempenho,Geral,Média,0.92,"Após um quase incidente com vazamento na praça de bombas durante uma manobra de carga, a coordenação pretende revisar o checklist de pré-partida. Se o objetivo é atacar o mecanismo mais diretamente relacionado ao evento, qual revisão de rotina é a mais apropriada?",True,True,True,3,Fácil
d90e8fba34-f0-d0-r11-q4,Gestão do Desempenho,Geral,Fácil,0.91,"Em um plano de otimização de rotina, propôs-se concentrar quase todo o acompanhamento do carregamento em automação e reduzir verificações presenciais periódicas. Entre as atividades abaixo, qual é a menos substituível por monitoramento remoto e, por isso, deve continuar programada nos turnos?",True,True,True,3,Fácil
d90e8fba34-f0-d0-r11-q5,Gestão do Desempenho,Geral,Média,0.85,"Na preparação de uma parada curta para manutenção, sugeriu-se usar a praça de bombas como rota de passagem para que diferentes equipes alcancem mais rapidamente compartimentos inferiores e outras frentes de serviço. À luz dos requisitos de arranjo e de seus efeitos no planejamento operacional, qual avaliação é a mais adequada?",True,True,True,3,Fácil
d90e8fba34-f0-d0-r12-q0,Gestão do Desempenho,Geral,Média,0.89,"Em um FPSO, a coordenação quer iniciar uma manobra de carregamento durante a troca de turno da noite para evitar impacto na produção. Como o efetivo de bordo está reduzido, foi sugerido liberar o início com o controle automático ativo e realizar, nos 30 minutos iniciais, a verificação dos alarmes individuais de nível alto e a ronda na praça de bombas. Qual avaliação é mais adequada?",True,True,True,3,Fácil
d90e8fba34-f0-d0-r12-q1,Gestão do Desempenho,Geral,Média,0.86,"Após duas ocorrências de variação inesperada no ritmo de enchimento entre tanques, o supervisor quer simplificar o planejamento de turnos e concentrar o acompanhamento remoto dos níveis em um único operador, enquanto a equipe de campo faria rondas gerais sem atribuição específica para a praça de bombas. Qual arranjo está mais alinhado ao controle operacional da operação de carregamento?",True,True,False,2,Média
d90e8fba34-f0-d0-r12-q2,Gestão do Desempenho,Geral,Difícil,0.79,"Na atualização do procedimento de término da descarga, verifica-se que os pocetos de sucção passam a avançar dentro dos limites admitidos para o fundo duplo. A operação sugere preservar a sequência antiga de manobras por considerar a mudança meramente construtiva. Qual avaliação é a mais apropriada?",False,False,True,1,Difícil
d90e8fba34-f0-d0-r12-q3,Gestão do Desempenho,Geral,Média,0.85,"Durante o planejamento de uma manobra de transferência, a equipe de operações pretende executar simultaneamente uma atividade de rotina no convés próximo às saídas dos suspiros de uma embarcação de apoio não tripulada. O argumento é que, como não haverá pessoas embarcadas nessa unidade, basta acompanhar níveis e vazões do FPSO. Qual avaliação é mais adequada?",True,True,True,3,Fácil
d90e8fba34-f0-d0-r12-q4,Gestão do Desempenho,Geral,Fácil,0.91,Um gerente de operações quer reduzir a duração total de uma janela de carregamento sem criar novas exposições. Quatro propostas de reorganização de rotina foram apresentadas. Qual delas melhor preserva o desempenho do processo e as barreiras operacionais?,True,True,True,3,Fácil
d90e8fba34-f0-d0-r12-q5,Gestão do Desempenho,Geral,Média,0.84,"Após uma auditoria interna, constatou-se que o FPSO possui bom histórico de vazão e disponibilidade de bombas, mas handovers entre turnos mostram interpretações diferentes sobre o que precisa ser verificado antes de cada transferência. Qual ação gerencial tende a melhorar mais a consistência operacional?",True,True,True,3,Fácil
d90e8fba34-f1-d0-r13-q1,Gestão do Desempenho,Geral,Fácil,0.95,"Na definição de um KPI para consumo específico de químicos em um FPSO, a equipe concorda que o tema é relevante, mas descobre que parte dos apontamentos de dosagem é manual, sem periodicidade estável e sem responsável definido. Qual decisão é mais consistente com boa definição de indicadores?",True,True,True,3,Fácil
d90e8fba34-f1-d0-r13-q2,Gestão do Desempenho,Geral,Média,0.94,"Dois FPSOs da mesma gestão decidiram comparar o custo operacional por barril a partir dos registros de caixa de cada unidade. A análise mostrou diferenças relevantes, mas as plataformas usam critérios distintos para enquadrar serviços, materiais e investimentos, e uma delas ainda mistura gastos recorrentes com desembolsos de mobilização. Antes de adotar o indicador em metas comparativas, qual medida tende a torná-lo mais útil para a gestão?",True,True,True,3,Fácil
d90e8fba34-f1-d0-r13-q3,Gestão do Desempenho,Geral,Média,0.95,"Em um comitê do FPSO, o painel mostra piora simultânea em disponibilidade de compressão, queima em flare e custo de manutenção corretiva. As áreas apresentam explicações técnicas, mas não há registro consolidado das ações, prazos ou responsáveis, e os mesmos desvios reaparecem em ciclos seguintes. Qual medida de governança tende a atacar a fragilidade principal?",True,True,False,2,Média
d90e8fba34-f1-d0-r13-q4,Gestão do Desempenho,Geral,Média,0.93,O gerente de operações de um FPSO precisa revisar a previsão orçamentária do trimestre após aumento de indisponibilidade em utilidades e expectativa de campanha de manutenção adicional. O painel atual mostra apenas o realizado do mês. Qual evolução do sistema de monitoramento tende a apoiar melhor a decisão?,True,True,True,3,Fácil
d90e8fba34-f1-d0-r13-q5,Gestão do Desempenho,Geral,Média,0.95,"Uma unidade FPSO em fase madura quer redesenhar seu painel de desempenho. A equipe local sustenta que indicadores corporativos de segurança, sustentabilidade e resumo operacional capturam de forma limitada as restrições do ativo; a área corporativa, por sua vez, exige comparabilidade entre unidades. Qual solução tende a equilibrar melhor esses objetivos?",True,True,True,3,Fácil
d90e8fba34-f1-d0-r14-q0,Gestão do Desempenho,Geral,Média,0.92,"Na implantação do painel de desempenho de um FPSO recém-assumido, cada gerência propõe indicadores próprios: operações quer eficiência de produção, engenharia quer backlog, QSMS quer frequência de desvios e finanças quer caixa operacional. O diretor da unidade quer evitar um painel fragmentado, com metas que não conversem entre si. Qual desenho de painel tende a produzir melhor alinhamento entre gestão local e estratégia corporativa?",True,True,True,3,Fácil
d90e8fba34-f1-d0-r14-q1,Gestão do Desempenho,Geral,Fácil,0.93,"Um FPSO utiliza registros financeiros com baixo grau de formalização: receitas, custos diretos, indiretos e investimentos são lançados com critérios diferentes por turno e por contrato. A gerência quer comparar tendência de desempenho entre meses e entre unidades do portfólio. Qual medida é mais adequada para que os indicadores financeiros passem a sustentar essa comparação?",True,True,True,3,Fácil
d90e8fba34-f1-d0-r14-q2,Gestão do Desempenho,Geral,Média,0.92,"Em um FPSO, a taxa de indisponibilidade de um sistema aparece de forma diferente no painel da operação, no relatório de engenharia e no consolidado enviado ao corporativo. As reuniões passam a discutir números conflitantes em vez de decisões. Qual arranjo de governança tende a atacar a causa do problema?",True,False,True,2,Média
d90e8fba34-f1-d0-r14-q3,Gestão do Desempenho,Geral,Média,0.92,"No painel mensal de um FPSO, o indicador de eficiência de um processo crítico ficou abaixo da meta por três ciclos consecutivos. A equipe já identificou iniciativas em estudo, mas o comitê quer uma prática de gestão que aumente a capacidade de execução e aprendizado. Qual encaminhamento é mais consistente?",True,True,True,3,Fácil
d90e8fba34-f1-d0-r14-q5,Gestão do Desempenho,Geral,Média,0.9,"O painel corporativo de um FPSO mostra resultados atuais de produção, custos, segurança e disponibilidade, mas o orçamento revisado continua sofrendo desvios repetitivos. A direção percebe que o sistema informa bem o passado, porém antecipa pouco os impactos das variações sobre decisões futuras. Qual evolução do sistema de desempenho tende a aumentar seu valor para a gestão?",True,True,True,3,Fácil
d90e8fba34-f1-d0-r15-q0,Gestão do Desempenho,Geral,Média,0.87,"Ao revisar o painel de desempenho de um FPSO, operações, engenharia, QSMS e finanças passaram a pactuar objetivos quase sem coordenação. Após dois ciclos, um setor apresenta avanço e outro recuo, e a liderança não consegue relacionar esses resultados aos objetivos da unidade. Qual estrutura de governança tende a recompor melhor a consistência do sistema?",True,True,True,3,Fácil
d90e8fba34-f1-d0-r15-q1,Gestão do Desempenho,Geral,Fácil,0.89,"Uma unidade quer incorporar indicadores financeiros ao painel de desempenho, mas seus registros de caixa apresentam classificações inconsistentes de receitas e custos, além de pouco histórico consolidado. Qual abordagem inicial é mais consistente para que esses indicadores sejam confiáveis e úteis à gestão?",True,True,True,3,Fácil
d90e8fba34-f1-d0-r15-q2,Gestão do Desempenho,Geral,Média,0.9,"Em um FPSO, o trimestre fechou com bom resultado econômico, porém cresceram desvios operacionais, manifestações de partes interessadas e atrasos em iniciativas críticas. A hipótese é que o painel não esteja mostrando adequadamente como um objetivo impacta outro. Que redesenho tende a melhorar a tomada de decisão?",True,True,True,3,Fácil
d90e8fba34-f1-d0-r15-q3,Gestão do Desempenho,Geral,Fácil,0.92,"Em uma reunião mensal de desempenho de um FPSO, um indicador operacional ficou abaixo da meta por três ciclos consecutivos. A causa principal já foi identificada, mas ainda não existe um plano formal de resposta. Qual encaminhamento é mais aderente a uma gestão de desempenho robusta?",True,True,True,3,Fácil
d90e8fba34-f1-d0-r15-q4,Gestão do Desempenho,Geral,Fácil,0.9,"Na seleção de novos KPIs para o painel de um FPSO, quatro propostas chegaram ao comitê. Qual delas está mais alinhada aos critérios de seleção e padronização de indicadores?",True,True,True,3,Fácil
d90e8fba34-f1-d0-r16-q0,Gestão do Desempenho,Geral,Média,0.91,"Um FPSO recém-integrado ao portfólio tem registros financeiros em livro-caixa com classificações inconsistentes de custos e receitas, enquanto a diretoria quer incluir indicadores de margem operacional e geração de caixa no painel já no próximo ciclo. Qual desenho inicial de indicadores é mais adequado para produzir comparações úteis entre períodos e entre unidades?",True,True,True,3,Fácil
d90e8fba34-f1-d0-r16-q1,Gestão do Desempenho,Geral,Média,0.91,"Em um FPSO, operação, engenharia e nível corporativo passaram a adotar referências distintas para a mesma meta de confiabilidade, gerando conflitos nas decisões de manutenção e na alocação de orçamento. Que arranjo de governança tende a atacar a causa desse desalinhamento?",True,True,True,3,Fácil
d90e8fba34-f1-d0-r16-q2,Gestão do Desempenho,Geral,Média,0.9,"Durante a revisão mensal de um painel de desempenho de FPSO, a produção ficou dentro da meta no mês corrente, mas a análise mostrou aumento sucessivo de custos diretos, piora de eficiência de tratamento e tendência de desvio no orçamento do trimestre. A equipe propõe manter o plano sem mudanças porque o resultado atual ainda está dentro da meta. Qual resposta é mais consistente com boas práticas de monitoramento?",True,True,True,3,Fácil
d90e8fba34-f1-d0-r16-q3,Gestão do Desempenho,Geral,Média,0.92,"Um FPSO está cumprindo a meta local de horas de manutenção planejada executada, mas o indicador corporativo de confiabilidade da unidade continua piorando. Ao revisar o painel, percebe-se que o KPI local não mostra se as intervenções realizadas contribuem para o objetivo corporativo. Qual correção é mais apropriada?",True,True,True,3,Fácil
d90e8fba34-f1-d0-r16-q5,Gestão do Desempenho,Geral,Média,0.91,"Em um programa para elevar a disponibilidade e o resultado econômico do FPSO, a unidade definiu metas agressivas de produção, mas não vinculou iniciativas estratégicas nem indicadores de progresso aos objetivos do mapa estratégico. Na prática, o painel mostra resultados finais, mas não permite verificar se as ações escolhidas atuam sobre as causas do desempenho. Qual ajuste é mais adequado?",True,True,True,3,Fácil
d90e8fba34-f1-d0-r17-q1,Gestão do Desempenho,Geral,Média,0.92,"Em um FPSO, a diretriz corporativa de aumentar a regularidade operacional foi repassada às áreas, mas manutenção passou a acompanhar horas de treinamento, operações o volume bombeado e engenharia a quantidade de projetos emitidos, sem critério comum que mostre o quanto cada medida sustenta o resultado corporativo. Qual ajuste de governança melhor corrige esse desalinhamento?",True,True,True,3,Fácil
d90e8fba34-f1-d0-r17-q2,Gestão do Desempenho,Geral,Média,0.91,"Uma operadora pretende comparar mensalmente o desempenho financeiro de dois FPSOs usando registros com base de caixa. Em uma das unidades, há lacunas de histórico e classificação inconsistente de receitas e custos. Qual abordagem de implantação produz indicadores comparáveis sem perder viabilidade operacional?",True,True,True,3,Fácil
d90e8fba34-f1-d0-r17-q3,Gestão do Desempenho,Geral,Média,0.89,"Em um FPSO, os indicadores do mês ainda mostram aderência à meta, mas análises técnicas indicam que atrasos de manutenção podem afetar produção e orçamento nos próximos ciclos. Qual rotina de monitoramento oferece melhor suporte à decisão?",True,True,True,3,Fácil
d90e8fba34-f1-d0-r17-q5,Gestão do Desempenho,Geral,Fácil,0.91,"Após três ciclos seguidos abaixo da meta em um indicador crítico do painel do FPSO, a equipe discute como tratar o desvio. Qual resposta melhor reflete uma gestão de desempenho madura?",True,True,True,3,Fácil
d90e8fba34-f1-d0-r18-q0,Gestão do Desempenho,Geral,Média,0.88,"Ao revisar o painel de desempenho de um FPSO, a diretriz corporativa é aumentar a geração de caixa sem comprometer a segurança operacional. A equipe avalia quatro formas de traduzir essa diretriz para a realidade da unidade. Qual configuração tende a produzir maior coerência entre a estratégia corporativa e a execução operacional?",True,True,True,3,Fácil
d90e8fba34-f1-d0-r18-q1,Gestão do Desempenho,Geral,Média,0.9,"Uma área de gestão quer implantar indicadores financeiros em um FPSO operado com registros de caixa pouco padronizados, histórico incompleto e resistência ao registro sistemático. Qual encaminhamento é mais robusto para iniciar o monitoramento sem perder comparabilidade futura?",True,True,True,3,Fácil
d90e8fba34-f1-d0-r18-q2,Gestão do Desempenho,Geral,Média,0.91,"Em um FPSO, o painel mensal mostra resultados atuais dentro das metas, mas o orçamento do trimestre vem sendo revisado com frequência porque desvios só ficam evidentes quando já afetaram custos e produção. Qual ajuste no ciclo de monitoramento tende a melhorar a capacidade de controle?",True,True,True,3,Fácil
d90e8fba34-f1-d0-r18-q5,Gestão do Desempenho,Geral,Média,0.81,"Depois da revisão do dashboard de desempenho de um FPSO, a organização passou a divulgar métricas em formatos distintos para cada público, o que gerou leituras conflitantes sobre prioridades e entregas. Que arranjo de comunicação mais favorece a governança desse sistema de indicadores?",True,True,True,3,Fácil
d90e8fba34-f1-d0-r19-q2,Gestão do Desempenho,Geral,Média,0.88,"Duas unidades tipo FPSO serão comparadas quanto ao desempenho financeiro, mas uma delas registra receitas e custos em base de caixa, com baixa padronização e histórico incompleto. A direção quer iniciar o monitoramento sem perder comparabilidade entre unidades e ao longo do tempo. Qual encaminhamento é mais consistente?",True,True,True,3,Fácil
d90e8fba34-f1-d0-r19-q3,Gestão do Desempenho,Geral,Fácil,0.92,"Um indicador de desempenho crítico do FPSO ficou abaixo da meta por três meses consecutivos. Nas reuniões, a equipe discute causas, mas o resultado do painel não se traduz em mudança perceptível na operação. Qual ajuste no sistema de gestão tende a aumentar a efetividade do acompanhamento?",True,True,True,3,Fácil
d90e8fba34-f1-d0-r19-q5,Gestão do Desempenho,Geral,Média,0.9,"Um FPSO acumulou muitos KPIs de produção, manutenção, QSMS e finanças, mas o comitê executivo relata dificuldade para entender como esses números sustentam a estratégia da unidade e suas interfaces com o corporativo. Qual reestruturação do painel é mais apropriada?",True,True,True,3,Fácil
d90e8fba34-f1-d0-r20-q2,Gestão do Desempenho,Geral,Média,0.93,"A unidade quer incorporar KPIs financeiros ao painel de uma FPSO operada com registros de caixa ainda heterogêneos entre contratos, materiais e serviços. Parte dos custos indiretos não tem classificação estável e o histórico consolidado é curto. Qual abordagem é mais consistente para iniciar o monitoramento?",True,True,True,3,Fácil
d90e8fba34-f1-d0-r20-q3,Gestão do Desempenho,Geral,Média,0.92,"Nos últimos três ciclos mensais, a FPSO apresentou oscilações de throughput e aumento de despesas de manutenção. O painel mostra realizado versus meta, mas a unidade continua reagindo tarde, já com impacto no orçamento do trimestre. Qual ajuste no ciclo de monitoramento aumenta a capacidade de antecipação?",True,True,True,3,Fácil
d90e8fba34-f1-d0-r20-q4,Gestão do Desempenho,Geral,Média,0.92,"Em um painel de desempenho, um indicador de indisponibilidade de utilidades críticas segue em patamar inadequado há dois meses. As causas mais prováveis já foram levantadas, porém cada área conduz o tratamento em controles próprios, sem conexão com os objetivos e iniciativas da unidade. Qual resposta de gestão melhor completa o ciclo de monitoramento?",True,True,True,3,Fácil
d90e8fba34-f1-d0-r20-q5,Gestão do Desempenho,Geral,Fácil,0.95,"Em uma FPSO, foram sugeridos quatro KPIs para sustentar o objetivo corporativo de manter a produção com segurança. Qual proposta atende melhor aos critérios de seleção e padronização de indicadores?",True,False,False,1,Difícil
d90e8fba34-f2-d0-r21-q0,Gestão do Desempenho,Geral,Média,0.95,"Em um FPSO, a equipe de desempenho comparou dois itens com impacto potencial na produção. O Item 1 falha com frequência, mas está em arranjo redundante e possui sobressalente a bordo, o que mantém cada ocorrência com recuperação curta e sem parada do processo na maior parte dos casos. O Item 2 falha raramente, porém quando falha interrompe uma etapa crítica do processo e requer vários dias para recomposição. Para priorizar ações de manutenção com foco em perda de capacidade, qual leitura é mais adequada?",False,False,True,1,Difícil
d90e8fba34-f2-d0-r21-q2,Gestão do Desempenho,Geral,Fácil,0.95,"Em um FPSO, os apontamentos de indisponibilidade são lançados com descrições pouco específicas, como ""falha de sistema"", e diversas ordens de manutenção não registram de forma consistente o momento de restabelecimento da operação. A gerência quer melhorar a apuração de TMEF e TMPR e identificar quais ativos mais contribuem para as perdas. Qual iniciativa tende a trazer o ganho mais direto nesse cenário?",True,True,True,3,Fácil
d90e8fba34-f2-d0-r21-q3,Gestão do Desempenho,Geral,Fácil,0.95,"Um circuito de processo de um FPSO apresenta vazamentos recorrentes em trechos submetidos ao fluido produzido. A resposta usual tem sido reparar ou substituir os componentes danificados e retomar a operação, mas o problema reaparece em intervalos semelhantes. Qual ação tende a deslocar a gestão da manutenção de uma postura reativa para uma postura preventiva, com reflexo mais consistente em eficiência operacional?",True,True,True,3,Fácil
d90e8fba34-f2-d0-r21-q4,Gestão do Desempenho,Geral,Média,0.93,"Após a implantação de novos intertravamentos em um sistema crítico de utilidades de um FPSO, a taxa de trips aumentou e a disponibilidade percebida pelo time de operação caiu, embora o sistema tenha passado a responder de forma mais conservadora a condições inseguras. Qual avaliação é tecnicamente mais adequada?",True,True,True,3,Fácil
d90e8fba34-f2-d0-r22-q0,Gestão do Desempenho,Geral,Média,0.94,"Em um FPSO, a equipe compara dois sistemas de utilidades que afetam a produção. O Sistema A apresenta MTBF baixo, porém possui arranjo redundante, sobressalente crítico a bordo e reparos curtos. O Sistema B falha poucas vezes, mas, quando falha, interrompe a operação por não ter redundância e exigir longo tempo de reparo. Se o objetivo é reduzir perda de capacidade e melhorar a disponibilidade global, qual priorização é mais consistente?",True,True,True,3,Fácil
d90e8fba34-f2-d0-r22-q1,Gestão do Desempenho,Geral,Fácil,0.95,"Depois de alguns meses de operação, os relatórios de um FPSO exibem horas de indisponibilidade, porém várias ordens de manutenção foram encerradas sem identificar o ativo que originou a ocorrência nem apontar com precisão o intervalo de intervenção. Para obter MTBF e MTTR confiáveis que sustentem o plano de manutenção, qual providência inicial tende a trazer maior benefício?",True,True,True,3,Fácil
d90e8fba34-f2-d0-r22-q3,Gestão do Desempenho,Geral,Média,0.93,"Durante o primeiro ano de operação de um FPSO, um conjunto de válvulas de um sistema utilitário apresenta falhas repetitivas ainda dentro do período de garantia, causando quedas de rendimento e intervenções frequentes. Qual resposta de manutenção tende a reduzir a reincidência e melhorar a eficiência operacional de forma mais robusta?",True,True,True,3,Fácil
d90e8fba34-f2-d0-r22-q4,Gestão do Desempenho,Geral,Difícil,0.87,"Após mudanças para reforçar intertravamentos de segurança em um módulo de processo do FPSO, a unidade passou a registrar mais paradas automáticas e menor disponibilidade do sistema, embora o risco operacional tenha diminuído. Em uma reunião de desempenho, qual conclusão é mais consistente com uma gestão técnica de disponibilidade?",True,True,True,3,Fácil
d90e8fba34-f2-d0-r23-q0,Gestão do Desempenho,Geral,Média,0.92,"Em um FPSO, a equipe de manutenção compara dois itens do sistema de processo. A bomba de recirculação do tratamento falha com frequência, mas opera em arranjo redundante e costuma voltar ao serviço rapidamente quando há sobressalente a bordo. Já um vaso associado ao tratamento raramente falha, porém não tem redundância e seus reparos são longos. Se o objetivo é reduzir a perda de capacidade global da unidade, qual critério de priorização é mais coerente?",True,False,True,2,Média
d90e8fba34-f2-d0-r23-q2,Gestão do Desempenho,Geral,Média,0.9,"Uma equipe precisa estimar a disponibilidade de um módulo de compressão de gás em um FPSO novo, ainda com pouco histórico próprio. Há a opção de usar uma base externa consolidada de falhas e reparos. Qual uso dessa base é mais tecnicamente consistente para suportar a decisão?",True,True,True,3,Fácil
d90e8fba34-f2-d0-r23-q3,Gestão do Desempenho,Geral,Fácil,0.93,"Um skid de utilidades em período de garantia apresenta falhas repetitivas que vêm reduzindo a eficiência operacional do FPSO por recorrência de intervenções corretivas. A gerência quer uma ação que reduza reincidência e custo ao longo do tempo, e não apenas alivie o efeito imediato das paradas. Qual encaminhamento é o mais aderente a esse objetivo?",True,True,True,3,Fácil
d90e8fba34-f2-d0-r23-q4,Gestão do Desempenho,Geral,Média,0.92,"Em um sistema de utilidade crítico do FPSO, uma proposta de modificação adiciona novos intertravamentos. A análise indica menor probabilidade de operação fora dos limites, mas também maior chance de paradas automáticas que reduzem a disponibilidade do sistema. Qual decisão é mais consistente com uma gestão madura de desempenho?",True,True,True,3,Fácil
d90e8fba34-f2-d0-r23-q5,Gestão do Desempenho,Geral,Média,0.94,"A análise de downtime de um FPSO mostra o seguinte: um conjunto de bombas de processo apresenta muitas ocorrências, porém com rápida recuperação quando há selo mecânico disponível a bordo; um equipamento sem redundância apresenta poucas falhas, mas cada evento consome vários dias de reparo e responde pela maior parcela da perda anual de capacidade. Com orçamento limitado para a próxima campanha de melhoria, qual combinação de ação é mais coerente?",True,True,True,3,Fácil
d90e8fba34-f2-d0-r24-q1,Gestão do Desempenho,Geral,Média,0.95,"Em um FPSO, a manutenção consegue somar horas de indisponibilidade por tipo de ocorrência, mas ainda não rastreia com consistência qual item mantenível está por trás de cada evento nem produz indicadores de confiabilidade e mantenabilidade com boa qualidade. Qual medida tende a fechar mais diretamente essa lacuna de gestão?",True,True,True,3,Fácil
d90e8fba34-f2-d0-r24-q3,Gestão do Desempenho,Geral,Média,0.94,"Durante o primeiro ano de operação de um FPSO, um conjunto de bombas de processo apresentou repetidas falhas de rolamento ainda no período de garantia, sempre com manifestação semelhante e impacto recorrente no rendimento da planta. A liderança quer uma ação que reduza reincidências, e não apenas o tempo de resposta a cada evento. Qual iniciativa é mais alinhada a esse objetivo?",True,True,True,3,Fácil
d90e8fba34-f2-d0-r24-q4,Gestão do Desempenho,Geral,Média,0.96,Um sistema de tratamento de água produzida em um FPSO vem sofrendo paradas por atuação de intertravamentos de proteção em situações de desvio operacional. A produção argumenta que flexibilizar a lógica aumentaria a disponibilidade; a engenharia de processo alerta para o papel desses intertravamentos na prevenção de consequências mais graves. Qual avaliação é mais consistente com uma gestão madura do desempenho?,True,True,True,3,Fácil
d90e8fba34-f2-d0-r24-q5,Gestão do Desempenho,Geral,Média,0.93,"Na revisão do plano de manutenção de um módulo de compressão de gás e seus utilitários, a equipe reuniu em um mesmo indicador todas as ocorrências do sistema: trips que interrompem a produção, falhas que degradam a eficiência e pequenos defeitos sem reflexo imediato na operação. Em seguida, tentou definir um plano de intervenção para esse conjunto. Qual ajuste tornaria a análise mais útil para recuperar rendimento e disponibilidade?",True,True,True,3,Fácil
d90e8fba34-f2-d0-r25-q0,Gestão do Desempenho,Geral,Média,0.95,"Em um FPSO, uma bomba principal de utilidades tem TMEF reduzido, mas o sistema dispõe de equipamento reserva em stand-by e de sobressalentes críticos a bordo. Em outro subsistema, um compressor cuja indisponibilidade afeta diretamente a continuidade da produção quase não falha, porém opera sem redundância e seu restabelecimento normalmente leva vários dias. Se o objetivo é minimizar perda de capacidade, qual priorização é mais coerente?",True,True,True,3,Fácil
d90e8fba34-f2-d0-r25-q1,Gestão do Desempenho,Geral,Média,0.92,"Na modelagem de disponibilidade de um novo FPSO do pré-sal, há pouco histórico próprio, e a equipe avalia usar uma base externa consolidada para bombas, vasos e trocadores. Qual abordagem é mais consistente para estimar desempenho e comparar alternativas de projeto?",True,True,True,3,Fácil
d90e8fba34-f2-d0-r25-q2,Gestão do Desempenho,Geral,Média,0.94,"No primeiro ano de operação de um FPSO, diversos instrumentos e válvulas trocados em garantia passam a apresentar novamente modos de falha semelhantes. Embora cada intervenção seja concluída em prazo aceitável, a quantidade de eventos permanece elevada e a eficiência operacional não se recupera. Que medida tende a reduzir melhor a reincidência e elevar a disponibilidade no médio prazo?",True,True,True,3,Fácil
d90e8fba34-f2-d0-r25-q3,Gestão do Desempenho,Geral,Fácil,0.95,"Em um FPSO, o relatório mensal aponta muitas horas de indisponibilidade, porém a equipe não consegue vincular cada evento ao ativo causador nem apurar TMEF e TMPR de forma consistente para vários sistemas de processo e utilidades. Antes de discutir novos investimentos, que iniciativa tende a melhorar mais a gestão do desempenho?",True,True,True,3,Fácil
d90e8fba34-f2-d0-r25-q4,Gestão do Desempenho,Geral,Difícil,0.93,"Após sucessivas paradas automáticas no tratamento de gás de um FPSO, surge a proposta de relaxar intertravamentos para elevar a disponibilidade do sistema. As paradas atuais preservam a segurança, mas reduzem a produção e pressionam a equipe por maior rendimento. Qual posição é tecnicamente mais consistente?",False,True,True,2,Média
d90e8fba34-f2-d0-r25-q5,Gestão do Desempenho,Geral,Média,0.95,"Dois subconjuntos de um sistema de utilidades de um FPSO registram o mesmo número anual de falhas, porém por processos distintos: em um caso, há ataque corrosivo com progressão ao longo do tempo; no outro, predomina desgaste em partes móveis, com menor duração de reparo. A equipe pretende estruturar inspeção e manutenção baseadas em risco para aumentar a disponibilidade. Qual abordagem é mais adequada?",True,True,True,3,Fácil
d90e8fba34-f2-d0-r26-q0,Gestão do Desempenho,Geral,Média,0.89,"Em um FPSO, o trem de compressão de gás tem dois compressores em arranjo com redundância; eles apresentam TMEF baixo, TMPR curto e peças críticas disponíveis a bordo. Já uma unidade do sistema elétrico de utilidade, sem redundância, falha poucas vezes, mas quando falha exige reparo demorado e depende de reposição externa. Se a meta é reduzir perda de capacidade e indisponibilidade total da planta, qual priorização de melhoria tende a ser mais consistente?",True,False,True,2,Média
d90e8fba34-f2-d0-r26-q1,Gestão do Desempenho,Geral,Média,0.85,"Uma equipe precisa estimar a disponibilidade absoluta esperada do sistema de injeção de água de um FPSO do pré-sal recém-entrado em operação. Existe uma base externa de falhas e reparos amplamente usada na indústria, mas a unidade tem arranjo e práticas de manutenção próprias. Qual estratégia é mais robusta?",True,True,True,3,Fácil
d90e8fba34-f2-d0-r26-q2,Gestão do Desempenho,Geral,Média,0.91,"No primeiro ano de um FPSO, equipamentos novos de utilidades têm reincidência de falhas ainda cobertas por garantia, com trocas frequentes e queda de eficiência operacional. Qual iniciativa tende a gerar melhoria mais duradoura de confiabilidade?",True,True,True,3,Fácil
d90e8fba34-f2-d0-r26-q3,Gestão do Desempenho,Geral,Difícil,0.93,"Em um FPSO, intertravamentos de proteção de um sistema de processo têm evitado situações inseguras, mas também provocam paradas que reduzem a disponibilidade operacional. A operação propõe flexibilizar parte dessas funções para recuperar produção. Qual critério de decisão é mais adequado?",True,True,True,3,Fácil
d90e8fba34-f2-d0-r26-q4,Gestão do Desempenho,Geral,Fácil,0.91,"Em um FPSO, os registros de indisponibilidade usam classificações amplas que não permitem identificar com segurança qual ativo originou cada evento. Ao mesmo tempo, ordens e históricos de manutenção são lançados sem padronização, comprometendo a apuração de TMEF e TMPR. Qual iniciativa gerencial tende a trazer maior ganho para definir prioridades de manutenção e dimensionar sobressalentes?",True,True,True,3,Fácil
d90e8fba34-f2-d0-r26-q5,Gestão do Desempenho,Geral,Média,0.93,"Em um trem de processamento de gás de um FPSO, parte das ocorrências reduz a capacidade de processamento sem interromper a operação, enquanto outras retiram o trem de serviço. Em uma análise RAM voltada a decisões de capacidade e disponibilidade, qual abordagem de dados é mais apropriada?",True,False,False,1,Difícil
d90e8fba34-f3-d0-r27-q0,Gestão do Desempenho,Geral,Média,0.96,"Em um FPSO, duas bombas de exportação operam em arranjo 2 x 100%, com instrumentação contínua de vibração, temperatura e pressão. Uma das bombas em serviço começou a apresentar tendência lenta de aumento de vibração, mas a capacidade remanescente do sistema ainda permite programar uma janela de intervenção sem impacto imediato na produção. Qual estratégia de manutenção é mais aderente ao objetivo de confiabilidade com custo otimizado?",True,True,True,3,Fácil
d90e8fba34-f3-d0-r27-q1,Gestão do Desempenho,Geral,Média,0.91,Um transformador do FPSO não pode ser acessado internamente sem uma parada relevante da unidade. O acompanhamento das propriedades do óleo isolante mostra deterioração acima da faixa historicamente associada ao envelhecimento normal. Qual interpretação é a mais adequada para o planejamento da intervenção?,True,True,True,3,Fácil
d90e8fba34-f3-d0-r27-q4,Gestão do Desempenho,Geral,Média,0.89,"Com a janela de parada de um FPSO encurtada, a equipe precisa definir qual item deve orientar a intervenção de um subsistema. Qual critério de priorização melhor representa uma abordagem integrada de risco com RBI/RNM?",True,True,True,3,Fácil
d90e8fba34-f3-d0-r27-q5,Gestão do Desempenho,Geral,Média,0.96,"Um conjunto de válvulas de um sistema crítico de segurança do FPSO possui monitoramento de condição e, ao mesmo tempo, está sujeito a exigências de intervenção periódica por requisitos de segurança e conformidade. Mesmo com parâmetros estáveis de operação, qual política de manutenção é a mais adequada?",True,True,True,3,Fácil
d90e8fba34-f3-d0-r28-q0,Gestão do Desempenho,Geral,Fácil,0.91,"Em um FPSO, duas bombas redundantes de um sistema auxiliar crítico operam com folga de capacidade e têm histórico confiável de vibração, temperatura e pressão. A gerência quer reduzir emergências sem antecipar trocas desnecessárias. Qual política tende a atender melhor a esse objetivo?",True,True,True,3,Fácil
d90e8fba34-f3-d0-r28-q2,Gestão do Desempenho,Geral,Média,0.9,"Após um transiente severo de processo e uma operação fora das condições especificadas, os indicadores usuais de vibração e temperatura de um ativo crítico voltaram ao patamar anterior. Parte da equipe propõe manter apenas a rotina normal de monitoramento, já que a tendência aparente se estabilizou. Qual resposta é mais adequada sob a ótica de um programa de gerenciamento de integridade?",True,False,True,2,Média
d90e8fba34-f3-d0-r28-q3,Gestão do Desempenho,Geral,Média,0.89,"Em um FPSO, um transformador imerso em óleo não admite inspeção interna rotineira sem indisponibilidade significativa. Para definir a vigilância de condição entre paradas maiores, qual interpretação técnica é a mais adequada?",True,True,True,3,Fácil
d90e8fba34-f3-d0-r28-q4,Gestão do Desempenho,Geral,Fácil,0.91,"Na revisão da carteira de inspeções de ativos críticos do FPSO, a equipe quer priorizar intervenções de forma coerente com RBI/RNM, evitando tanto sobreinspeção quanto exposição indevida ao risco. Qual abordagem de priorização tende a produzir um plano mais consistente?",True,True,True,3,Fácil
d90e8fba34-f3-d0-r29-q1,Gestão do Desempenho,Geral,Média,0.93,"Em um FPSO, um transformador imerso em óleo fica em área cujo acesso direto exige parada relevante da planta. A equipe quer evitar abertura prematura, mas também não quer prolongar a operação quando a margem de segurança estiver se reduzindo. Qual prática atende melhor a esse objetivo?",True,True,True,3,Fácil
d90e8fba34-f3-d0-r29-q2,Gestão do Desempenho,Geral,Média,0.92,"Em um FPSO, a remoção programada de um compressor crítico do trem de gás deixará esse conjunto indisponível por vários dias. Há registro de degradação moderada em trocadores, válvulas e instrumentos associados, e alguns desses itens também influenciam outro sistema que utiliza o mesmo fluxo intermediário. No planejamento da intervenção, qual escolha tende a aproveitar melhor essa janela do ponto de vista operacional?",True,True,True,3,Fácil
d90e8fba34-f3-d0-r29-q3,Gestão do Desempenho,Geral,Média,0.93,"Na revisão do RBI/RNM de linhas flexíveis e acessórios de um FPSO, existem laudos recentes de inspeção visual e medições pontuais, porém faltam parte do histórico de operação e a consolidação dos modos de falha. Como os últimos relatórios não indicaram desvios relevantes, surgiu a proposta de alongar a periodicidade de inspeção. Qual decisão melhor sustenta uma avaliação de integridade consistente?",True,False,False,1,Difícil
d90e8fba34-f3-d0-r29-q4,Gestão do Desempenho,Geral,Média,0.91,"Após um episódio de operação fora das condições especificadas, sem falha imediata aparente, a gerência avalia se o programa de integridade deve ser ajustado para os ativos expostos ao evento. Qual encaminhamento está mais alinhado ao papel do PGI?",True,True,True,3,Fácil
d90e8fba34-f3-d0-r30-q0,Gestão do Desempenho,Geral,Fácil,0.95,"Em um FPSO, duas bombas de água de resfriamento operam em arranjo redundante, com uma em serviço e outra em espera. Há monitoramento confiável de vibração, temperatura e desempenho, e a troca entre bombas pode ser programada sem afetar a produção. A gerência quer reduzir intervenções desnecessárias sem elevar o risco operacional. Qual política é mais consistente com esse cenário?",True,True,True,3,Fácil
d90e8fba34-f3-d0-r30-q1,Gestão do Desempenho,Geral,Média,0.91,"Em um FPSO, um transformador imerso em óleo não pode ser aberto para inspeção sem uma parada relevante. Nas últimas campanhas de monitoramento, o fluido dielétrico passou a apresentar tendência de degradação acima do envelhecimento esperado, embora a produção permaneça estável. Diante da dúvida entre aguardar a próxima grande campanha ou agir antes, qual interpretação é mais adequada?",True,True,True,3,Fácil
d90e8fba34-f3-d0-r30-q2,Gestão do Desempenho,Geral,Média,0.81,"Em um subsistema contínuo de produção do FPSO, a equipe precisa definir qual item servirá de referência para programar a parada do conjunto e aproveitar a mesma janela para atuar nos outros componentes. Qual critério melhor representa a manutenção por oportunidade?",True,True,False,2,Média
d90e8fba34-f3-d0-r30-q3,Gestão do Desempenho,Geral,Média,0.93,"Durante a revisão do plano de inspeção de linhas flexíveis submarinas e componentes auxiliares de um FPSO, a equipe dispõe de muitas leituras recentes de monitoramento, porém os históricos de operação, os modos de falha mapeados e os registros de eventos com risco inaceitável estão incompletos. Qual é a principal consequência dessa lacuna para uma priorização alinhada a RBI/RNM?",True,True,True,3,Fácil
d90e8fba34-f3-d0-r30-q4,Gestão do Desempenho,Geral,Média,0.95,"Em um FPSO, a parada programada de um equipamento do subsistema A interromperá temporariamente o fornecimento do produto intermediário usado pelo subsistema B. Em B, há pendências de inspeção cuja execução demanda liberação operacional complexa, embora ainda sem atingir condição crítica. Qual planejamento é mais aderente a uma estratégia integrada de confiabilidade e integridade?",True,True,True,3,Fácil
d90e8fba34-f3-d0-r31-q0,Gestão do Desempenho,Geral,Média,0.94,"Após uma excursão operacional com pressão e temperatura acima da faixa prevista em um conjunto de linhas flexíveis e acessórios do FPSO, os parâmetros rotineiros de tendência ainda não mostram desvio relevante. Na revisão do Programa de Gerenciamento de Integridade, qual encaminhamento é mais consistente com uma estratégia de risco bem estruturada?",True,True,True,3,Fácil
d90e8fba34-f3-d0-r31-q1,Gestão do Desempenho,Geral,Média,0.91,"Em um conjunto de bombas de injeção de água de um FPSO, há equipamentos em redundância e monitoramento confiável de vibração, temperatura e pressão. A manutenção avalia substituir parte das intervenções em intervalo fixo por outra política. Qual escolha tende a trazer melhor equilíbrio entre disponibilidade e custo global?",False,True,True,2,Média
d90e8fba34-f3-d0-r31-q3,Gestão do Desempenho,Geral,Média,0.9,"Um transformador de potência instalado no FPSO só pode ser aberto com uma parada relevante. Nos últimos meses, a análise do óleo isolante mostrou deterioração progressiva acima do patamar histórico de referência. Qual interpretação técnica melhor orienta a manutenção?",True,True,True,3,Fácil
d90e8fba34-f3-d0-r31-q4,Gestão do Desempenho,Geral,Média,0.94,"Na revisão anual do plano de inspeção de ativos críticos do FPSO, a engenharia quer usar RBI/RNM para redefinir periodicidades e métodos de inspeção. Estão disponíveis históricos operacionais, padrões de desempenho, registros de inspeção e monitoramento, modos de falha identificados e eventos associados a risco elevado. Qual uso desses dados é mais consistente com um Programa de Gerenciamento de Integridade?",True,True,True,3,Fácil
d90e8fba34-f3-d0-r31-q5,Gestão do Desempenho,Geral,Média,0.93,"Após um ano de monitoramento preditivo em equipamentos rotativos do FPSO, caiu o número de emergências, mas aumentou a quantidade de intervenções planejadas executadas em janelas operacionais. Parte da gestão entende que isso indica piora da eficiência da manutenção. Qual interpretação é mais adequada?",True,True,True,3,Fácil
d90e8fba34-f4-d0-r32-q0,Gestão do Desempenho,Geral,Média,0.87,"Após três pequenas liberações de hidrocarbonetos sem lesão em um FPSO, a equipe vai revisar a análise de risco. Parte do time quer validar o modelo só com os acidentes mais graves do histórico corporativo; outra parte defende incluir também os quase-acidentes reportados a bordo. Qual encaminhamento tende a produzir uma análise mais confiável para prevenção?",True,True,True,3,Fácil
d90e8fba34-f4-d0-r32-q2,Gestão do Desempenho,Geral,Média,0.91,"Durante uma campanha de manutenção em um FPSO, haverá simultaneamente abertura de equipamentos, trabalhos a quente e entrada de diversos terceiros, com a produção reduzida, mas não totalmente parada. Para reduzir tanto a frequência quanto as consequências de eventos, qual conjunto de controles é mais consistente?",True,True,True,3,Fácil
d90e8fba34-f4-d0-r32-q4,Gestão do Desempenho,Geral,Média,0.9,"Um FPSO opera próximo a rota de aves marinhas e área de pesca artesanal. Ao revisar o plano de emergência para um cenário de derramamento no offloading, qual abordagem oferece melhor base para resposta proporcional e proteção dos receptores mais vulneráveis?",True,True,True,3,Fácil
d90e8fba34-f4-d0-r32-q5,Gestão do Desempenho,Geral,Fácil,0.91,"Na etapa de identificação de riscos de um FPSO, a equipe listou os volumes de óleo cru, diesel e químicos a bordo, mas não relacionou as atividades que podem levar à presença ou liberação dessas substâncias nem os receptores fora da unidade. Qual efeito mais provável dessa omissão sobre a gestão de desempenho em HSE?",True,True,True,3,Fácil
d90e8fba34-f4-d0-r33-q1,Gestão do Desempenho,Geral,Fácil,0.94,"Em um FPSO, a gerência quer usar análise dinâmica de risco e validação com eventos históricos para antecipar falhas operacionais. O problema é que a unidade tem baixa notificação de quase-acidentes e registros incompletos de incidentes menores. Qual ação tende a aumentar mais a confiabilidade das previsões?",True,True,True,3,Fácil
d90e8fba34-f4-d0-r33-q3,Gestão do Desempenho,Geral,Média,0.94,"Após a troca da empresa contratada de manutenção em um FPSO, aumentaram desvios em permissão para trabalho, atrasos em inspeções de barreiras de contenção e falhas no registro de incidentes menores. A gerência busca uma mitigação que reduza tanto a frequência quanto as consequências dos eventos, sem tratar cada desvio como problema isolado. Qual abordagem é mais adequada?",True,True,True,3,Fácil
d90e8fba34-f4-d0-r33-q4,Gestão do Desempenho,Geral,Média,0.92,"Na revisão do plano de emergência de um FPSO, a equipe propõe adotar a LOPA como referência única para selecionar cenários acidentais, definir níveis de emergência e dimensionar a resposta, sob o argumento de que a ferramenta já mostra barreiras de proteção e pontos de mitigação. Qual avaliação é tecnicamente mais consistente?",False,False,True,1,Difícil
d90e8fba34-f4-d0-r33-q5,Gestão do Desempenho,Geral,Fácil,0.93,"Um operador contratou um centro de atendimento a vazamentos para apoiar dois FPSOs. Em um exercício, os equipamentos estavam disponíveis, mas houve demora na mobilização, dúvidas sobre papéis e falhas em itens que não passavam por manutenção preventiva regular. Qual ajuste de gestão tende a elevar mais a prontidão real?",True,True,True,3,Fácil
d90e8fba34-f4-d0-r34-q0,Gestão do Desempenho,Geral,Fácil,0.94,"Após uma modificação no FPSO, a unidade passou a armazenar maior volume de metanol e a realizar mais transferências internas por mangotes. Antes de revisar o plano de resposta, a equipe de HSE precisa atualizar a identificação de riscos. Qual abordagem tende a produzir uma base mais consistente para as etapas seguintes de análise e mitigação?",False,True,True,2,Média
d90e8fba34-f4-d0-r34-q1,Gestão do Desempenho,Geral,Média,0.89,"Uma gerência propõe substituir a análise de riscos do FPSO por LOPA, argumentando que a ferramenta já indica camadas de proteção e pontos de mitigação. Ao mesmo tempo, o banco de dados de incidentes e quase-incidentes da unidade apresenta lacunas e registros pouco padronizados. Qual decisão é mais coerente com uma avaliação de risco confiável?",True,True,True,3,Fácil
d90e8fba34-f4-d0-r34-q2,Gestão do Desempenho,Geral,Média,0.92,"Após um quase-incidente em trabalho a quente realizado por empresa contratada, ficaram evidentes falhas de interface entre operação, manutenção e resposta a emergências. Para reduzir ao mesmo tempo a probabilidade de recorrência e o impacto potencial, qual conjunto de medidas aloca melhor os controles?",True,True,True,3,Fácil
d90e8fba34-f4-d0-r34-q4,Gestão do Desempenho,Geral,Fácil,0.93,"Em um exercício de resposta a derramamento, o centro de atendimento em terra possuía barreiras e skimmers em quantidade adequada, mas houve atraso na mobilização, falhas de operação e indisponibilidade de parte dos equipamentos por manutenção vencida. Qual conclusão gerencial melhor explica o problema?",True,True,True,3,Fácil
d90e8fba34-f4-d0-r35-q0,Gestão do Desempenho,Geral,Média,0.93,"Na revisão do registro de perigos de um FPSO que passará a armazenar maior volume de metanol, a equipe já descreveu fontes, atividades de manuseio e transferência e cenários de descarga de pior caso. O coordenador conclui que a etapa de identificação está suficiente porque os efeitos relevantes seriam tratados na resposta à emergência. Qual complemento torna essa identificação mais consistente?",True,True,False,2,Média
d90e8fba34-f4-d0-r35-q1,Gestão do Desempenho,Geral,Média,0.91,"Depois de um período de registro irregular de quase-acidentes, a gerência de um FPSO pretende usar análise dinâmica de risco, confrontada com eventos históricos, para diminuir a capacidade planejada de resposta a vazamentos porque os registros recentes indicam baixa ocorrência. Qual avaliação é mais adequada?",False,False,True,1,Difícil
d90e8fba34-f4-d0-r35-q2,Gestão do Desempenho,Geral,Média,0.92,"Durante uma campanha com produção estabilizada, o FPSO planeja uma soldagem executada por terceiro perto de uma área com químicos de processo. Auditorias internas apontaram atrasos de manutenção, falhas no sistema de permissão para trabalho e investigação superficial de incidentes anteriores. Qual conjunto de medidas tende a reduzir melhor a frequência e as consequências desse tipo de evento?",True,True,True,3,Fácil
d90e8fba34-f4-d0-r35-q4,Gestão do Desempenho,Geral,Fácil,0.91,"Na revisão orçamentária, a coordenação propõe tratar o centro de atendimento a vazamentos associado ao FPSO como um almoxarifado avançado, reduzindo equipes permanentes e concentrando esforços apenas na reposição de materiais após uso. Qual argumento técnico melhor contrapõe essa proposta?",True,True,True,3,Fácil
d90e8fba34-f4-d0-r36-q0,Gestão do Desempenho,Geral,Média,0.93,"Durante a revisão de riscos de um FPSO que passou a receber novos produtos perigosos e intensificou operações de apoio, a equipe precisa atualizar a base para o planejamento de emergência. Qual abordagem oferece a base mais consistente para essa atualização?",True,True,True,3,Fácil
d90e8fba34-f4-d0-r36-q2,Gestão do Desempenho,Geral,Média,0.91,Uma empresa opera três FPSOs em uma mesma região e estuda unificar parte da estrutura de atendimento a derramamentos para evitar duplicidade de meios. Qual diretriz tende a sustentar melhor essa decisão sob a ótica de gestão de risco?,True,True,True,3,Fácil
d90e8fba34-f4-d0-r36-q3,Gestão do Desempenho,Geral,Média,0.93,"Na atualização da análise de riscos de um FPSO próximo a rotas de navegação, comunidades costeiras e área marinha sensível, a equipe estimou frequências de falha e consequências físicas dos cenários de perda de contenção, mas restringiu o estudo aos efeitos a bordo e à taxa de liberação. O que mais fortaleceria a avaliação para apoiar decisões de HSE e de resposta à emergência?",True,True,True,3,Fácil
d90e8fba34-f4-d0-r36-q4,Gestão do Desempenho,Geral,Média,0.92,"Após um incidente sem vazamento em um FPSO, a apuração identificou falhas encadeadas: manutenção preventiva em atraso, permissão para trabalho com checagem insuficiente, terceirizado pouco familiarizado com a área e dúvida sobre quem acionaria recursos no nível inicial de emergência. Ao revisar o Plano de Gerenciamento de Riscos, qual conjunto de medidas enfrenta melhor essas fragilidades?",True,True,True,3,Fácil
d90e8fba34-f4-d0-r36-q5,Gestão do Desempenho,Geral,Fácil,0.94,"Para reduzir custos, a gestão de um FPSO propôs substituir o centro de atendimento a vazamentos por um almoxarifado com barreiras, skimmers e materiais absorventes, contratando apoio operacional quando ocorrer um evento. Qual é o principal problema dessa decisão?",True,True,True,3,Fácil
d90e8fba34-f4-d0-r37-q0,Gestão do Desempenho,Geral,Média,0.9,"Em um FPSO, a equipe de SMS quer revisar cenários de perda de contenção usando análise dinâmica de risco e validação com eventos anteriores. Nos últimos meses, porém, vários quase-incidentes foram tratados apenas verbalmente e não passaram a compor um histórico estruturado. Se essa prática continuar, qual efeito gerencial é mais provável?",True,True,True,3,Fácil
d90e8fba34-f4-d0-r37-q4,Gestão do Desempenho,Geral,Média,0.94,"Em um exercício de resposta a derramamento, o FPSO mobilizou rapidamente barreiras e embarcações, mas houve dúvidas sobre quando passar do nível inicial para um nível mais alto de emergência, quais alternativas operacionais adotar e como acionar apoio terceirizado para proteger áreas sensíveis. Qual ajuste tende a corrigir a causa mais estrutural desse desempenho?",True,True,True,3,Fácil
d90e8fba34-f4-d0-r37-q5,Gestão do Desempenho,Geral,Média,0.91,"Depois de um quase acidente sem vítimas, ocorrido durante serviço de contratada em um sistema de processo, a unidade decidiu revisar o Plano de Gerenciamento de Riscos. A apuração apontou problemas de coordenação entre equipes, manutenção vencida em recursos de apoio e falhas na autorização de serviço. Que conjunto de ações enfrenta de modo mais abrangente tanto a probabilidade quanto os efeitos de recorrência?",True,True,True,3,Fácil
d90e8fba34-f4-d0-r38-q0,Gestão do Desempenho,Geral,Média,0.89,"Após dois vazamentos pequenos e vários quase-acidentes em linhas de drenagem de um FPSO, a equipe quer revisar o Plano de Gerenciamento de Riscos. Os relatórios internos, porém, estão incompletos e parte dos eventos envolvendo terceiros não foi compartilhada. Qual abordagem tende a produzir priorização mais confiável dos controles?",True,False,True,2,Média
d90e8fba34-f4-d0-r38-q1,Gestão do Desempenho,Geral,Média,0.92,"Durante a revisão do plano de emergência de um FPSO, a equipe percebe que dimensionou a resposta apenas pela capacidade dos tanques de óleo e pela quantidade de barreiras já contratadas. Há operações de offloading próximas a rotas marítimas e áreas sensíveis. Qual ajuste é mais aderente a uma lógica robusta de dimensionamento?",True,True,True,3,Fácil
d90e8fba34-f4-d0-r38-q2,Gestão do Desempenho,Geral,Média,0.92,"Em uma parada programada, várias frentes de trabalho simultâneas envolverão abertura de linha, içamento e serviços a quente. O gerente de operação quer reduzir o risco de acidente sem tratar cada tarefa como caso isolado. Qual conjunto de medidas melhor traduz uma alocação de controles coerente para esse cenário?",True,True,True,3,Fácil
d90e8fba34-f4-d0-r38-q4,Gestão do Desempenho,Geral,Média,0.91,"Em uma oficina de identificação de perigos para um FPSO, a equipe listou tanques, manifolds e linhas de processo, mas não descreveu as atividades que permitem a presença de produtos perigosos nem os receptores potencialmente afetados fora da unidade. Qual é a principal consequência dessa lacuna?",True,True,True,3,Fácil
d90e8fba34-f4-d0-r38-q5,Gestão do Desempenho,Geral,Média,0.9,"Após validar modelos com acidentes históricos, a liderança de HSE conclui que o FPSO já possui previsibilidade suficiente para reduzir exercícios de emergência e concentrar esforços na atualização anual da análise. Qual avaliação é mais adequada?",True,False,True,2,Média
d90e8fba34-f4-d0-r39-q0,Gestão do Desempenho,Geral,Média,0.92,"Na revisão do cadastro de riscos de um FPSO, a equipe levantou volumes de óleo, diesel e químicos a bordo, mas consolidou todos os vazamentos em um único cenário genérico e não explicitou quem ou o que poderia ser atingido em cada caso. Para que a identificação de riscos sustente melhor a análise posterior e o plano de emergência, qual ajuste é mais adequado?",True,True,True,3,Fácil
d90e8fba34-f4-d0-r39-q1,Gestão do Desempenho,Geral,Média,0.92,"Um FPSO pretende usar análise dinâmica de risco e LOPA para revisar o perfil de risco de perda de contenção. A base de dados da unidade, porém, tem registros incompletos de incidentes e quase-incidentes, além de classificações divergentes entre turnos e contratadas. Nesse contexto, qual avaliação é mais consistente?",True,True,True,3,Fácil
d90e8fba34-f4-d0-r39-q2,Gestão do Desempenho,Geral,Média,0.9,"Após uma análise quantitativa de risco, a gerência de um FPSO aprovou novas barreiras físicas para contenção e detecção, mas deixou para uma etapa futura a definição de papéis por nível de emergência, recursos humanos mínimos, equipamentos de apoio e interface com terceiros. Qual é a principal fragilidade remanescente?",True,True,True,3,Fácil
d90e8fba34-f4-d0-r39-q5,Gestão do Desempenho,Geral,Média,0.93,"Em um FPSO, pequenas liberações de hidrocarbonetos ocorreram durante intervenções de manutenção executadas por terceirizadas, especialmente em serviços com isolamento e abertura de linhas após modificações recentes. A gerência quer reduzir a recorrência sem limitar a resposta à compra de mais equipamentos de combate. Qual conjunto de ações está mais alinhado a uma mitigação efetiva no Plano de Gerenciamento de Riscos?",True,True,True,3,Fácil
d90e8fba34-f5-d0-r40-q1,Gestão do Desempenho,Geral,Média,0.91,"Depois de recalibrar o simulador com dados recentes de testes, três poços ainda mostram pressão na cabeça de linha acima do previsto e perdas de produção de magnitude semelhante. Esses poços também passam por um mesmo segmento da rede de escoamento. Para quantificar o potencial de recuperação e avançar na identificação da causa, qual é a abordagem mais adequada?",True,True,True,3,Fácil
d90e8fba34-f5-d0-r40-q2,Gestão do Desempenho,Geral,Média,0.92,"Em um FPSO em fase madura, o uso de separador de teste dedicado vem consumindo tempo operacional, ocupando área de convés e dificultando a identificação antecipada de desvios de desempenho dos poços. Considerando ampliar a aplicação de medidores multifásicos, qual justificativa econômico-operacional melhor sustenta essa escolha sob a ótica de gestão do desempenho?",True,True,True,3,Fácil
d90e8fba34-f5-d0-r40-q3,Gestão do Desempenho,Geral,Média,0.89,"Em um sistema de gas-lift intermitente de poços marginais, a análise de um único ciclo indicou recuperação elevada, mas a unidade continua com vazão diária abaixo do esperado e alto consumo de gás de injeção. Há registros de instabilidade de ciclos e suspeita de simultaneidade entre injeção e alimentação. Qual ação tende a produzir a melhor melhoria sustentada de desempenho?",True,True,True,3,Fácil
d90e8fba34-f5-d0-r40-q4,Gestão do Desempenho,Geral,Média,0.92,"Um FPSO apresenta queda gradual de eficiência térmica e aumento de perda de carga em um circuito de aquecimento, com evidências de incrustação. A proposta A intensifica o uso de inibidor químico, a proposta B aceita maior frequência de limpeza e a proposta C prevê especificações futuras menos sensíveis à incrustação. Para decidir entre elas sob a ótica de gestão do desempenho, qual comparação é mais adequada?",True,True,True,3,Fácil
d90e8fba34-f5-d0-r40-q5,Gestão do Desempenho,Geral,Média,0.92,"Ao longo de cinco anos de operação, a plataforma acumulou iniciativas isoladas de redução de perdas: intervenções em poços, troca de instrumentos e ajustes operacionais. Mesmo assim, os ganhos são inconsistentes e a priorização de investimentos muda a cada campanha porque os modelos divergem das medições de campo. Qual processo de melhoria contínua tende a dar mais robustez à tomada de decisão?",True,True,True,3,Fácil
d90e8fba34-f5-d0-r41-q2,Gestão do Desempenho,Geral,Média,0.92,"Um FPSO com limitação de peso e espaço realiza testes frequentes de poço, e cada campanha aumenta a interferência no escoamento e consome tempo de estabilização. A gerência estuda substituir parte da estrutura de testes por medidores multifásicos. Qual argumento melhor sustenta essa mudança sob a ótica de desempenho e custo?",True,True,True,3,Fácil
d90e8fba34-f5-d0-r41-q3,Gestão do Desempenho,Geral,Média,0.88,"Dois poços conectados a um mesmo trecho comum de tubulação apresentam diferença persistente de desempenho no FPSO. Os modelos existentes, já usados no simulador de linha, não explicam satisfatoriamente essa diferença. Qual encaminhamento é mais consistente com análise de causa raiz e melhoria contínua?",True,True,True,3,Fácil
d90e8fba34-f5-d0-r41-q4,Gestão do Desempenho,Geral,Média,0.89,"Em gas-lift intermitente, a unidade vem apresentando recuperação percentual aparentemente alta em ciclos isolados, mas a produção diária permanece abaixo do esperado e o consumo operacional preocupa. A equipe quer reduzir líquido não recuperado sem elevar o OPEX de forma desproporcional. Qual estratégia é mais aderente ao problema?",True,True,True,3,Fácil
d90e8fba34-f5-d0-r41-q5,Gestão do Desempenho,Geral,Fácil,0.94,"Ao reavaliar a estratégia de controle de incrustação no FPSO, considerou-se reduzir a dosagem de anti-incrustante para aliviar o OPEX no curto prazo e reagir com limpezas quando surgirem perdas de eficiência. Qual critério econômico melhor sustenta a decisão?",True,False,True,2,Média
d90e8fba34-f5-d0-r42-q0,Gestão do Desempenho,Geral,Média,0.93,"Na definição da arquitetura de proteção de um sistema crítico de processo em um FPSO, a equipe avalia duas configurações. A opção 1 exige maior investimento inicial, mas projeta menos atuações indevidas e recomposição mais rápida da produção. A opção 2 demanda menor investimento inicial, porém prevê mais paradas ao longo da vida útil. Sob a ótica de desempenho econômico do ativo, qual critério melhor fundamenta a escolha?",True,True,True,3,Fácil
d90e8fba34-f5-d0-r42-q2,Gestão do Desempenho,Geral,Média,0.9,"Em um FPSO com espaço e massa muito restritos, os testes de poço com separador dedicado vêm consumindo tempo de estabilização, interferindo no escoamento e aumentando o risco de paradas. A gerência avalia substituir esse arranjo por medidores multifásicos. Qual justificativa técnica-econômica melhor apoia essa mudança no contexto de gestão do desempenho?",True,True,True,3,Fácil
d90e8fba34-f5-d0-r42-q3,Gestão do Desempenho,Geral,Média,0.85,"Dois poços conectados ao mesmo trecho comum de tubulação apresentam diferenças de desempenho menores do que as previstas pelo modelo, e a equipe está dividida entre atribuir o problema ao reservatório ou revisar a malha de escoamento. Qual ação é mais aderente a uma análise de causa raiz e a um processo de melhoria contínua?",True,True,True,3,Fácil
d90e8fba34-f5-d0-r42-q4,Gestão do Desempenho,Geral,Difícil,0.87,"Uma operação de gas-lift intermitente vem apresentando recuperação líquida aparentemente alta em ciclos isolados, mas o custo operacional segue elevado e há suspeita de fallback relevante. A equipe propõe aumentar o comprimento da coluna inicial e rever a temporização da válvula motora e a calibração da válvula operadora. Qual avaliação é mais consistente com a gestão do desempenho ao longo do tempo?",True,False,True,2,Média
d90e8fba34-f5-d0-r43-q0,Gestão do Desempenho,Geral,Média,0.94,"Na comparação entre duas arquiteturas de proteção para um FPSO, a alternativa B tem maior investimento inicial e lógica de votação mais complexa, mas os estudos indicam menor frequência de desligamentos espúrios ao longo da vida útil. A equipe precisa recomendar a opção economicamente mais adequada. Qual critério de decisão é mais consistente com gestão de desempenho ao longo do ciclo de vida?",True,True,True,3,Fácil
d90e8fba34-f5-d0-r43-q2,Gestão do Desempenho,Geral,Média,0.9,"Uma equipe de operação quer substituir parte dos testes periódicos com separador de teste por medidores multifásicos em um FPSO maduro, com o objetivo de melhorar o controle de custos e a contabilização de perdas de produção. Qual justificativa técnica e econômica é mais consistente com esse objetivo?",True,True,True,3,Fácil
d90e8fba34-f5-d0-r43-q3,Gestão do Desempenho,Geral,Média,0.92,"Dois poços conectados ao mesmo trecho comum de tubulação apresentam diferença persistente de desempenho. Os modelos, ajustados com testes individuais, indicam desvio pequeno entre eles, mas as medições de campo mostram perda bem maior em um dos casos. Qual próximo passo é mais robusto para análise de causa raiz?",True,True,True,3,Fácil
d90e8fba34-f5-d0-r43-q4,Gestão do Desempenho,Geral,Média,0.89,"Em um poço operado por gas-lift intermitente, a recuperação por ciclo parece elevada, mas a produção diária está abaixo do esperado e o consumo de gás vem aumentando. Uma avaliação baseada em um único ciclo indicou fallback aparentemente modesto. Qual ação tende a atacar melhor a causa do desvio de desempenho?",True,True,True,3,Fácil
d90e8fba34-f5-d0-r43-q5,Gestão do Desempenho,Geral,Média,0.94,"Em um FPSO em fase madura, a incrustação em trocadores e linhas vem elevando o consumo de energia, aumentando a frequência de limpeza e reduzindo a produção. Duas alternativas estão em análise: ampliar a dosagem de inibidor com pequenas adequações de projeto e menos intervenções, ou restringir o uso de químico e reforçar as limpezas programadas. Que abordagem de avaliação econômica oferece a base mais consistente para decidir entre essas opções?",False,True,True,2,Média
d90e8fba34-f5-d0-r44-q1,Gestão do Desempenho,Geral,Média,0.88,"Em um conjunto de poços ligados a um FPSO, medições de campo mostram pressão de chegada maior que a prevista pelo modelo hidráulico, e a equipe quer estimar quanto de produção pode ser recuperado caso perdas extras sejam eliminadas. Qual abordagem oferece a melhor base para essa estimativa e para priorizar intervenções?",True,True,True,3,Fácil
d90e8fba34-f5-d0-r44-q3,Gestão do Desempenho,Geral,Média,0.88,"Em um sistema de gas-lift intermitente de uma unidade offshore, um poço apresenta boa recuperação aparente quando analisado em um único ciclo, mas a produção diária permanece abaixo do esperado e o custo operacional aumenta após vários ajustes de injeção. Qual ação tem maior chance de atacar a causa do problema sem deslocar perdas para outro ponto do sistema?",True,True,True,3,Fácil
d90e8fba34-f5-d0-r44-q4,Gestão do Desempenho,Geral,Fácil,0.92,"Um FPSO observa degradação gradual de trocadores térmicos e linhas por incrustação. O custo anual com inibidores é relevante, e a área financeira pressiona por redução imediata desse gasto. Qual decisão é mais alinhada ao controle de desempenho econômico da instalação?",True,True,True,3,Fácil
d90e8fba34-f5-d0-r44-q5,Gestão do Desempenho,Geral,Média,0.92,"Após recalibração dos modelos com dados recentes, três poços ligados ao mesmo trecho comum continuam apresentando desempenho inferior ao previsto de forma semelhante, enquanto os demais permanecem aderentes às simulações. A equipe discute se o desvio é limitação de modelo ou perda física evitável. Qual encaminhamento é mais consistente com análise de causa raiz e melhoria contínua?",True,True,True,3,Fácil
e094bd612c-f0-d0-r45-q0,Descomissionamento e Gestão do Ciclo de Vida da Unidade,Geral,Média,0.96,"Um FPSO se aproxima do fim da vida de projeto, mas os registros históricos mostram que, ao longo dos anos, temperaturas, pressões e teores de água e areia ficaram abaixo dos máximos assumidos originalmente em projeto. Na preparação da justificativa técnica para extensão de vida, qual abordagem é mais consistente com uma avaliação de life cycle management bem fundamentada?",True,True,True,3,Fácil
e094bd612c-f0-d0-r45-q1,Descomissionamento e Gestão do Ciclo de Vida da Unidade,Geral,Média,0.97,"Uma linha flexível conectada ao FPSO teve sua configuração alterada, após a instalação, de Lazy-S para Lazy-Wave. A unidade operou sem eventos relevantes desde então, e a equipe discute como sustentar tecnicamente uma extensão de vida útil. Qual encaminhamento é o mais adequado?",True,True,True,3,Fácil
e094bd612c-f0-d0-r45-q2,Descomissionamento e Gestão do Ciclo de Vida da Unidade,Geral,Fácil,0.96,"Durante a avaliação de vida remanescente de sistemas associados a um FPSO, a equipe dispõe de bons registros de inspeção e de alguns testes instrumentais, mas encontra lacunas relevantes no histórico de composição do fluido, pH, teores de H2S/CO2 e injeção química em parte da operação. Qual é a principal implicação técnica dessas lacunas para a justificativa de extensão de vida?",True,True,True,3,Fácil
e094bd612c-f0-d0-r45-q4,Descomissionamento e Gestão do Ciclo de Vida da Unidade,Geral,Média,0.95,"Na reavaliação de vida remanescente de um componente com geometria complexa em um FPSO, a análise por elementos finitos indica tensões compatíveis com a continuidade de operação, mas medições com strain gauges em campo apontam ciclos locais mais severos em pontos críticos. Qual interpretação é mais apropriada para a tomada de decisão?",True,True,True,3,Fácil
e094bd612c-f0-d0-r45-q5,Descomissionamento e Gestão do Ciclo de Vida da Unidade,Geral,Média,0.96,"Um estudo determinístico, feito com premissas conservadoras de projeto, indica substituição de um sistema do FPSO em curto prazo. Ao revisar o histórico real, a equipe identifica condições operacionais menos severas que as originalmente assumidas. Nesse contexto, qual é o papel mais adequado de uma avaliação probabilística na gestão do ciclo de vida?",True,True,True,3,Fácil
e094bd612c-f0-d0-r46-q1,Descomissionamento e Gestão do Ciclo de Vida da Unidade,Geral,Média,0.95,"Após alguns anos de operação, um trecho flexível conectado ao FPSO teve sua configuração alterada de Lazy-S para Lazy-Wave para atender a uma nova condição de instalação. Na revisão para extensão de vida, o equipamento não apresenta falhas aparentes nas inspeções visuais. Qual abordagem é mais consistente para justificar a continuidade operacional?",True,True,True,3,Fácil
e094bd612c-f0-d0-r46-q2,Descomissionamento e Gestão do Ciclo de Vida da Unidade,Geral,Fácil,0.95,"Uma campanha de extensão de vida de um FPSO reúne desenhos e relatórios de projeto, mas encontra lacunas relevantes no histórico de temperatura, composição do fluido, injeção química e intervenções desde a instalação. As inspeções mais recentes indicam condição aparentemente estável. Qual conclusão técnica é mais adequada?",True,True,True,3,Fácil
e094bd612c-f0-d0-r46-q3,Descomissionamento e Gestão do Ciclo de Vida da Unidade,Geral,Média,0.96,"Em uma revisão de integridade para decidir entre reparo, substituição ou extensão de operação de uma linha ligada ao FPSO, comparam-se duas abordagens: uma usa parâmetros únicos e conservadores; a outra trata carregamentos, mecanismos de degradação e erro de medição por distribuições. Que argumento técnico sustenta a segunda abordagem?",True,True,True,3,Fácil
e094bd612c-f0-d0-r46-q4,Descomissionamento e Gestão do Ciclo de Vida da Unidade,Geral,Média,0.89,"Uma análise por elementos finitos de um componente do FPSO indica concentração de tensões em uma região com geometria complexa, próxima a uma modificação executada em campo. A gerência pretende usar esse resultado para sustentar uma extensão de vida. Qual próximo passo torna a justificativa mais robusta?",False,True,True,2,Média
e094bd612c-f0-d0-r47-q0,Descomissionamento e Gestão do Ciclo de Vida da Unidade,Geral,Média,0.94,"Ao preparar o dossiê de extensão de vida de uma linha ligada ao FPSO, verifica-se que o dimensionamento original considerou exposição contínua aos picos de temperatura, pressão e CO2/H2S, enquanto os registros de operação indicam patamares inferiores na maior parte do tempo e uso regular de inibidor químico. Qual procedimento fornece o embasamento técnico mais robusto para revisar a estimativa de vida residual?",True,False,True,2,Média
e094bd612c-f0-d0-r47-q1,Descomissionamento e Gestão do Ciclo de Vida da Unidade,Geral,Média,0.94,"Depois de converter um trecho de linha de uma configuração Lazy-S para Lazy-Wave, o operador quer aproveitar a base de cálculo original do fabricante para sustentar mais cinco anos de operação do FPSO. As inspeções mais recentes não indicaram defeitos aparentes, e internamente se argumenta que o material da linha e o fluido de serviço não mudaram. Qual argumento oferece a base técnica mais consistente para essa extensão de vida?",False,True,False,1,Difícil
e094bd612c-f0-d0-r47-q2,Descomissionamento e Gestão do Ciclo de Vida da Unidade,Geral,Fácil,0.92,"Um FPSO em campo maduro possui bom histórico de inspeções e reparos, mas registros incompletos de pH, H2S/CO2, presença de água e injeção química ao longo dos anos. A gerência quer decidir sobre extensão de vida com base no que já existe. Qual é o principal problema técnico dessa estratégia?",True,True,True,3,Fácil
e094bd612c-f0-d0-r47-q3,Descomissionamento e Gestão do Ciclo de Vida da Unidade,Geral,Fácil,0.91,"Em uma avaliação de vida remanescente, a análise por elementos finitos indicou concentrações de tensão em uma região complexa de conexão. Parte da equipe propõe instalar strain gauges e executar medições para confrontar o modelo. Qual é o ganho técnico mais relevante dessa combinação?",True,True,True,3,Fácil
e094bd612c-f0-d0-r47-q4,Descomissionamento e Gestão do Ciclo de Vida da Unidade,Geral,Média,0.94,"Uma reavaliação probabilística indica que a probabilidade de falha de um sistema associado ao FPSO permanece dentro do limite aceito para os próximos três anos, desde que sejam implantados monitoramento adicional e medidas de mitigação. A substituição imediata reduziria o risco, mas com forte impacto em custo e disponibilidade da unidade. Qual decisão está mais alinhada a uma gestão de ciclo de vida tecnicamente justificada?",True,True,True,3,Fácil
e094bd612c-f0-d0-r47-q5,Descomissionamento e Gestão do Ciclo de Vida da Unidade,Geral,Média,0.95,"Durante a revisão das premissas para extensão de vida de um FPSO, verifica-se que a unidade operou com menos tempo em carga máxima do que o previsto em projeto, mas acumulou mais partidas, paradas e alguns eventos severos de movimentação. Qual tratamento dessas informações é mais apropriado na reavaliação?",True,True,True,3,Fácil
e094bd612c-f0-d0-r48-q0,Descomissionamento e Gestão do Ciclo de Vida da Unidade,Geral,Média,0.96,"Na avaliação de extensão de vida de um sistema de produção de um FPSO, a equipe verifica que o projeto original adotou temperatura máxima contínua, presença permanente de água produzida e teores elevados de CO2 e H2S ao longo de toda a vida de projeto. O histórico validado de operação, porém, mostra patamares menores e injeção química estável na maior parte do tempo. Qual abordagem tende a produzir uma justificativa técnica mais consistente para a vida remanescente?",True,True,True,3,Fácil
e094bd612c-f0-d0-r48-q1,Descomissionamento e Gestão do Ciclo de Vida da Unidade,Geral,Média,0.95,"Uma linha associada ao FPSO foi instalada originalmente em configuração Lazy-S, mas depois de uma intervenção passou a operar em Lazy-Wave. O material e o diâmetro permaneceram inalterados, e a unidade pretende justificar extensão de vida útil. Qual premissa é mais adequada para essa reavaliação?",True,True,True,3,Fácil
e094bd612c-f0-d0-r48-q2,Descomissionamento e Gestão do Ciclo de Vida da Unidade,Geral,Média,0.88,"Durante o estudo de vida remanescente de um riser conectado ao FPSO, há registros de inspeções visuais, testes instrumentais e resultados recentes de monitoramento, mas faltam séries históricas confiáveis de temperatura, composição do fluido, pH, água, areia e injeção química ao longo de vários anos. A equipe argumenta que os ensaios recentes bastam para justificar a extensão. Qual avaliação é mais consistente?",True,False,True,2,Média
e094bd612c-f0-d0-r48-q3,Descomissionamento e Gestão do Ciclo de Vida da Unidade,Geral,Fácil,0.94,"Em um campo maduro, a gerência compara duas estratégias para um sistema crítico do FPSO: substituir preventivamente agora com base em valores determinísticos de pior caso ou revisar a vida remanescente usando dados reais com tratamento explícito das incertezas. Qual argumento técnico favorece a segunda estratégia quando bem executada?",True,True,True,3,Fácil
e094bd612c-f0-d0-r48-q4,Descomissionamento e Gestão do Ciclo de Vida da Unidade,Geral,Média,0.95,"Em uma avaliação de extensão de vida de um componente estrutural do FPSO, a simulação por elementos finitos aponta níveis de solicitação sem criticidade aparente, porém a instrumentação em operação registra picos repetidos acima do calculado justamente nos pontos mais sensíveis. Qual encaminhamento oferece base técnica mais consistente para sustentar a decisão?",False,True,True,2,Média
e094bd612c-f0-d0-r48-q5,Descomissionamento e Gestão do Ciclo de Vida da Unidade,Geral,Média,0.96,"Para estender por mais cinco anos a operação de um FPSO, a equipe obteve probabilidade de falha dentro do limite aceito com base nos últimos anos de operação estável e propôs reforçar inspeção e monitoramento. Entretanto, o ativo passou a operar com partidas e paradas mais frequentes, e eventos extremos registrados ainda não foram incorporados ao modelo atualizado. Qual decisão é mais aderente a uma justificativa técnica sólida?",True,False,True,2,Média
e094bd612c-f0-d0-r49-q0,Descomissionamento e Gestão do Ciclo de Vida da Unidade,Geral,Média,0.95,"Um FPSO se aproxima do fim da vida de projeto de uma linha associada. As premissas originais consideravam exposição contínua aos valores máximos de temperatura, pressão, CO2, H2S, água e areia, mas o histórico operacional mostra picos esporádicos, longos períodos em condição mais branda e injeção química estável. Antes de decidir pela substituição da linha, qual abordagem é tecnicamente mais defensável para estimar a vida remanescente?",True,True,True,3,Fácil
e094bd612c-f0-d0-r49-q1,Descomissionamento e Gestão do Ciclo de Vida da Unidade,Geral,Média,0.94,"Na preparação de um dossiê para extensão de vida de uma linha flexível conectada ao FPSO, a equipe dispõe de resultados recentes de inspeções e de testes de vácuo, mas não conseguiu reunir registros de modificações de instalação, reparos executados ao longo dos anos e parte do histórico operacional detalhado. Qual é a leitura técnica mais adequada dessa situação?",True,True,True,3,Fácil
e094bd612c-f0-d0-r49-q2,Descomissionamento e Gestão do Ciclo de Vida da Unidade,Geral,Média,0.93,"Após alguns anos de operação, um sistema associado ao FPSO teve sua configuração alterada de Lazy-S para Lazy-Wave para acomodar melhor os movimentos da unidade. Ao mesmo tempo, a química do fluido ficou menos agressiva do que a prevista originalmente. Diante desse cenário, qual encaminhamento sustenta melhor uma avaliação de extensão de vida?",True,True,True,3,Fácil
e094bd612c-f0-d0-r49-q3,Descomissionamento e Gestão do Ciclo de Vida da Unidade,Geral,Difícil,0.93,"Dois estudos foram apresentados para decidir entre reparar, substituir ou estender a operação de um sistema do FPSO. O primeiro usa valores determinísticos de pior caso e conclui por substituição imediata. O segundo revisa premissas com dados reais, trata as incertezas probabilisticamente e indica probabilidade de falha compatível com os limites de risco adotados, desde que haja monitoramento e mitigação durante o período estendido. Qual interpretação é mais consistente com uma boa prática de gestão do ciclo de vida?",True,True,True,3,Fácil
e094bd612c-f0-d0-r49-q4,Descomissionamento e Gestão do Ciclo de Vida da Unidade,Geral,Média,0.85,"Uma análise numérica por elementos finitos de um componente associado ao FPSO indicou concentração de tensões em uma região complexa, e a equipe precisa aumentar a confiança na projeção de vida remanescente antes de recomendar extensão de operação. Qual estratégia oferece a base técnica mais sólida para essa verificação?",True,True,True,3,Fácil
e094bd612c-f0-d0-r49-q5,Descomissionamento e Gestão do Ciclo de Vida da Unidade,Geral,Fácil,0.95,"Em um campo em fase madura, discute-se adiar o descomissionamento de um FPSO por operação além da vida originalmente prevista. Considera-se formar uma célula de integridade e financiar intervenções com base nas reservas remanescentes. Para a decisão, qual entendimento é mais consistente?",True,True,True,3,Fácil
e094bd612c-f1-d0-r50-q0,Descomissionamento e Gestão do Ciclo de Vida da Unidade,Geral,Média,0.93,"Durante a preparação de uma campanha de extensão de vida de um FPSO, a equipe precisa revisar dezenas de vasos e linhas com diferentes históricos de corrosão e cobertura de inspeção. Em alguns itens há medições recentes consistentes; em outros, a inspeção foi esparsa e feita por técnicas menos sensíveis. Qual abordagem tende a produzir uma priorização tecnicamente mais robusta para a próxima rodada de inspeções e decisões de integridade?",True,True,True,3,Fácil
e094bd612c-f1-d0-r50-q1,Descomissionamento e Gestão do Ciclo de Vida da Unidade,Geral,Média,0.92,"Em uma unidade com casco e topsides envelhecidos, uma avaliação identificou fragilidades em planejamento de manutenção, treinamento operacional e interface entre operação e engenharia, embora a última campanha de inspeção não tenha mostrado aceleração clara de corrosão ou novas trincas relevantes. Para a reavaliação de integridade, qual leitura é mais adequada?",True,True,True,3,Fácil
e094bd612c-f1-d0-r50-q3,Descomissionamento e Gestão do Ciclo de Vida da Unidade,Geral,Fácil,0.94,"Na revisão de integridade de uma linha de processo próxima ao fim da vida de projeto, uma inspeção identificou um defeito relevante, porém sem vazamento. A operação quer saber se há alternativa entre continuar operando e substituir de imediato o trecho. Qual uso de uma avaliação FFS/FFP/ECA está mais alinhado à boa prática?",True,True,True,3,Fácil
e094bd612c-f1-d0-r50-q5,Descomissionamento e Gestão do Ciclo de Vida da Unidade,Geral,Média,0.91,"Em um trecho de tubulação de exportação conectado à unidade, inspeções sucessivas mostraram perda de metal em colônias próximas e regiões antigas de reparo. O RBI elevou a prioridade do circuito, e agora a equipe precisa definir a avaliação detalhada. Qual estratégia é tecnicamente mais adequada?",True,True,True,3,Fácil
e094bd612c-f1-d0-r51-q0,Descomissionamento e Gestão do Ciclo de Vida da Unidade,Geral,Média,0.93,"Na revisão de integridade de um vaso de processo em um FPSO em fim de vida, o fator de dano aumentou após indicação de maior taxa de corrosão e menor eficácia das últimas inspeções. Ainda não há vazamento, mas surgiram perdas localizadas de espessura em uma região já reparada anteriormente. Qual encaminhamento é mais consistente com uma gestão adequada da vida remanescente?",True,True,True,3,Fácil
e094bd612c-f1-d0-r51-q1,Descomissionamento e Gestão do Ciclo de Vida da Unidade,Geral,Média,0.92,"Em uma região estrutural do casco com ligações soldadas expostas a um longo histórico de ciclos de carga, uma inspeção especial encontrou pequenas indicações compatíveis com trincas junto ao pé de solda. Qual abordagem oferece a base mais robusta para decidir entre monitoramento, reforço ou reparo localizado?",False,True,True,2,Média
e094bd612c-f1-d0-r51-q2,Descomissionamento e Gestão do Ciclo de Vida da Unidade,Geral,Média,0.92,"Em diversos trechos de tubulação do FPSO, as inspeções físicas mais recentes não indicaram mudança relevante nas condições observadas. Ainda assim, entrevistas com operação, manutenção, engenharia e capacitação apontaram queda na aderência aos procedimentos, na rastreabilidade das correções e na prontidão das equipes. Ao reavaliar a probabilidade de falha, qual entendimento é mais adequado?",True,True,True,3,Fácil
e094bd612c-f1-d0-r51-q3,Descomissionamento e Gestão do Ciclo de Vida da Unidade,Geral,Média,0.92,"Em um spool envelhecido com trinca detectada, duas metodologias reconhecidas de mecânica da fratura foram aplicadas: uma apontou folga operacional e a outra colocou o defeito perto do critério de aceitação. Como essa diferença deve entrar na decisão de extensão de vida?",True,True,False,2,Média
e094bd612c-f1-d0-r51-q5,Descomissionamento e Gestão do Ciclo de Vida da Unidade,Geral,Média,0.94,"Na avaliação tardia de um suporte estrutural conectado ao casco, o histórico de cargas acumuladas e as inspeções indicam que a fadiga governa a integridade mais do que a corrosão generalizada. A análise FFS mostrou que o defeito ainda é tolerável, mas apenas dentro de uma faixa operacional mais restrita; acima dela, a vida residual cai rapidamente. Qual decisão é mais consistente com a gestão do ciclo de vida da unidade?",True,True,True,3,Fácil
e094bd612c-f1-d0-r52-q0,Descomissionamento e Gestão do Ciclo de Vida da Unidade,Geral,Média,0.92,"Em um FPSO próximo ao fim da vida de projeto, a equipe observa maior variabilidade nas medições de espessura de uma linha de processo e um histórico de inspeções executadas por técnicas distintas ao longo dos anos. O indicador estatístico de dano da linha aumentou de forma relevante, embora não exista evidência de vazamento. Qual encaminhamento é mais consistente para embasar a decisão entre continuidade operacional, reparo ou substituição?",True,True,True,3,Fácil
e094bd612c-f1-d0-r52-q1,Descomissionamento e Gestão do Ciclo de Vida da Unidade,Geral,Média,0.94,"Durante uma inspeção especial em um reforço estrutural soldado do casco, foram encontradas indicações compatíveis com microtrincas em região próxima à zona afetada por calor. A unidade opera há anos sob carregamentos cíclicos acumulados, e a decisão precisa distinguir entre monitoramento focalizado, reparo localizado ou reforço. Qual abordagem técnica oferece a base mais adequada para essa decisão?",False,False,False,0,Difícil
e094bd612c-f1-d0-r52-q3,Descomissionamento e Gestão do Ciclo de Vida da Unidade,Geral,Fácil,0.9,"Dois módulos do FPSO apresentam componentes com condição física semelhante e mecanismos de dano comparáveis. No entanto, em um deles a avaliação do sistema de gestão apontou fragilidades em treinamento, manutenção e fiscalização, enquanto no outro o sistema mostrou boa aderência. Para fins de integridade mecânica, qual efeito é mais esperado dessa diferença?",True,True,True,3,Fácil
e094bd612c-f1-d0-r52-q4,Descomissionamento e Gestão do Ciclo de Vida da Unidade,Geral,Média,0.93,"Na reavaliação de integridade de uma linha rígida ligada ao FPSO, foram mapeadas várias áreas de perda de espessura com pequena separação entre si, inclusive trechos com histórico de reparo. Para decidir entre intervenção pontual e troca de segmento, qual abordagem de análise é a mais adequada?",True,True,True,3,Fácil
e094bd612c-f1-d0-r53-q4,Descomissionamento e Gestão do Ciclo de Vida da Unidade,Geral,Média,0.9,"Durante a revisão de integridade de um trecho de tubulação envelhecida, a inspeção identifica colônias de defeitos por corrosão próximas de uma região antes retrabalhada. A equipe precisa decidir se o comportamento pode ser tratado como defeitos isolados ou como interação relevante para a resistência residual. Qual estratégia é mais adequada?",True,True,True,3,Fácil
e094bd612c-f1-d0-r53-q5,Descomissionamento e Gestão do Ciclo de Vida da Unidade,Geral,Média,0.93,"Em um circuito de alta temperatura que passou a operar com condições de processo mais severas ao longo dos anos, as inspeções visuais recentes não mostraram anomalias externas relevantes. Ainda assim, a engenharia revisa a suscetibilidade a mecanismos como HTHA e corrosão sob tensão. Qual ação é mais coerente com uma gestão de ciclo de vida baseada em risco?",True,True,True,3,Fácil
e094bd612c-f1-d0-r54-q1,Descomissionamento e Gestão do Ciclo de Vida da Unidade,Geral,Média,0.92,"Dois módulos de utilidades de um FPSO exibem sinais comparáveis de corrosão localizada em linhas de serviço. Em um deles, porém, verificam-se histórico de inspeção pouco confiável, deficiências de capacitação e falhas de articulação entre operação, manutenção e engenharia. Na definição de prioridade de integridade, qual interpretação é a mais apropriada?",True,True,True,3,Fácil
e094bd612c-f1-d0-r54-q4,Descomissionamento e Gestão do Ciclo de Vida da Unidade,Geral,Média,0.91,"Uma equipe avaliou uma trinca em junta soldada de um componente pressurizado por dois procedimentos reconhecidos. Pela API-579-1/ASME FFS-1, o componente poderia seguir operando com restrições; pela BS-7910, o resultado foi mais conservador e indicou margem insuficiente. Qual interpretação conduz à decisão mais tecnicamente defensável?",False,True,True,2,Média
e094bd612c-f3-d0-r55-q1,Descomissionamento e Gestão do Ciclo de Vida da Unidade,Geral,Média,0.94,"Uma linha interligada que transportou produto de alta viscosidade será retirada de serviço para flushing e drenagem antes do descomissionamento. O arranjo possui aquecimento a vapor, múltiplos desvios e válvulas pouco manobradas. Na reunião de pré-trabalho, qual foco de planejamento reduz melhor o risco de alinhamento indevido e de obstrução durante a intervenção?",True,True,True,3,Fácil
e094bd612c-f3-d0-r55-q2,Descomissionamento e Gestão do Ciclo de Vida da Unidade,Geral,Média,0.83,"Na retirada definitiva de operação de um tanque cilíndrico de GLP, após a remoção do produto líquido pelos alinhamentos normais, a equipe precisa reduzir a atmosfera inflamável e preparar o equipamento para abertura segura. Qual sequência operacional atende melhor a esse objetivo?",True,True,True,3,Fácil
e094bd612c-f3-d0-r55-q3,Descomissionamento e Gestão do Ciclo de Vida da Unidade,Geral,Média,0.91,"Depois de uma intervenção interna em um tanque anteriormente condicionado para retirada definitiva, a manutenção foi concluída e a unidade pretende reinseri-lo em uma retomada parcial da produção. Qual conduta de retorno ao serviço melhor resguarda a consistência da liberação e da partida?",True,True,True,3,Fácil
e094bd612c-f3-d0-r55-q4,Descomissionamento e Gestão do Ciclo de Vida da Unidade,Geral,Média,0.81,"Durante o descomissionamento de uma área adjacente à unidade, identificou-se contaminação por hidrocarbonetos em um banhado, restrita a uma zona pequena, com baixo volume infiltrado e vegetação sensível. A equipe ambiental discute escavar o material impactado para remover rapidamente o passivo. Qual estratégia tende a ser mais consistente com os critérios de escolha de técnica nesse caso?",True,True,True,3,Fácil
e094bd612c-f3-d0-r55-q5,Descomissionamento e Gestão do Ciclo de Vida da Unidade,Geral,Média,0.84,"Em outra área do mesmo descomissionamento, há óleo infiltrado em subsolo de alta condutividade, com declividade e gradiente hidráulico direcionando o fluxo para um corpo d’água próximo. A modelagem advectiva aponta tempo de trânsito de poucos anos, e as oscilações do lençol favorecem formação de fase livre. Qual plano é mais robusto para conter e reabilitar a área?",True,False,False,1,Difícil
e094bd612c-f3-d0-r56-q0,Descomissionamento e Gestão do Ciclo de Vida da Unidade,Geral,Fácil,0.94,"Na parada definitiva de um FPSO, será necessário abrir um trocador para retirada de internos. Embora o sistema já não esteja em processamento de hidrocarbonetos, ainda existem PTs de preparação em curso e a descontaminação do equipamento não foi finalizada. Quanto à liberação para a intervenção, qual interpretação está correta?",True,True,False,2,Média
e094bd612c-f3-d0-r56-q1,Descomissionamento e Gestão do Ciclo de Vida da Unidade,Geral,Média,0.91,"Uma linha aquecida que transportava produto viscoso será drenada e isolada como parte da desmobilização de um sistema interligado. Na reunião de pré-serviço, a equipe quer reduzir o risco de inventário retido, alinhamentos indevidos e abertura de caminho de fluxo não previsto. Qual preparação é a mais adequada?",True,False,True,2,Média
e094bd612c-f3-d0-r56-q2,Descomissionamento e Gestão do Ciclo de Vida da Unidade,Geral,Média,0.86,"Em um tanque cilíndrico de GLP que será retirado de serviço, o procedimento prevê retirar o produto líquido pelos meios normais, iniciar enchimento com água pelo sistema de injeção ao mesmo tempo em que se despressuriza por linha de equalização, e depois drenar a água mantendo vents ou boca de visita abertos. Qual é a melhor justificativa técnica para essa sequência?",True,True,True,3,Fácil
e094bd612c-f3-d0-r56-q4,Descomissionamento e Gestão do Ciclo de Vida da Unidade,Geral,Difícil,0.85,"Durante o descomissionamento, duas áreas terrestres de apoio associadas à unidade exigem reabilitação. Na Área 1, houve infiltração localizada e de pequeno volume em banhado, com potencial de dano ecológico relevante caso se faça escavação extensa. Na Área 2, o subsolo é muito condutivo, há gradiente hidráulico bem definido e risco de migração para um corpo d’água próximo. Qual combinação de estratégias é mais coerente?",False,True,True,2,Média
e094bd612c-f3-d0-r56-q5,Descomissionamento e Gestão do Ciclo de Vida da Unidade,Geral,Fácil,0.95,Um vaso de processo será liberado para entrada de pessoal em espaço confinado após a parada definitiva. A equipe discute qual sequência realmente marca a passagem de equipamento retirado de serviço para equipamento efetivamente seguro para manutenção interna. Qual opção representa melhor essa transição?,True,False,True,2,Média
e094bd612c-f3-d0-r57-q0,Descomissionamento e Gestão do Ciclo de Vida da Unidade,Geral,Média,0.92,"Na parada definitiva de produção de um FPSO, um trocador será preparado para retirada de carretéis. A equipe já executou drenagem, despressurização, isolamento e limpeza do equipamento, e o supervisor fez a orientação de riscos. Entretanto, ainda existe uma PT da etapa de preparação da liberação sem encerramento. Nessa situação, qual avaliação é mais adequada?",True,True,True,3,Fácil
e094bd612c-f3-d0-r57-q1,Descomissionamento e Gestão do Ciclo de Vida da Unidade,Geral,Média,0.93,"Durante o descomissionamento de um circuito de óleo pesado aquecido, será aberta uma linha de derivação que permanece interligada a outros trechos do sistema. A maior preocupação do supervisor é evitar alinhamentos inadvertidos e pontos frios com retenção de produto. Qual preparação é a mais consistente?",True,True,True,3,Fácil
e094bd612c-f3-d0-r57-q2,Descomissionamento e Gestão do Ciclo de Vida da Unidade,Geral,Média,0.83,"Um tanque cilíndrico de GLP será colocado fora de serviço para limpeza interna na fase final do descomissionamento. Após a retirada do produto líquido por bombas e alinhamentos normais, qual sequência operacional tende a reduzir a atmosfera inflamável e, ao mesmo tempo, evitar formação de vácuo durante a drenagem?",True,True,True,3,Fácil
e094bd612c-f3-d0-r57-q3,Descomissionamento e Gestão do Ciclo de Vida da Unidade,Geral,Média,0.93,"Após limpeza e descontaminação de um tanque de processo, a unidade precisa recolocá-lo em operação para receber produto de outro sistema. Durante a intervenção, drenos e vents ficaram abertos e foram instalados bloqueios temporários. Qual estratégia de retorno minimiza o risco de introduzir atmosfera oxigenada e de partir o sistema com extremidades desprotegidas?",True,True,True,3,Fácil
e094bd612c-f3-d0-r57-q4,Descomissionamento e Gestão do Ciclo de Vida da Unidade,Geral,Fácil,0.76,"Na remoção final de resíduos oleosos associados ao descomissionamento, foi identificada uma contaminação localizada em área alagadiça, com pequeno volume infiltrado e baixa extensão lateral. A equipe ambiental alerta que escavações amplas podem degradar mais a área do que o próprio resíduo. Qual abordagem é mais coerente?",True,True,True,3,Fácil
e094bd612c-f3-d0-r58-q0,Descomissionamento e Gestão do Ciclo de Vida da Unidade,Geral,Média,0.9,"Na parada definitiva de um módulo de tratamento de óleo, a equipe concluiu drenagem, despressurização, isolamento e limpeza do vaso principal. A atmosfera interna já foi testada, mas ainda existe uma PT aberta referente à preparação de um spool interligado que faz parte do mesmo escopo de liberação. O gerente de turno propõe iniciar a intervenção mecânica no vaso para ganhar prazo. Qual decisão é mais consistente com uma liberação segura do sistema?",False,True,True,2,Média
e094bd612c-f3-d0-r58-q1,Descomissionamento e Gestão do Ciclo de Vida da Unidade,Geral,Média,0.88,"Durante a preparação para retirar de serviço um trecho de linha de óleo pesado aquecido a vapor, a drenagem não se estabelece como previsto e um dos bloqueios selecionados apresenta acionamento duro. Como o sistema possui interligações com outras linhas do manifold, qual ação inicial tende a reduzir melhor o risco de aprisionamento de produto e de alinhamento indevido durante a intervenção?",True,True,False,2,Média
e094bd612c-f3-d0-r58-q2,Descomissionamento e Gestão do Ciclo de Vida da Unidade,Geral,Média,0.86,"Um tanque cilíndrico de GLP será liberado para manutenção interna após a retirada do líquido por bombas. A equipe discute quatro sequências operacionais para reduzir a atmosfera combustível, evitar esforços indevidos no tanque e preparar a entrada de pessoal. Qual sequência é a mais consistente?",True,False,False,1,Difícil
e094bd612c-f3-d0-r58-q3,Descomissionamento e Gestão do Ciclo de Vida da Unidade,Geral,Média,0.92,"Após limpeza, gas freeing e manutenção em um tanque de processo de um FPSO em fase de descomissionamento parcial, a equipe concluiu os testes de atmosfera e encerrou os serviços internos. Antes de recolocar o sistema em serviço para uma etapa temporária de processamento, qual medida trata o risco característico do retorno à operação, e não apenas da entrada de pessoal?",True,False,True,2,Média
e094bd612c-f3-d0-r58-q4,Descomissionamento e Gestão do Ciclo de Vida da Unidade,Geral,Média,0.62,"Durante o descomissionamento definitivo, duas ocorrências ambientais são avaliadas. Na Área 1, houve infiltração localizada de pequeno volume em solo sensível, sem evidência de migração relevante. Na Área 2, o subsolo apresenta alta condutividade hidráulica, gradiente em direção a um corpo d’água e possibilidade de inundação sazonal. Qual combinação de resposta técnica é mais coerente com esses cenários?",True,True,True,3,Fácil
e094bd612c-f3-d0-r58-q5,Descomissionamento e Gestão do Ciclo de Vida da Unidade,Geral,Média,0.91,"Na retirada de hidrocarbonetos de um sistema interligado, pretende-se introduzir água de enchimento para deslocar remanescentes, havendo um compressor disponível na malha de vapores. Para reduzir frações leves e evitar sobrepressões locais durante a transferência de pressão, qual estratégia operacional é a mais adequada?",True,False,True,2,Média
e094bd612c-f3-d0-r59-q0,Descomissionamento e Gestão do Ciclo de Vida da Unidade,Geral,Média,0.95,"Durante a parada definitiva de um módulo de tratamento, a equipe precisa abrir um carretel para retirar um spool. O supervisor informa que a linha foi drenada e despressurizada, porém a limpeza química só terminará no fim do turno e ainda há PTs da preparação em aberto. Nessa situação, qual conduta está mais alinhada ao processo de liberação do sistema?",True,True,True,3,Fácil
e094bd612c-f3-d0-r59-q1,Descomissionamento e Gestão do Ciclo de Vida da Unidade,Geral,Média,0.92,"Durante o esvaziamento definitivo de uma linha interligando manifolds, que transporta óleo de alto ponto de fluidez e possui sistema de aquecimento a vapor, o plano prevê redistribuir o fluxo para linhas paralelas enquanto um trecho será isolado para flushing. Qual preparação reduz de forma mais consistente o risco de alinhamento indevido e de perda de escoamento durante a intervenção?",True,True,True,3,Fácil
e094bd612c-f3-d0-r59-q5,Descomissionamento e Gestão do Ciclo de Vida da Unidade,Geral,Média,0.94,"Em uma campanha de parada definitiva de produção, a coordenação precisa programar intervenções sucessivas em diversos sistemas de processo, incluindo casos com potencial de espaço confinado. Surgiu a proposta de trabalhar com uma autorização geral da campanha e fazer, em campo, os ajustes necessários conforme cada equipamento fosse sendo liberado. Qual arranjo de planejamento e controle está mais alinhado às boas práticas?",True,True,False,2,Média
e094bd612c-f3-d0-r60-q0,Descomissionamento e Gestão do Ciclo de Vida da Unidade,Geral,Média,0.92,"Em uma parada definitiva de produção em um FPSO, será removido um trecho de linha interligada a outros sistemas e que transporta óleo de alta viscosidade com aquecimento a vapor. A PT já foi emitida, mas a equipe ainda discute como preparar a linha para abertura. Qual abordagem reduz melhor o risco de aprisionamento de produto e de alinhamentos indevidos antes da intervenção?",False,True,True,2,Média
e094bd612c-f3-d0-r60-q2,Descomissionamento e Gestão do Ciclo de Vida da Unidade,Geral,Fácil,0.89,"Um separador foi preparado para intervenção durante a desativação de um módulo. A pressão já está zerada e o equipamento foi drenado, mas a limpeza ainda não terminou e permanecem abertas PTs emitidas para a preparação. Em reunião de liberação, qual avaliação é tecnicamente mais adequada?",True,True,True,3,Fácil
e094bd612c-f3-d0-r60-q3,Descomissionamento e Gestão do Ciclo de Vida da Unidade,Geral,Média,0.9,"Após flushing e drenagem de um tanque de processo, a equipe constatou queda importante da concentração de hidrocarbonetos, mas ainda há bolsões de vapores combustíveis em pontos altos. O plano inclui entrada de pessoal para limpeza final e, mais tarde, retorno do sistema à operação. Qual estratégia lida melhor com as duas fases?",True,True,True,3,Fácil
e094bd612c-f3-d0-r61-q2,Descomissionamento e Gestão do Ciclo de Vida da Unidade,Geral,Média,0.82,"Após limpeza e manutenção de um vaso de processo durante a parada definitiva, a equipe quer antecipar o retorno do sistema para liberar recursos para outras frentes de descomissionamento. Qual critério é mais consistente para considerar o sistema pronto para voltar a serviço?",True,False,True,2,Média
e094bd612c-f3-d0-r61-q3,Descomissionamento e Gestão do Ciclo de Vida da Unidade,Geral,Média,0.74,"Em uma área alagadiça próxima ao apoio em terra da unidade, foi identificada contaminação por óleo em volume pequeno e infiltração localizada. A equipe ambiental avalia que uma escavação ampla pode degradar mais o local do que a própria contaminação remanescente. Qual estratégia tende a ser mais adequada?",True,False,True,2,Média
e094bd612c-f3-d0-r61-q5,Descomissionamento e Gestão do Ciclo de Vida da Unidade,Geral,Média,0.9,"Na preparação de um vaso interligado para intervenção, será feito o deslocamento de hidrocarbonetos por enchimento com água. Ainda permanecem frações leves no interior e há compressor disponível a bordo. Qual estratégia operacional melhor controla a transferência de pressão e reduz o risco de atmosfera combustível nessa etapa?",True,True,True,3,Fácil
e094bd612c-f3-d0-r62-q0,Descomissionamento e Gestão do Ciclo de Vida da Unidade,Geral,Média,0.9,"Na parada definitiva de um tanque cilíndrico que armazenava GLP, o produto líquido já foi retirado pelas bombas e pelos alinhamentos normais. A equipe discute como preparar o tanque para manutenção interna, tentando reduzir remanescentes inflamáveis sem criar novas condições de risco durante o esvaziamento e a drenagem. Qual abordagem é mais consistente?",True,False,True,2,Média
e094bd612c-f3-d0-r62-q1,Descomissionamento e Gestão do Ciclo de Vida da Unidade,Geral,Fácil,0.9,"Um sistema de processo foi drenado, despressurizado, isolado e limpo para intervenção durante a parada definitiva. As barreiras físicas já estão instaladas, mas uma Permissão de Trabalho ligada à etapa de preparação e liberação ainda permanece aberta aguardando encerramento formal. Nessa condição, como o sistema deve ser tratado?",True,True,True,3,Fácil
e094bd612c-f3-d0-r62-q2,Descomissionamento e Gestão do Ciclo de Vida da Unidade,Geral,Média,0.92,"Em uma linha interligada que conduz óleo de alto ponto de fluidez e possui aquecimento a vapor, a unidade vai executar isolamento e abertura de trecho para remoção definitiva de um spool. O histórico mostra válvulas travadas e retenção de produto em pontos baixos. Qual preparação tende a reduzir melhor o risco de alinhamento indevido e de aprisionamento de produto?",True,False,True,2,Média
e094bd612c-f3-d0-r62-q4,Descomissionamento e Gestão do Ciclo de Vida da Unidade,Geral,Média,0.93,"Após a descontaminação e a manutenção de um sistema de processo durante a parada definitiva de produção, a equipe de operação recebeu pressão para recomissionar temporariamente um circuito auxiliar antes do fechamento completo da campanha. As PTs de intervenção já foram quitadas, mas drenos e suspiros ainda estão sem tampões ou capacetes roscados. Qual conduta está mais alinhada às boas práticas para o retorno à operação?",True,True,True,3,Fácil
e094bd612c-f3-d0-r62-q5,Descomissionamento e Gestão do Ciclo de Vida da Unidade,Geral,Fácil,0.92,"Um tanque já passou por retirada de produto, enchimento com água e drenagem controlada. Para ganhar tempo na parada definitiva, a equipe de manutenção quer iniciar a inspeção interna assim que a água sair pelo dreno. O que melhor sustenta uma liberação segura para entrada de pessoal?",True,True,True,3,Fácil
e094bd612c-f3-d0-r63-q0,Descomissionamento e Gestão do Ciclo de Vida da Unidade,Geral,Média,0.96,"Durante a parada definitiva de um módulo de processo de um FPSO, a equipe concluiu a drenagem e a despressurização de um circuito, instalou bloqueios físicos e iniciou a limpeza. Na revisão para liberação do sistema à intervenção, o supervisor percebe que ainda há Permissões de Trabalho da etapa de preparação em aberto e que um bypass interligado permanece sem identificação clara de bloqueio. Qual é a decisão mais adequada?",True,True,True,3,Fácil
e094bd612c-f3-d0-r63-q1,Descomissionamento e Gestão do Ciclo de Vida da Unidade,Geral,Média,0.91,"Uma linha interligada de óleo viscoso, com traçado de vapor, será aberta durante o descomissionamento de uma unidade. Parte do fluido remanescente precisa ser deslocada e drenada sem criar alinhamentos indevidos nem agravar o aprisionamento de produto. Qual preparação tende a reduzir melhor esse risco?",True,True,True,3,Fácil
e094bd612c-f3-d0-r63-q2,Descomissionamento e Gestão do Ciclo de Vida da Unidade,Geral,Média,0.9,"Após retirar o produto líquido de um tanque pressurizado de GLP, a equipe deve prepará-lo para manutenção interna na parada definitiva. Qual sequência operacional melhor reduz a atmosfera combustível e evita esforços mecânicos indevidos no tanque?",True,False,True,2,Média
e094bd612c-f3-d0-r63-q3,Descomissionamento e Gestão do Ciclo de Vida da Unidade,Geral,Média,0.91,"Um tanque de processo já foi drenado, lavado e esvaziado durante o encerramento de produção. A equipe de manutenção quer entrar no equipamento para inspeção final, e a operação planeja recolocá-lo temporariamente em serviço para testes de sistemas auxiliares antes do descomissionamento completo. Qual combinação de ações distingue corretamente a preparação para entrada da preparação para retorno à operação?",True,True,True,3,Fácil
e094bd612c-f3-d0-r63-q4,Descomissionamento e Gestão do Ciclo de Vida da Unidade,Geral,Difícil,0.82,"No encerramento de uma base de apoio vinculada a um FPSO, foram identificadas três áreas contaminadas por óleo: Área 1, com infiltração localizada e pequeno volume em solo vegetado; Área 2, com subsolo de alta condutividade e gradiente hidráulico favorável à migração para um canal; Área 3, em terreno plano sujeito a inundação periódica. Qual associação de técnicas de reabilitação é a mais coerente com esse cenário?",True,True,True,3,Fácil
e094bd612c-f3-d0-r63-q5,Descomissionamento e Gestão do Ciclo de Vida da Unidade,Geral,Média,0.9,"Na limpeza final de sistemas de processo de um FPSO em descomissionamento, serão gerados água de flushing contaminada, borras oleosas e remanescentes de hidrocarbonetos drenados de linhas e tanques. Qual abordagem de manejo e destinação está mais alinhada com uma execução segura e rastreável dessa etapa?",True,True,True,3,Fácil
e094bd612c-f3-d0-r64-q1,Descomissionamento e Gestão do Ciclo de Vida da Unidade,Geral,Média,0.92,Uma linha interligada que transporta produto viscoso e possui aquecimento a vapor será isolada para retirada de um spool no descomissionamento. Há histórico de válvulas travadas e alinhamentos indevidos em intervenções anteriores. Qual preparação reduz melhor o risco operacional e de execução?,True,True,True,3,Fácil
e094bd612c-f3-d0-r64-q2,Descomissionamento e Gestão do Ciclo de Vida da Unidade,Geral,Média,0.91,"Na retirada definitiva de serviço de um tanque cilíndrico de GLP, a equipe discute como reduzir a atmosfera inflamável e evitar danos mecânicos ao tanque durante o esvaziamento e a drenagem. Qual sequência é mais coerente com esse objetivo?",True,True,True,3,Fácil
e094bd612c-f3-d0-r64-q4,Descomissionamento e Gestão do Ciclo de Vida da Unidade,Geral,Média,0.77,"Na fase final de descomissionamento de uma instalação, dois passivos ambientais precisam de tratamento. Na área 1, houve infiltração restrita de óleo, com pequeno volume e baixo espalhamento. Na área 2, o subsolo tem alta condutividade, há declividade favorável ao fluxo e risco de migração para um corpo d’água. Qual combinação de técnicas tende a ser mais adequada?",False,True,True,2,Média
e094bd612c-f3-d0-r64-q5,Descomissionamento e Gestão do Ciclo de Vida da Unidade,Geral,Média,0.94,"Durante a preparação de um vaso de processo para abertura, a equipe pretende deslocar o inventário remanescente com água. O vaso ainda contém frações leves e está conectado a rotas de descarga para tocha e para outro sistema de processamento. A principal preocupação é evitar sobrepressões locais e manter uma rota segura para os vapores. Qual conduta é mais consistente?",True,True,True,3,Fácil
e094bd612c-f3-d0-r65-q0,Descomissionamento e Gestão do Ciclo de Vida da Unidade,Geral,Fácil,0.9,"Na parada definitiva de produção de um módulo, uma bomba de transferência será aberta para remoção. A equipe já drenou e despressurizou o circuito, executou limpeza e instalou bloqueios. O teste de atmosfera no entorno está aceitável, mas ainda existem Permissões de Trabalho da preparação e liberação em aberto. Nessa condição, qual avaliação é mais adequada sobre a liberação do equipamento?",True,True,True,3,Fácil
e094bd612c-f3-d0-r65-q1,Descomissionamento e Gestão do Ciclo de Vida da Unidade,Geral,Média,0.92,"Em um FPSO em descomissionamento, será feita intervenção em uma linha interligada que ainda contém resíduo de óleo com alto ponto de fluidez e possui aquecimento a vapor. Na reunião de liberação, surgem propostas diferentes para o alinhamento do sistema. Qual abordagem tende a reduzir melhor o risco de entupimento, aprisionamento de produto e manobras indevidas durante a intervenção?",False,True,False,1,Difícil
e094bd612c-f3-d0-r65-q3,Descomissionamento e Gestão do Ciclo de Vida da Unidade,Geral,Fácil,0.92,"Uma linha de processo passou por intervenção, com uso de drenos e vents na drenagem, limpeza e gas freeing. Com os serviços concluídos e as PTs quitadas, qual medida final é mais consistente com o retorno seguro à operação?",True,True,True,3,Fácil
e094bd612c-f3-d0-r65-q5,Descomissionamento e Gestão do Ciclo de Vida da Unidade,Geral,Média,0.89,"Durante a retirada de serviço de um tanque, o enchimento com água e a despressurização por equalização começaram ao mesmo tempo. Nos minutos iniciais, a supervisão percebe pequeno vazamento em uma junta e oscilações de pressão na linha de descarga de vapores. Qual conduta melhor controla o risco nesse momento?",True,True,True,3,Fácil
e094bd612c-f3-d0-r66-q0,Descomissionamento e Gestão do Ciclo de Vida da Unidade,Geral,Média,0.86,"Durante a parada definitiva de produção de um FPSO, uma equipe prepara um skid de processo para intervenção de desmontagem. O sistema já foi drenado, despressurizado e está com bloqueios físicos instalados. No entanto, ainda existe uma Permissão de Trabalho (PT) aberta relacionada à preparação e a limpeza interna foi executada apenas parcialmente. Para que o sistema seja considerado efetivamente liberado para intervenção, qual condição adicional é a mais determinante no cenário descrito?",True,True,True,3,Fácil
e094bd612c-f3-d0-r66-q3,Descomissionamento e Gestão do Ciclo de Vida da Unidade,Geral,Média,0.89,"Após a drenagem total de um tanque que passará por descontaminação, a manutenção solicita autorização para entrada e inspeção interna. No ponto de intervenção, o operador constata que as linhas de respiro (suspiros) foram mantidas fechadas após a drenagem e que ainda não há ventilação forçada instalada. Considerando prevenção de vácuo, renovação de ar e critérios de liberação para entrada em espaço confinado, qual ação deve ser adotada antes de autorizar o acesso?",True,True,True,3,Fácil
e094bd612c-f3-d0-r66-q4,Descomissionamento e Gestão do Ciclo de Vida da Unidade,Geral,Média,0.78,"Na fase de desmobilização/encerramento definitivo, foi detectada presença de óleo em solo/banhado com baixa mobilidade (pluma localizada) e quantidade infiltrada pequena. Considerando os critérios de seleção de técnica (volume/ extensão, risco de mobilização e potencial de dano por intervenção), busca-se uma solução que reduza a perturbação do ambiente. Qual alternativa é mais compatível com esse cenário?",True,False,False,1,Difícil
e094bd612c-f3-d0-r66-q5,Descomissionamento e Gestão do Ciclo de Vida da Unidade,Geral,Difícil,0.8,"Em uma etapa de descomissionamento, uma área apresenta grande mobilidade do contaminante e condutividade elevada do subsolo, com risco de migração para corpos d’água. O time de meio ambiente quer escolher uma técnica que favoreça contenção/coleta e considere o horizonte temporal estimado por modelamento advectivo do transporte subterrâneo. Qual combinação de encaminhamento é a mais consistente com as práticas descritas?",True,True,True,3,Fácil
e094bd612c-f3-d0-r67-q0,Descomissionamento e Gestão do Ciclo de Vida da Unidade,Geral,Média,0.87,"Durante o planejamento de uma parada definitiva, a equipe pretende liberar um vaso de processo para abertura e inspeção interna. O operador informa que o vaso já foi isolado e está com a pressão em zero no indicador local, mas ainda existem PTs de preparação em aberto e não há registro de limpeza. Para considerar o vaso efetivamente liberado para intervenção, qual conjunto de condições atende melhor às boas práticas?",True,True,True,3,Fácil
e094bd612c-f3-d0-r67-q1,Descomissionamento e Gestão do Ciclo de Vida da Unidade,Geral,Média,0.87,"Durante o planejamento do descomissionamento de uma linha em um FPSO que escoa produto viscoso (alto ponto de fluidez), a equipe irá realizar drenagem e flushing. A linha possui aquecimento por vapor (traço/serpentina). Antes de qualquer intervenção, qual verificação mais contribui para reduzir o risco de solidificação do produto, obstruções e falhas de drenagem no arranjo?",False,True,True,2,Média
e094bd612c-f3-d0-r67-q3,Descomissionamento e Gestão do Ciclo de Vida da Unidade,Geral,Média,0.86,"Após encher um tanque com água para remoção de remanescentes e iniciar a drenagem controlada, a equipe observa redução da vazão no dreno e suspeita de formação de vácuo. Considerando a preparação para entrada posterior de manutenção, qual combinação de medidas responde melhor ao problema e ao controle de risco?",True,True,True,3,Fácil
e094bd612c-f3-d0-r67-q4,Descomissionamento e Gestão do Ciclo de Vida da Unidade,Geral,Média,0.83,"Na parada definitiva de um módulo de processo, o plano de liberação incluiu drenagem, despressurização, flushing e gas freeing antes da abertura de equipamentos. Concluída a intervenção e com a equipe discutindo o retorno à operação, foi sugerido acelerar a partida deixando drenos e suspiros (vents) sem tampões para facilitar ajustes e tratando a inertização como etapa fixa do retorno. Qual decisão operacional é mais consistente com uma retomada controlada e com a boa gestão de liberação/retorno à operação após intervenção?",False,False,True,1,Difícil
e094bd612c-f3-d0-r67-q5,Descomissionamento e Gestão do Ciclo de Vida da Unidade,Geral,Fácil,0.68,"Em uma área costeira de apoio ao FPSO, foi identificada contaminação por óleo em um banhado com infiltração restrita e volume muito reduzido, sem evidência de alta mobilidade do contaminante. A equipe avalia duas estratégias: escavar e remover grande volume de solo ou aplicar tratamento in situ. Qual escolha tende a ser mais adequada, considerando risco de causar dano adicional e o objetivo de reabilitação?",True,True,True,3,Fácil
e094bd612c-f3-d0-r68-q0,Descomissionamento e Gestão do Ciclo de Vida da Unidade,Geral,Média,0.87,"Durante a parada definitiva de um FPSO, um vaso de processo será aberto para remoção de internos. A equipe afirma que o vaso está isolado porque as válvulas de entrada/saída foram fechadas e existe bloqueio administrativo no painel. Para considerar o equipamento efetivamente liberado para intervenção, qual conjunto de condições melhor sustenta a liberação?",True,True,True,3,Fácil
e094bd612c-f3-d0-r68-q1,Descomissionamento e Gestão do Ciclo de Vida da Unidade,Geral,Média,0.83,"Durante o descomissionamento de uma linha de óleo com produto viscoso e alto ponto de fluidez, pretende-se drenar o trecho para descontaminação. A linha possui aquecimento por vapor. No alinhamento para drenagem, a vazão não estabiliza e há suspeita de solidificação do produto. Antes de concluir que há falha no dreno, qual verificação é mais consistente com uma liberação segura e efetiva?",True,True,False,2,Média
e094bd612c-f3-d0-r68-q3,Descomissionamento e Gestão do Ciclo de Vida da Unidade,Geral,Fácil,0.85,"Após flushing e enchimento com água de um tanque, a equipe vai iniciar a drenagem para capturar frações remanescentes e encaminhar o efluente para tratamento. Durante a drenagem, o operador percebe tendência de deformação por pressão diferencial e queda rápida da leitura de pressão interna. Qual ajuste operacional reduz mais diretamente esse risco sem comprometer o objetivo de drenagem controlada?",False,True,False,1,Difícil
e094bd612c-f3-d0-r68-q4,Descomissionamento e Gestão do Ciclo de Vida da Unidade,Geral,Fácil,0.82,"Após uma intervenção em um sistema já em fase de parada definitiva, parte das linhas será momentaneamente recolocada em serviço para circulação de fluido de procedimento e testes de estanqueidade. No comissionamento do retorno, um evento recorrente é vazamento em extremidades de drenos e vents que haviam sido usados na preparação. Qual prática reduz mais diretamente esse tipo de ocorrência antes da partida?",True,True,True,3,Fácil
e094bd612c-f4-d0-r69-q1,Descomissionamento e Gestão do Ciclo de Vida da Unidade,Geral,Fácil,0.9,"Em uma campanha de desconexão e possível recuperação de linhas flexíveis, a engenharia precisa antecipar limitações de manuseio e riscos de dano durante içamento e acondicionamento. Entre as informações abaixo, qual é a mais diretamente associada a essa limitação física e tende a ser decisiva para planejar a recuperação de dutos flexíveis na interface subsea?",False,False,False,0,Difícil
e094bd612c-f4-d0-r69-q2,Descomissionamento e Gestão do Ciclo de Vida da Unidade,Geral,Média,0.88,"Em um plano de descomissionamento, será necessário desconectar e recuperar um trecho de flowline entre terminações de linha e uma área de coleta. Em parte da operação, a embarcação deve manter a posição sem uso de ancoragem/fundeio. Considerando as funções típicas de FPSO/FSO, PLSV, sonda de completação e do umbilical eletro-hidráulico (UEH) nas interfaces submarinas (ANM, SESDV, PLET/PLEM), qual alternativa apresenta a combinação mais coerente para suportar essa atividade?",False,True,True,2,Média
e094bd612c-f4-d0-r69-q3,Descomissionamento e Gestão do Ciclo de Vida da Unidade,Geral,Fácil,0.89,"Na fase final de vida do campo, avalia-se uma estratégia de desconexão em que parte do isolamento seja feito sem intervenção direta no fundo do mar, para reduzir exposição operacional. Ao comparar possibilidades de isolamento remoto versus necessidade de intervenção por embarcação/sonda, qual fator abaixo é o mais determinante para viabilizar uma desconexão/isolamento com atuação remota dentro do que é descrito para os sistemas de controle subsea?",True,False,True,2,Média
e094bd612c-f4-d0-r69-q4,Descomissionamento e Gestão do Ciclo de Vida da Unidade,Geral,Média,0.7,"A operadora planeja descomissionar alguns poços, mantendo a produção por um período adicional. O campo possui poços produtores de óleo e poços injetores de água, interligados por diferentes arranjos subsea (ANM, flowlines/jumpers, manifolds, risers e umbilicais). Em um descomissionamento faseado, qual linha de raciocínio melhor conecta a função operacional dos injetores ao planejamento das interfaces submarinas que permanecerão em operação?",True,True,True,3,Fácil
e094bd612c-f4-d0-r69-q5,Descomissionamento e Gestão do Ciclo de Vida da Unidade,Geral,Fácil,0.84,"Em uma campanha de intervenção ligada ao descomissionamento, o MCV (veículo/equipamento de intervenção) precisa ser estacionado no fundo do mar entre uma etapa e outra, enquanto a equipe prepara a próxima desconexão. Qual item deve ser empregado para atender a essa necessidade e qual é a justificativa?",True,True,True,3,Fácil
e094bd612c-f4-d0-r70-q0,Descomissionamento e Gestão do Ciclo de Vida da Unidade,Geral,Fácil,0.86,"Durante a preparação para o descomissionamento de um poço produtor, a equipe quer executar uma etapa de isolamento que reduza a dependência de intervenção física imediata no leito marinho. Considerando as interfaces típicas entre poço, controle e escoamento, qual ação tende a ser mais diretamente executável a partir da superfície via umbilical eletro-hidráulico, para interromper o fluxo no topo do poço?",True,True,True,3,Fácil
e094bd612c-f4-d0-r70-q2,Descomissionamento e Gestão do Ciclo de Vida da Unidade,Geral,Fácil,0.91,"Ao definir o escopo de descomissionamento, é necessário distinguir o que pertence ao “sistema poço” (componentes do topo do poço até o reservatório) do que é infraestrutura submarina de interligação do campo. Qual item abaixo se enquadra mais claramente como parte do sistema poço, e não como infraestrutura de conexão entre equipamentos do campo?",True,True,False,2,Média
e094bd612c-f4-d0-r71-q1,Descomissionamento e Gestão do Ciclo de Vida da Unidade,Geral,Fácil,0.9,"Em uma estratégia de desconexão e recuperação, antes de mobilizar uma embarcação para atuar no riser de produção, a operação define que o trecho deve ser isolado no ponto crítico “no pé do riser” usando o sistema de controle via umbilical eletro-hidráulico (UEH). Qual equipamento atende melhor a essa intenção, conforme a função e a localização descritas?",True,True,False,2,Média
e094bd612c-f4-d0-r71-q2,Descomissionamento e Gestão do Ciclo de Vida da Unidade,Geral,Fácil,0.91,"Em uma campanha de recuperação, prevê-se o manuseio e eventual içamento de trechos de duto flexível (por exemplo, flexible flowline ou jumper flexível) conectados a terminações como PLET/PLEM. Ao definir o plano de movimentação e armazenamento a bordo, qual parâmetro físico é usado de forma mais direta como limite de curvatura para evitar danos por sobrecurvatura durante a operação?",True,True,True,3,Fácil
e094bd612c-f4-d0-r71-q3,Descomissionamento e Gestão do Ciclo de Vida da Unidade,Geral,Média,0.85,"No fim de vida de um poço ligado a um manifold submarino, busca-se reduzir intervenções físicas no leito marinho e priorizar ações remotas. Operacionalmente, o time pergunta: que condição torna plausível isolar o poço e suas linhas por comando remoto do sistema de controle, antes de qualquer recuperação mecânica de linhas ou equipamentos?",True,True,True,3,Fácil
e094bd612c-f4-d0-r71-q5,Descomissionamento e Gestão do Ciclo de Vida da Unidade,Geral,Média,0.81,"Uma campanha prevê desconexão e recuperação de equipamentos de terminação/junção de linhas submarinas (PLET/PLEM) e de trechos de dutos associados, com exigência de manter a embarcação em posição sem uso de ancoragem. Com base nos papéis descritos para embarcações e recursos, qual combinação se encaixa melhor no tipo de atividade e na restrição operacional?",False,True,False,1,Difícil
e094bd612c-f4-d0-r72-q0,Descomissionamento e Gestão do Ciclo de Vida da Unidade,Geral,Média,0.87,"Na preparação do descomissionamento de um poço submarino, é necessário definir a fronteira técnica do “sistema poço” (escopo do abandono do poço em si) versus a infraestrutura de coleta/distribuição do campo (flowlines/risers/jumpers, manifolds, PLET/PLEM, umbilical e válvulas ESD). Qual alternativa representa, de cima para baixo, o conjunto mais coerente com a fronteira do sistema poço?",True,False,True,2,Média
e094bd612c-f4-d0-r72-q2,Descomissionamento e Gestão do Ciclo de Vida da Unidade,Geral,Fácil,0.91,"No fim de vida de um campo, pretende-se recuperar uma terminação de linha (PLET/PLEM) junto com um trecho de flowline assentado no leito marinho. A atividade requer içamento e manuseio subsea e demanda que a embarcação mantenha posição sem uso de ancoragem (por restrições de interferências e pela janela meteoceanográfica). Qual opção combina melhor o tipo de recurso e a capacidade necessária para esse serviço?",True,True,True,3,Fácil
e094bd612c-f4-d0-r72-q3,Descomissionamento e Gestão do Ciclo de Vida da Unidade,Geral,Média,0.85,"Antes de desconectar um riser de produção e iniciar o descomissionamento de interfaces submarinas, a equipe precisa confirmar que consegue executar bloqueios remotos via sistema de controle. Entre as interfaces típicas do arranjo subsea, qual verificação é a mais diretamente ligada a essa capacidade?",True,True,False,2,Média
e094bd612c-f4-d0-r72-q5,Descomissionamento e Gestão do Ciclo de Vida da Unidade,Geral,Difícil,0.81,"Uma equipe compara duas estratégias para desmobilizar interfaces submarinas: (i) executar desconexões com o máximo de ações remotas via comandos hidráulicos/eletrônicos e (ii) mobilizar embarcação dedicada para intervir, desconectar e recuperar componentes (linhas, terminações e umbilicais). Considerando os elementos e interfaces do arranjo, qual conjunto de informações é mais determinante para decidir a viabilidade e o método de desconexão/recuperação?",True,True,True,3,Fácil
e094bd612c-f4-d0-r73-q0,Descomissionamento e Gestão do Ciclo de Vida da Unidade,Geral,Média,0.79,"Na preparação do descomissionamento de um poço, a equipe precisa definir a fronteira do “sistema poço” para separar o que é interface do poço do que é infraestrutura compartilhada do campo (manifold, terminações de linhas etc.). Considerando essa fronteira, qual conjunto está mais alinhado para compor o escopo do sistema poço e suas interfaces imediatas?",True,False,True,2,Média
e094bd612c-f4-d0-r73-q1,Descomissionamento e Gestão do Ciclo de Vida da Unidade,Geral,Fácil,0.85,"Em uma campanha de fim de vida, prevê-se uma etapa em que um veículo/equipamento de intervenção (MCV) precisa ficar estacionado no fundo do mar, apoiado e estável, enquanto outras atividades de desconexão e recuperação ocorrem em paralelo. Qual elemento deve ser selecionado como base de apoio para essa condição operacional e por qual motivo?",True,True,True,3,Fácil
e094bd612c-f4-d0-r73-q2,Descomissionamento e Gestão do Ciclo de Vida da Unidade,Geral,Média,0.81,"Durante o planejamento de desconexão de um riser associado a um FPSO, a equipe busca maximizar o que pode ser feito por comando remoto antes de mobilizar embarcações de intervenção. Considerando as interfaces descritas, qual verificação é mais diretamente crítica para manter a capacidade de atuação remota de válvulas relevantes ao shutdown submarino?",True,True,True,3,Fácil
e094bd612c-f4-d0-r73-q3,Descomissionamento e Gestão do Ciclo de Vida da Unidade,Geral,Fácil,0.89,"Em um plano de descomissionamento, considera-se recuperar um trecho de duto flexível (jumper/flowline) que interliga um equipamento de terminação à ANM. Para verificar a viabilidade de içamento e acondicionamento sem exceder limites mecânicos do flexível durante o manuseio, qual parâmetro é o mais determinante para a engenharia de manuseio?",True,False,True,2,Média
e094bd612c-f4-d0-r73-q4,Descomissionamento e Gestão do Ciclo de Vida da Unidade,Geral,Média,0.86,"Um campo possui múltiplos poços conectados a um manifold submarino (MSP) com uma ou mais saídas para a unidade. Um dos poços será descomissionado antes dos demais, e a equipe quer reduzir impactos na infraestrutura compartilhada, mantendo a topologia de coleta para os outros poços. Qual abordagem é mais coerente com as interfaces e funções descritas?",True,True,True,3,Fácil
e094bd612c-f4-d0-r74-q0,Descomissionamento e Gestão do Ciclo de Vida da Unidade,Geral,Fácil,0.68,"Durante a preparação para o abandono de um poço submarino, a equipe quer separar falhas atribuíveis ao “sistema poço” (fronteira usada para diferenciar falhas do poço versus falhas do restante do campo) das falhas da infraestrutura subsea/superfície. Qual par de componentes está inequivocamente dentro do sistema poço, conforme a definição de componentes de cima para baixo?",True,True,True,3,Fácil
e094bd612c-f4-d0-r74-q1,Descomissionamento e Gestão do Ciclo de Vida da Unidade,Geral,Média,0.82,"No descomissionamento de um poço conectado a um FPSO, a estratégia escolhida prevê que algumas ações de isolamento ocorram sem intervenção direta no fundo do mar, usando os recursos de comando existentes. Considerando as interfaces e capacidades descritas, qual verificação tende a ser mais determinante para confirmar que a planta consegue executar essas ações remotamente?",True,True,True,3,Fácil
e094bd612c-f4-d0-r74-q3,Descomissionamento e Gestão do Ciclo de Vida da Unidade,Geral,Fácil,0.88,"Uma equipe está definindo recursos para uma fase do descomissionamento que envolve atividades de desconexão e potencial recuperação de linhas e terminações (por exemplo, PLET/PLEM). O campo está em lâmina d’água onde ancoragem é operacionalmente restritiva, e a embarcação precisará manter posição com precisão durante a operação. Qual combinação de recurso e característica é mais coerente com esse cenário?",True,True,True,3,Fácil
e094bd612c-f4-d0-r75-q1,Descomissionamento e Gestão do Ciclo de Vida da Unidade,Geral,Média,0.84,"Em um cenário de descomissionamento em que se pretende deixar a infraestrutura submarina em condição segura antes de qualquer intervenção com embarcação, a equipe avalia quais barreiras/isolamentos podem ser comandados a partir da superfície usando o umbilical eletro-hidráulico (UEH). Qual opção representa melhor o que esse tipo de umbilical normalmente comanda no arranjo descrito?",True,True,True,3,Fácil
e094bd612c-f4-d0-r75-q2,Descomissionamento e Gestão do Ciclo de Vida da Unidade,Geral,Fácil,0.9,"Um plano de descomissionamento prevê a retirada de um trecho de flowline/duto assentado no leito marinho e do equipamento de terminação/junção associado (PLET/PLEM). Considerando as funções típicas das embarcações e as capacidades usuais em atividades submarinas, qual opção é mais adequada para executar essa retirada?",True,True,True,3,Fácil
e094bd612c-f4-d0-r75-q3,Descomissionamento e Gestão do Ciclo de Vida da Unidade,Geral,Fácil,0.88,"Durante a desconexão e recuperação de uma flowline flexível no descomissionamento, a equipe precisa definir o arranjo de içamento e o trajeto de recolhimento no convés para reduzir o risco de danos por curvatura e manuseio. Qual parâmetro técnico tende a ser o mais determinante nessa definição?",False,True,True,2,Média
e094bd612c-f4-d0-r75-q4,Descomissionamento e Gestão do Ciclo de Vida da Unidade,Geral,Média,0.84,"Em um campo com poços produtores de óleo e poços injetores de água conectados ao mesmo sistema submarino (manifolds e linhas de coleta), o descomissionamento ocorrerá em fases, mantendo parte do sistema em operação. Considerando a função dos injetores e a gestão de interfaces subsea, qual estratégia tende a reduzir o impacto na produção remanescente durante a transição?",True,True,True,3,Fácil
e094bd612c-f4-d0-r76-q0,Descomissionamento e Gestão do Ciclo de Vida da Unidade,Geral,Média,0.88,"Em um programa de descomissionamento, o gestor precisa definir claramente o escopo do “sistema poço” para repartir responsabilidades entre a equipe de poços e a equipe de dutos/subsea ao estimar riscos e recursos de intervenção. Considerando a fronteira típica do sistema poço e suas interfaces submarinas, qual combinação está mais alinhada para ser tratada como parte do sistema poço (e não como infraestrutura de escoamento/coleta do campo)?",True,True,True,3,Fácil
e094bd612c-f4-d0-r76-q1,Descomissionamento e Gestão do Ciclo de Vida da Unidade,Geral,Média,0.83,"Durante a etapa de desconexão e inertização de uma malha de produção conectada a um FPSO, a equipe quer garantir que existam pontos de parada de emergência com atuação pelo sistema de controle. Qual interpretação sobre o papel do umbilical eletro-hidráulico (UEH) nas interfaces submarinas é a mais consistente para suportar essa estratégia?",True,True,True,3,Fácil
e094bd612c-f4-d0-r76-q2,Descomissionamento e Gestão do Ciclo de Vida da Unidade,Geral,Fácil,0.9,"Uma campanha de retirada de uma flowline flexível e seu umbilical associado está sendo planejada para reduzir interferências no leito marinho após o encerramento de produção. Na etapa de içamento e manuseio no convés, qual critério técnico descrito para dutos flexíveis deve orientar diretamente o arranjo de içamento para evitar dano por curvatura excessiva?",True,True,True,3,Fácil
e094bd612c-f4-d0-r76-q5,Descomissionamento e Gestão do Ciclo de Vida da Unidade,Geral,Média,0.81,"Uma equipe busca reduzir o número de intervenções com embarcações durante uma fase de desconexão controlada, priorizando ações que possam ser executadas remotamente a partir do sistema de controle. Considerando como as interfaces são descritas (ANM, umbilicais e válvulas de emergência), qual característica do arranjo subsea mais aumenta a parcela de ações de isolamento que pode ser comandada remotamente, mesmo que a recuperação física ainda exija campanha dedicada?",True,True,True,3,Fácil
d90e8fba34-f1-d1-r77-q0,Gestão do Desempenho,Geral,Média,0.86,"Em um FPSO em operação, a equipe de Performance propõe revisar o conjunto de KPIs operacionais (ex.: disponibilidade, eficiência de produção e backlog de manutenção). A diretoria, porém, quer garantir que o painel do ativo dialogue com a estratégia corporativa e com compromissos de sustentabilidade. Qual abordagem tende a produzir um conjunto de indicadores mais bem governado e comparável no nível corporativo?",True,True,True,3,Fácil
d90e8fba34-f1-d1-r77-q1,Gestão do Desempenho,Geral,Média,0.81,"Durante uma campanha de modificações no topside de um FPSO, o time percebe aumento de ruídos na comunicação com o cliente interno e com partes interessadas (mudanças frequentes de prioridade, dúvidas recorrentes e retrabalho). A coordenação decide criar indicadores e metas para medir desempenho da comunicação do empreendimento. Qual conjunto de insumos e práticas melhor sustenta a definição desses indicadores e seu acompanhamento ao longo do ciclo?",True,True,True,3,Fácil
d90e8fba34-f1-d1-r77-q2,Gestão do Desempenho,Geral,Média,0.82,"No painel de desempenho de um FPSO, os indicadores financeiros associados a custo de manutenção e eficiência de contratação passam a apresentar oscilações incompatíveis com o histórico e com a percepção operacional. A hipótese é que a qualidade e a disponibilidade das informações estejam comprometidas por informalidade de processos e fragilidade nas fontes. Qual sequência de ações tende a elevar a confiabilidade dos dados antes de ajustar metas e cobrar resultados?",True,True,True,3,Fácil
d90e8fba34-f1-d1-r77-q3,Gestão do Desempenho,Geral,Fácil,0.81,"Em um FPSO próximo a uma área com forte sensibilidade social, manifestações de partes interessadas externas passam a pressionar mudanças no plano de comunicação (demandas por transparência, frequência de reuniões e canais de atendimento). A equipe quer evitar que o painel de desempenho de comunicação fique desconectado dessa realidade. Qual encaminhamento é mais consistente com uma gestão de indicadores orientada por governança e integração com relatórios?",True,True,True,3,Fácil
d90e8fba34-f1-d1-r78-q1,Gestão do Desempenho,Geral,Média,0.84,"Ao construir um painel de desempenho para um FPSO, a equipe observa divergências recorrentes entre números de custo e de performance reportados por áreas diferentes e suspeita que parte dos dados vem de rotinas pouco formalizadas. Qual abordagem é mais consistente para avaliar a confiabilidade dos dados que alimentam os KPIs do painel?",True,True,True,3,Fácil
d90e8fba34-f1-d1-r78-q2,Gestão do Desempenho,Geral,Média,0.81,"Em um FPSO em fase de estabilização operacional, surgem novas demandas de comunicação: aumento de manifestações de partes interessadas e necessidade de reporte mais frequente ao cliente sobre ações socioambientais. A gerência quer ajustar indicadores e metas de comunicação para refletir esse cenário. Em qual encadeamento de gestão isso se encaixa de forma mais adequada?",True,False,True,2,Média
d90e8fba34-f1-d1-r78-q4,Gestão do Desempenho,Geral,Média,0.83,"No redesenho do painel de desempenho de um FPSO, a equipe pretende incluir análises financeiras mais detalhadas (por exemplo, desvios de custo e eficiência), porém encontra baixa disponibilidade de informação estruturada e indícios de informalidade na geração e aprovação dos dados. Qual decisão é mais consistente com uma implementação sustentável do painel?",True,True,True,3,Fácil
d90e8fba34-f1-d1-r78-q5,Gestão do Desempenho,Geral,Fácil,0.82,"Durante a execução do plano de comunicação de um empreendimento associado a um FPSO, auditorias internas identificam recorrência de desvios (por exemplo, prazos de resposta a partes interessadas e entregas ao cliente) sem evidência de tratamento estruturado. A gerência quer reforçar o ciclo de monitoramento para que a evolução do desempenho seja rastreável. Qual arranjo tende a ser mais efetivo?",True,True,True,3,Fácil
d90e8fba34-f1-d1-r79-q1,Gestão do Desempenho,Geral,Média,0.86,"Durante a gestão de mudanças em um FPSO, uma área propõe alterar a fórmula de um KPI usado no painel corporativo porque a medição local ficou mais disponível. A mudança parece pequena, mas pode afetar comparabilidade histórica e a forma de reportar no nível corporativo. Qual prática de governança reduz melhor o risco de desalinhamento e perda de integridade do painel?",True,True,True,3,Fácil
d90e8fba34-f1-d1-r79-q2,Gestão do Desempenho,Geral,Média,0.82,"Durante o comissionamento e a partida de um FPSO, a gestão da comunicação precisa definir KPIs e metas que apoiem a execução do empreendimento, considerando requisitos socioambientais e expectativas do cliente e de órgãos externos. Qual forma de definição tende a produzir indicadores mais relevantes e rastreáveis ao contexto do empreendimento?",True,True,True,3,Fácil
d90e8fba34-f1-d1-r80-q0,Gestão do Desempenho,Geral,Média,0.82,"Um FPSO pretende instituir um novo KPI operacional de “eficiência da estabilização do óleo”, visando reduzir reprocessos e diminuir variações de qualidade na exportação. A operação sugere fixar a meta tomando como base principalmente a série histórica do próprio FPSO, por facilitar o acompanhamento rotineiro. Em uma governança madura de indicadores, qual forma de definir o KPI e estabelecer sua meta tende a ser mais consistente?",True,True,True,3,Fácil
d90e8fba34-f1-d1-r80-q2,Gestão do Desempenho,Geral,Média,0.86,"No acompanhamento do desempenho econômico do FPSO, o indicador de “custo por barril produzido” passa a oscilar sem explicação por mudanças operacionais, gerando suspeitas de inconsistência nas bases de dados. Antes de revisar metas ou redefinir o indicador, qual conjunto de ações é mais aderente a uma avaliação prática da confiabilidade das informações que alimentam KPIs e painéis?",True,True,True,3,Fácil
d90e8fba34-f1-d1-r80-q5,Gestão do Desempenho,Geral,Fácil,0.83,"A gerência de um FPSO pretende reforçar a governança do painel de desempenho e recebeu um relatório de aderência a boas práticas de gestão, com análise das atividades executadas e dos documentos existentes. Em termos de gestão do desempenho do empreendimento, para que esse tipo de evidência tende a ser mais útil?",True,True,True,3,Fácil
d90e8fba34-f1-d1-r81-q1,Gestão do Desempenho,Geral,Média,0.83,"Ao montar um painel de desempenho para apoiar decisões em um FPSO, a área de desempenho nota que as análises financeiras oscilam de modo incompatível com a operação real. Há indícios de registros informais e baixa rastreabilidade das bases que alimentam os KPIs. Antes de reforçar metas e cobranças por resultado, qual conjunto de ações é mais adequado para medir a confiabilidade dos dados?",True,True,True,3,Fácil
d90e8fba34-f1-d1-r81-q2,Gestão do Desempenho,Geral,Média,0.82,"No ciclo de gestão da comunicação de um projeto de melhorias no FPSO, o mapeamento de partes interessadas e a análise de cenário apontaram manifestações frequentes de comunidades costeiras e de órgãos ambientais sobre potenciais impactos socioambientais. A equipe discute se esses sinais devem permanecer apenas como registro no Plano de Gerenciamento da Comunicação ou se precisam repercutir no conjunto de indicadores, metas e relatórios usados no painel de desempenho. Qual encaminhamento reforça a governança e aumenta a utilidade dos KPIs para a tomada de decisão?",True,True,True,3,Fácil
d90e8fba34-f1-d1-r81-q3,Gestão do Desempenho,Geral,Fácil,0.82,"Em um FPSO, o gerente do empreendimento quer que o monitoramento e controle da comunicação gere correções e aprendizado durante a execução (e não fique restrito à emissão de relatórios). Qual prática mais contribui para fechar esse ciclo, ligando ações realizadas, desvios identificados e decisões periódicas de ajuste?",True,True,True,3,Fácil
d90e8fba34-f1-d1-r81-q4,Gestão do Desempenho,Geral,Média,0.87,"Após auditorias internas, um FPSO constatou fragilidades na governança dos KPIs e do painel de desempenho: responsabilidades pouco claras, registros e guias divergentes e formas de trabalho diferentes entre áreas. A equipe quer aplicar avaliações de aderência a boas práticas para estruturar um plano de melhoria. Qual aplicação da aderência é a mais alinhada ao fortalecimento dessa governança?",True,True,False,2,Média
d90e8fba34-f2-d1-r82-q0,Gestão do Desempenho,Geral,Média,0.87,"Em um FPSO, a equipe de manutenção define as preventivas de bombas de utilidades usando apenas o MTBF histórico do último ano. Mesmo cumprindo o plano, a unidade passa a ter mais paradas por falhas “surpresa”, com perda de capacidade e queda de rendimento, especialmente quando a carga de processo varia. Qual ajuste de estratégia tende a atacar a causa raiz desse desvio?",True,True,True,3,Fácil
d90e8fba34-f2-d1-r82-q2,Gestão do Desempenho,Geral,Média,0.84,"Após ampliar a automação e concentrar a operação na sala de controle do FPSO, a equipe registra menos ocorrências rotineiras. Porém, quando ocorre uma falha, ela tende a exigir mais investigação, prolonga o retorno à operação e resulta em maior perda de capacidade. Ainda assim, o “MTBF percebido pela operação” não evolui como o esperado. Qual interpretação é a mais consistente com esse comportamento?",True,True,True,3,Fácil
d90e8fba34-f2-d1-r82-q4,Gestão do Desempenho,Geral,Média,0.87,"Um FPSO tem perdas intermitentes de capacidade porque falhas temporárias em instrumentos críticos levam a ações de controle conservadoras e, às vezes, a paradas não programadas. Para reduzir indisponibilidade e custo de manutenção sem depender apenas de periodicidades fixas, qual medida tende a gerar maior impacto direto?",True,True,True,3,Fácil
d90e8fba34-f2-d1-r83-q0,Gestão do Desempenho,Geral,Média,0.87,"Em um FPSO, o histórico de paradas de uma bomba de água de resfriamento (utilidade crítica para a capacidade de processamento) mostra que as falhas passaram a ocorrer com intervalos aparentemente “aceitáveis” pelo MTBF calculado, mas a equipe nota aumento de perda de capacidade e queda de rendimento por degradação progressiva (vibração e desempenho hidráulico se deteriorando antes da falha). Qual ajuste na gestão de manutenção tende a reduzir melhor a perda de capacidade sem depender de uma simplificação excessiva do MTBF?",True,True,True,3,Fácil
d90e8fba34-f2-d1-r83-q1,Gestão do Desempenho,Geral,Média,0.9,"Uma equipe de confiabilidade avalia dois conjuntos de bombas: o Conjunto A apresenta taxa de falhas crescente com o tempo (envelhecimento), enquanto o Conjunto B apresenta taxa de falhas decrescente (falhas iniciais seguidas de estabilidade). No FPSO, deseja-se reduzir paradas e perda de capacidade sem aplicar a mesma lógica de manutenção a famílias com comportamentos distintos. Qual abordagem é mais consistente com essa necessidade?",True,False,True,2,Média
d90e8fba34-f2-d1-r83-q2,Gestão do Desempenho,Geral,Média,0.84,"Após a implantação de maior automação e controle centralizado em um FPSO, a operação passou a relatar menos anomalias pequenas no dia a dia. Em contrapartida, ocorreram paradas ou perdas de produção mais raras, porém mais difíceis de diagnosticar e recuperar, com maior tempo de reparo e impacto relevante na capacidade. Qual interpretação melhor explica o efeito simultâneo sobre a disponibilidade e sobre o MTBF percebido pela operação?",True,True,True,3,Fácil
d90e8fba34-f2-d1-r83-q4,Gestão do Desempenho,Geral,Fácil,0.86,"Um FPSO enfrenta indisponibilidades intermitentes em um conjunto de instrumentos/sensores críticos, que não necessariamente falham de forma permanente, mas geram trips e limitações operacionais que reduzem capacidade e rendimento. A equipe discute adotar uma ferramenta de manutenção preditiva com monitoramento on-line diário. Qual resultado operacional é mais esperado com essa adoção, considerando a lógica de detecção precoce de degradação e falhas temporárias?",True,True,True,3,Fácil
d90e8fba34-f2-d1-r84-q0,Gestão do Desempenho,Geral,Média,0.87,"Em um FPSO, mesmo seguindo um plano de manutenção preventiva parametrizado pelo MTBF informado pelo fabricante, a equipe observa falhas ocorrendo entre paradas programadas, com perda de capacidade e redução de rendimento no sistema de processo. Ao revisar o plano, qual ajuste tende a aumentar a previsibilidade das falhas e reduzir perdas de capacidade, evitando depender apenas de um indicador agregado?",True,True,True,3,Fácil
d90e8fba34-f2-d1-r84-q2,Gestão do Desempenho,Geral,Média,0.9,"Na gestão de desempenho de um FPSO, a equipe quer priorizar ações para reduzir perda de capacidade em sistemas críticos. Ao analisar o histórico, observa que diferentes famílias de ativos apresentam padrões de falha que variam com o tempo (p.ex., taxa crescente, decrescente ou aproximadamente constante), o que não é bem capturado por um único MTBF. Qual abordagem analítica melhor apoia decisões de manutenção e disponibilidade nesse cenário?",True,True,True,3,Fácil
d90e8fba34-f2-d1-r84-q5,Gestão do Desempenho,Geral,Fácil,0.73,"Na avaliação de eficiência operacional, um conjunto de poços com elevação por bombeio mecânico passa a apresentar perda de capacidade e redução de rendimento, com paradas recorrentes e maior esforço de manutenção. Qual encadeamento de causas é mais alinhado a mecanismos típicos desse método e ajuda a explicar simultaneamente perda de capacidade e impacto na disponibilidade?",True,True,True,3,Fácil
d90e8fba34-f2-d1-r85-q0,Gestão do Desempenho,Geral,Média,0.9,"Em um FPSO, o plano de manutenção preventiva de um conjunto de bombas do sistema de água do mar (utilidade crítica para resfriamento) foi definido principalmente por MTBF histórico. Mesmo cumprindo as intervenções no prazo, a unidade segue tendo paradas não planejadas que reduzem a capacidade e o rendimento do processamento. Qual interpretação explica melhor por que o MTBF, usado isoladamente, pode levar a esse resultado?",True,True,True,3,Fácil
d90e8fba34-f2-d1-r85-q1,Gestão do Desempenho,Geral,Média,0.91,"A equipe de desempenho de um FPSO busca reduzir perdas de capacidade causadas por instrumentos e sensores críticos que apresentam falhas intermitentes e são difíceis de diagnosticar em campo. À luz de boas práticas de manutenção preditiva, qual abordagem tende a elevar a disponibilidade e o rendimento com menor tempo de inatividade?",True,True,True,3,Fácil
d90e8fba34-f2-d1-r85-q2,Gestão do Desempenho,Geral,Difícil,0.91,Dois grupos de bombas submersas em uma carteira de poços apresentam padrões distintos: no Grupo 1 a taxa de falhas cresce com o tempo; no Grupo 2 a taxa de falhas decresce com o tempo. O time quer definir uma estratégia que minimize perda de capacidade ao longo do tempo. Qual diretriz é mais consistente com esses comportamentos?,True,False,True,2,Média
d90e8fba34-f2-d1-r85-q3,Gestão do Desempenho,Geral,Média,0.86,"Após um projeto de maior automação e centralização do controle em um FPSO, a operação notou menos defeitos simples, porém alguns eventos raros passaram a evoluir para falhas mais complexas e demoradas de corrigir, afetando a disponibilidade e a percepção do MTBF. Qual ação de gestão/projeto tende a atacar a causa-raiz mais provável desse efeito?",True,True,True,3,Fácil
d90e8fba34-f2-d1-r85-q5,Gestão do Desempenho,Geral,Fácil,0.87,"Na análise de desempenho de um sistema de elevação por bombeio mecânico, a equipe deseja priorizar causas com maior potencial de gerar perda de capacidade e redução de rendimento ao longo do tempo. Qual conjunto de fatores está mais alinhado a mecanismos típicos desse método?",True,True,True,3,Fácil
d90e8fba34-f2-d1-r86-q0,Gestão do Desempenho,Geral,Média,0.9,"Em um FPSO, o plano de manutenção preventiva das bombas de água de resfriamento foi definido principalmente por MTBF histórico e intervalos fixos. Nos últimos meses, a unidade tem apresentado perda gradual de capacidade de processamento por limitações de troca térmica e paradas não planejadas, apesar da execução do plano. Qual ajuste de gestão tende a reduzir mais diretamente esse tipo de perda de capacidade sem depender apenas de periodicidades fixas?",True,True,True,3,Fácil
d90e8fba34-f2-d1-r86-q1,Gestão do Desempenho,Geral,Média,0.73,"Em um FPSO, duas famílias de ativos exibem perfis diferentes de taxa de falhas ao longo do tempo: (i) bombas de serviço geral com tendência de aumento de falhas após alguns anos; (ii) instrumentos recém-padronizados com falhas mais frequentes no início e redução após a maturação. Para maximizar a disponibilidade e minimizar perda de capacidade, qual combinação de estratégia é mais coerente com esses perfis?",True,True,True,3,Fácil
d90e8fba34-f2-d1-r86-q2,Gestão do Desempenho,Geral,Média,0.81,"Após um retrofit de automação em um FPSO (controle mais centralizado e menos rondas em campo), observou-se queda de eventos operacionais simples; porém, quando há falha, o diagnóstico e a correção demoram mais, afetando a disponibilidade percebida dos sistemas de utilidades. Qual interpretação e mitigação melhor explicam esse efeito na perda de capacidade e no MTBF percebido pela operação?",True,True,True,3,Fácil
d90e8fba34-f2-d1-r86-q3,Gestão do Desempenho,Geral,Média,0.81,"Em um FPSO, a instrumentação associada ao controle de separação e à proteção de equipamentos apresenta instabilidades e trips recorrentes. A investigação indica falhas intermitentes e deriva/degradação gradual de instrumentos, com impacto em rendimento e disponibilidade. Qual ação tende a reduzir de forma mais direta o tempo de inatividade e a perda de capacidade nesse cenário?",False,True,True,2,Média
d90e8fba34-f2-d1-r86-q4,Gestão do Desempenho,Geral,Difícil,0.79,"Durante uma campanha com restrição de exportação, o FPSO está operando próximo ao limite de tratamento. Um dos trens redundantes do ar de instrumentos falha e fica indisponível; o suprimento permanece atendendo, porém a configuração passa a ficar abaixo da redundância mínima exigida para a condição. Pela ótica de disponibilidade e risco de perda de capacidade, qual classificação de estado e conduta operacional são mais apropriadas?",True,True,True,3,Fácil
d90e8fba34-f2-d1-r86-q5,Gestão do Desempenho,Geral,Média,0.73,"Durante uma campanha de otimização de produção em poços conectados a um FPSO e operando com elevação artificial por bombeio mecânico, foram registrados perda de rendimento e períodos de indisponibilidade do sistema de elevação. Considerando mecanismos típicos desse método, qual conjunto de causas é mais coerente com a perda de capacidade observada?",True,True,True,3,Fácil
d90e8fba34-f3-d1-r87-q0,Gestão do Desempenho,Geral,Média,0.88,"Em um FPSO, uma bomba do sistema de drenagem de utilidades apresenta falhas recorrentes. Quando ela para, a produção não é afetada, o restabelecimento é rápido e existe sobressalente a bordo. A equipe quer diminuir o esforço de planejamento e de acompanhamento de condição, sem elevar de forma relevante o risco operacional. Qual tática de manutenção melhor se ajusta a esse cenário?",True,True,True,3,Fácil
d90e8fba34-f3-d1-r87-q1,Gestão do Desempenho,Geral,Média,0.9,"Após uma campanha de manutenção preventiva baseada em tempo em equipamentos rotativos do FPSO, observou-se aumento de falhas logo após intervenções e substituições ainda com vida útil aparente. O gerente de confiabilidade quer ajustar a estratégia para intervir mais próximo da necessidade real do equipamento e reduzir intervenções que possam introduzir defeitos. Qual mudança de abordagem é a mais alinhada a esse objetivo?",True,True,True,3,Fácil
d90e8fba34-f3-d1-r87-q3,Gestão do Desempenho,Geral,Média,0.85,"Em um FPSO, a disponibilidade do sistema de compressão reduziu, porém não foi observado aumento relevante na taxa de falhas. A avaliação inicial indica que, quando uma falha acontece, o tempo médio para restabelecer o equipamento (TMPR) é elevado e compromete o plano de produção. Considerando os indicadores citados e a relação entre planos de manutenção e confiabilidade, qual direcionamento de gestão do desempenho de manutenção é o mais coerente?",True,True,True,3,Fácil
d90e8fba34-f3-d1-r87-q5,Gestão do Desempenho,Geral,Fácil,0.88,"Em um programa de integridade e confiabilidade do FPSO, as medições de condição (por exemplo, elétrica e mecânica) têm sido feitas apenas quando o equipamento está parado ou quando surge uma suspeita, e a equipe percebe baixa capacidade de prever avarias e de registrar parâmetros em operação. Para evoluir para uma abordagem mais efetiva de manutenção baseada na condição/preditiva e melhorar o planejamento de intervenções, qual ação é mais consistente com os princípios descritos?",True,True,True,3,Fácil
d90e8fba34-f3-d1-r88-q0,Gestão do Desempenho,Geral,Fácil,0.9,"Em um FPSO, uma bomba de injeção de água opera em regime variável e é crítica para a disponibilidade. A equipe quer reduzir falhas inesperadas, mas também evitar intervenções desnecessárias que podem introduzir defeitos pós-manutenção. Sendo viável instrumentar e acompanhar o equipamento, qual abordagem é mais coerente com esse objetivo?",True,True,True,3,Fácil
d90e8fba34-f3-d1-r88-q1,Gestão do Desempenho,Geral,Média,0.86,"Durante a rotina de manutenção de um motor elétrico associado a um equipamento crítico, medições com megômetro indicam deterioração progressiva da isolação em comparação com meses anteriores. Ainda não houve falha funcional. Considerando boas práticas de planejamento de intervenções, qual decisão é mais consistente?",True,True,True,3,Fácil
d90e8fba34-f3-d1-r88-q2,Gestão do Desempenho,Geral,Média,0.81,"Dois trens de bombeamento em um FPSO apresentam a mesma disponibilidade histórica no último trimestre. O Trem 1 falha poucas vezes, mas quando falha o reparo é longo. O Trem 2 falha com maior frequência, mas é reparado rapidamente. Se o objetivo de gestão do desempenho é reduzir impactos operacionais e estabilizar a confiabilidade percebida pela produção, qual direcionamento de melhoria tende a ser mais adequado como primeira prioridade?",True,True,True,3,Fácil
d90e8fba34-f3-d1-r88-q3,Gestão do Desempenho,Geral,Média,0.88,"Em um FPSO, há instrumentação voltada ao acompanhamento do estado dos equipamentos, porém as medições são feitas de forma pontual (por solicitação ou apenas com o ativo fora de serviço). A liderança quer elevar a capacidade de antecipar falhas e planejar intervenções com antecedência, com menor impacto na produção. Qual mudança de prática tende a atacar a limitação principal desse modelo de coleta?",True,True,True,3,Fácil
d90e8fba34-f3-d1-r89-q2,Gestão do Desempenho,Geral,Difícil,0.88,"Em um FPSO, está sendo revista a política de manutenção de um equipamento com alta criticidade para a produção e forte requisito de disponibilidade. A equipe já usa técnicas de monitoramento de condição (vibração e análise de óleo), porém elas não têm permitido antecipar alguns modos de falha relevantes. Considerando o equilíbrio entre custo/esforço de monitoramento, criticidade e impacto na produção, qual encaminhamento é mais apropriado para elevar a confiabilidade do sistema?",True,True,True,3,Fácil
d90e8fba34-f3-d1-r89-q3,Gestão do Desempenho,Geral,Fácil,0.89,"A equipe de integridade de um FPSO identificou risco de perda de espessura em trechos de tubulação e em alguns vasos, e precisa escolher técnicas de inspeção que suportem decisão de intervenção com base na condição real. Qual combinação de práticas está mais alinhada a esse objetivo?",True,True,True,3,Fácil
d90e8fba34-f3-d1-r89-q4,Gestão do Desempenho,Geral,Média,0.89,"Nos indicadores de um FPSO, o TMEF de um conjunto de equipamentos críticos se manteve aproximadamente constante, mas a Disponibilidade caiu devido ao aumento do TMPR. A coordenação quer uma ação com maior probabilidade de melhorar a disponibilidade no curto prazo, sem depender de mudanças no modo de falha. Qual ação é mais consistente com essa leitura dos indicadores e com boas práticas de gestão da manutenção?",True,True,True,3,Fácil
d90e8fba34-f3-d1-r89-q5,Gestão do Desempenho,Geral,Média,0.85,"Em um FPSO recém-comissionado, bombas vêm falhando repetidamente ainda no período de garantia, gerando perdas operacionais. Há pressão simultânea para “aumentar a preventiva” e para “trocar logo o equipamento”. Entre as abordagens de aumento de confiabilidade para falhas recorrentes, qual encaminhamento tende a produzir uma correção mais definitiva e escalável?",True,False,False,1,Difícil
d90e8fba34-f3-d1-r90-q0,Gestão do Desempenho,Geral,Média,0.87,"Em um FPSO, duas bombas do sistema de utilidades apresentam comportamentos distintos: a Bomba X tem baixo impacto na produção e pode ficar indisponível por algumas horas sem grandes consequências; a Bomba Y atende uma função crítica e sua falha costuma derrubar a disponibilidade do sistema. A equipe precisa definir táticas de manutenção coerentes com custo e disponibilidade. Qual combinação de táticas tende a ser a mais consistente com os trade-offs descritos para estratégias de manutenção?",True,True,True,3,Fácil
d90e8fba34-f3-d1-r90-q1,Gestão do Desempenho,Geral,Fácil,0.86,"Durante a revisão do plano de manutenção de um equipamento rotativo crítico do FPSO, a equipe quer reduzir intervenções desnecessárias porque há histórico de defeitos introduzidos após desmontagens preventivas. Ao mesmo tempo, deseja evitar falhas inesperadas em operação. Qual abordagem melhor atende a esse objetivo, segundo as características comparadas entre preventiva, preditiva e corretiva?",True,True,True,3,Fácil
d90e8fba34-f3-d1-r90-q2,Gestão do Desempenho,Geral,Média,0.85,"Em um FPSO, o time planeja uma parada curta para manutenção, mas há dúvidas sobre quais intervenções incluir. O histórico mostra que, em algumas ocasiões, reparos foram programados e depois cancelados porque o defeito real não foi confirmado. Considerando boas práticas de planejamento e diagnóstico, qual decisão é mais alinhada para reduzir retrabalho e aumentar a assertividade do plano?",True,True,True,3,Fácil
d90e8fba34-f3-d1-r90-q3,Gestão do Desempenho,Geral,Fácil,0.89,"Um FPSO quer elevar a capacidade de detectar degradação em ativos críticos sem impactar significativamente o processo. Para um conjunto que inclui motores elétricos e equipamentos rotativos, qual pacote de técnicas é mais coerente com a lógica de manutenção preditiva baseada em condição e com as técnicas citadas para coleta de dados com mínimo impacto operacional?",True,False,True,2,Média
d90e8fba34-f3-d1-r90-q4,Gestão do Desempenho,Geral,Média,0.89,"Em um FPSO recém-comissionado, algumas bombas apresentam falhas repetidas ainda no período de garantia, com padrão semelhante em diferentes unidades. A equipe suspeita de causas que podem envolver execução, projeto, seleção de materiais ou fornecimento. Qual iniciativa tende a gerar ganho mais estrutural de confiabilidade e redução de custos, em vez de apenas mitigar sintomas?",True,True,True,3,Fácil
d90e8fba34-f3-d1-r91-q0,Gestão do Desempenho,Geral,Fácil,0.91,"Em um FPSO, a equipe de manutenção está revisando a estratégia para um conjunto de ventiladores de exaustão não críticos, com baixo impacto na produção e sem histórico de falhas catastróficas. Há pressão para reduzir custo e carga de planejamento, e não se deseja aumentar o esforço de monitoramento. Qual tática tende a ser mais coerente com esse contexto?",True,True,True,3,Fácil
d90e8fba34-f3-d1-r91-q2,Gestão do Desempenho,Geral,Média,0.94,"Um compressor crítico do FPSO apresentou aumento gradual de vibração e aquecimento durante a operação, sem perda funcional. A gerência quer intervir somente quando houver evidência objetiva de degradação, reduzindo trocas desnecessárias que possam introduzir defeitos, mesmo aceitando maior custo de monitoramento. Qual abordagem melhor atende a esse direcionamento?",True,True,True,3,Fácil
d90e8fba34-f3-d1-r91-q4,Gestão do Desempenho,Geral,Fácil,0.9,"Em um FPSO, o time de manutenção quer aumentar o poder de detecção de degradação em equipamentos rotativos críticos com mínimo impacto no processo. Qual conjunto de técnicas é mais consistente com esse objetivo?",True,True,True,3,Fácil
d90e8fba34-f3-d1-r91-q5,Gestão do Desempenho,Geral,Média,0.92,"Em um sistema crítico do FPSO, a equipe realiza medições sob demanda (por exemplo, ensaio com megômetro apenas com o equipamento parado), mas ainda não consegue antecipar a degradação em operação nem programar intervenções com antecedência. Para melhorar o planejamento de intervenções e o diagnóstico, qual mudança de abordagem tende a aumentar a capacidade de antecipação?",True,True,True,3,Fácil
d90e8fba34-f4-d1-r92-q1,Gestão do Desempenho,Geral,Média,0.86,"Durante o offloading, ocorre um vazamento no circuito de transferência para o navio aliviador, com volume pequeno, contenção inicial por barreiras e recursos embarcados suficientes para controle e limpeza imediata. Considerando a lógica de níveis de resposta e alocação de responsabilidades, qual encaminhamento é mais aderente às boas práticas de contingência?",True,True,True,3,Fácil
d90e8fba34-f4-d1-r92-q3,Gestão do Desempenho,Geral,Média,0.88,"Durante um simulado integrado de resposta a incidente com potencial de escalonamento em um FPSO, nas primeiras horas surgem mensagens conflitantes entre operação, meio ambiente e logística, além de incerteza sobre quem autoriza a mobilização de recursos externos. Qual elemento, quando previamente definido e praticado, tende a evitar essa perda de desempenho no início da resposta?",True,True,True,3,Fácil
d90e8fba34-f4-d1-r93-q0,Gestão do Desempenho,Geral,Média,0.9,"Um FPSO está prestes a iniciar uma campanha com mudanças relevantes no modo de operação (comissionamento, rampa de produção e regime estável). A gerência deseja atualizar a avaliação de riscos operacionais e de segurança para orientar a priorização de controles e a preparação para resposta a emergências ao longo dessas fases. Qual abordagem tende a gerar uma visão mais útil para a tomada de decisão durante a campanha?",True,True,True,3,Fácil
d90e8fba34-f4-d1-r93-q4,Gestão do Desempenho,Geral,Fácil,0.9,"Em um simulado a bordo de um FPSO, houve atraso na mobilização porque parte da tripulação não sabia quem deveria acionar recursos nem para quem reportar nas primeiras horas, quando ainda havia grande incerteza sobre a gravidade do evento. Qual ajuste no sistema de prontidão tende a melhorar mais diretamente a resposta inicial?",True,True,True,3,Fácil
d90e8fba34-f4-d1-r93-q5,Gestão do Desempenho,Geral,Média,0.85,"Após uma auditoria interna do SMS em um FPSO, a gerência constata que treinamentos e testes de barreiras/sistemas de proteção vêm sendo executados, mas há dificuldade em evidenciar conformidade e em converter achados em ações corretivas verificáveis. Qual arranjo de gestão tende a fechar melhor o ciclo de melhoria contínua com rastreabilidade e transparência?",True,True,True,3,Fácil
d90e8fba34-f4-d1-r94-q0,Gestão do Desempenho,Geral,Média,0.9,"Um FPSO inicia operação em uma área com pouca maturidade de dados operacionais locais. A equipe de SMS precisa caracterizar o risco de derramamento para suportar a análise de probabilidade e de impacto (ambiental, social e econômico) e, a partir disso, dimensionar a resposta. Qual abordagem é a mais consistente para sustentar essa caracterização de risco?",True,False,True,2,Média
d90e8fba34-f4-d1-r94-q1,Gestão do Desempenho,Geral,Média,0.87,"Durante uma transferência de óleo, ocorre um derramamento com potencial de atingir áreas costeiras próximas e exigir mobilização além dos recursos imediatos do FPSO, mas ainda dentro de uma capacidade articulada na própria região. Considerando a lógica de níveis de resposta e responsabilidades, qual encaminhamento tende a ser mais apropriado para organizar recursos e coordenação?",True,True,True,3,Fácil
d90e8fba34-f4-d1-r94-q2,Gestão do Desempenho,Geral,Média,0.89,"Após uma análise de risco, um FPSO identificou que a principal contribuição para o risco de incêndio em uma área crítica não é a ausência de sistemas, mas a degradação recorrente do desempenho das salvaguardas (falhas em testes, baixa confiabilidade percebida e registros incompletos). Com orçamento limitado para mudanças físicas, qual ação tende a reduzir melhor o risco no curto e médio prazo, mantendo aderência a boas práticas de gestão de barreiras?",True,True,True,3,Fácil
d90e8fba34-f4-d1-r94-q3,Gestão do Desempenho,Geral,Média,0.86,"Em um simulado no FPSO, observou-se que, nas primeiras horas do cenário, a equipe demorou a definir prioridades e houve mensagens conflitantes entre áreas, apesar de os recursos estarem disponíveis. Considerando a dinâmica de alta incerteza inicial e a necessidade de boa performance de resposta, qual melhoria de gestão tende a ser mais efetiva?",True,True,True,3,Fácil
d90e8fba34-f4-d1-r94-q4,Gestão do Desempenho,Geral,Fácil,0.89,"Um FPSO está com alta rotatividade de pessoal e presença de equipes terceirizadas. A gerência quer reduzir a variabilidade de desempenho em emergências e, ao mesmo tempo, demonstrar que o aprendizado está sendo incorporado ao longo do tempo. Qual estrutura de capacitação atende melhor a esse objetivo?",True,True,True,3,Fácil
d90e8fba34-f4-d1-r94-q5,Gestão do Desempenho,Geral,Média,0.89,"Após uma auditoria interna de SMS em um FPSO, a liderança precisa decidir quais evidências e métricas priorizar para sustentar ações corretivas e demonstrar implementação efetiva do sistema, além de melhorar a prontidão para emergências. Qual conjunto de registros e indicadores é mais alinhado a uma abordagem sistemática de auditoria e melhoria contínua?",True,True,True,3,Fácil
d90e8fba34-f4-d1-r95-q0,Gestão do Desempenho,Geral,Média,0.87,"Um FPSO será instalado próximo a uma região costeira com comunidades pesqueiras e áreas ambientalmente sensíveis. Na Análise de Risco para derramamento, a equipe já consolidou tipos e volumes de derivados armazenados/transferidos e as rotinas operacionais. Para dimensionar adequadamente impacto potencial (ambiental, social e econômico) e orientar o planejamento de resposta, qual complemento de caracterização tende a reduzir mais a incerteza de consequência no cenário de derramamento?",True,False,False,1,Difícil
d90e8fba34-f4-d1-r95-q1,Gestão do Desempenho,Geral,Média,0.91,"Durante um offloading, há falha na contenção do convés e parte do produto atinge o mar. Nas primeiras horas, as estimativas de volume são incertas; a resposta imediata do FPSO cobre bem cenários pequenos, mas pode não sustentar um evento maior. Considerando boas práticas de organização da resposta e a lógica de níveis (tiers), qual conduta inicial preserva tempo de reação sem escalar recursos de forma prematura?",True,True,True,3,Fácil
d90e8fba34-f4-d1-r95-q2,Gestão do Desempenho,Geral,Média,0.9,"Uma avaliação de risco indica que cenários de incêndio em módulos de processo têm alta consequência, e verificações recentes apontaram falhas intermitentes em elementos de detecção/alarme e proteção. Como mitigação voltada à redução do risco pelo desempenho das salvaguardas, qual ação é mais coerente com gestão por camadas de proteção e confiabilidade, atendendo também requisitos de teste e evidência?",True,True,True,3,Fácil
d90e8fba34-f4-d1-r95-q4,Gestão do Desempenho,Geral,Média,0.87,"Após um derramamento que atingiu a costa, a equipe do FPSO é experiente em contenção offshore, mas não em recuperação ambiental em praias/manguezais. Considerando mitigação pós-acidente e requisitos de competência, qual abordagem tende a aumentar a chance de uma recuperação eficaz e tecnicamente consistente?",True,True,True,3,Fácil
d90e8fba34-f4-d1-r96-q0,Gestão do Desempenho,Geral,Média,0.89,"Um FPSO iniciará operação em uma área com histórico misto de incidentes (vazamentos pequenos e recorrentes em rotinas e poucos eventos raros, porém graves, ligados a transferências). Para dimensionar recursos e responsabilidades no Plano de Emergência Individual (PEI) de forma coerente com os cenários acidentais, qual abordagem de caracterização de risco tende a fornecer uma base mais robusta para estimar probabilidade e consequências?",False,True,True,2,Média
d90e8fba34-f4-d1-r96-q1,Gestão do Desempenho,Geral,Média,0.78,"Após um derramamento com alta incerteza nas primeiras horas (informações iniciais incompletas sobre volume e produto), o líder de resposta precisa evitar perda de desempenho por desalinhamento entre times operacionais, ambientais e partes interessadas. Qual medida de organização e comunicação tende a melhorar mais a qualidade das decisões iniciais e a performance da resposta subsequente?",True,True,True,3,Fácil
d90e8fba34-f4-d1-r96-q3,Gestão do Desempenho,Geral,Média,0.85,"Em um FPSO com alta rotatividade de empregados e contratadas, a gerência observou piora no cumprimento das rotas de fuga e na atuação diante de alarmes. À luz dos requisitos de competências e capacitação para emergências, qual iniciativa mais contribui para reduzir falhas humanas na resposta e, ao mesmo tempo, suportar melhoria contínua do sistema?",True,True,True,3,Fácil
d90e8fba34-f5-d1-r97-q0,Gestão do Desempenho,Geral,Média,0.89,"Na fase de extensão de vida de um FPSO, a equipe compara duas melhorias de confiabilidade (A e B). A alternativa A exige maior custo anual de manutenção, porém menor investimento inicial; a B reduz o custo anual, mas requer maior investimento inicial. Para decidir de forma economicamente consistente em um horizonte de n anos e taxa i, qual procedimento é o mais adequado?",False,True,True,2,Média
d90e8fba34-f5-d1-r97-q1,Gestão do Desempenho,Geral,Média,0.9,"Em um FPSO, Operação e Reservatório discutem com frequência divergências no tempo de parada atribuído a cada poço durante eventos de restrição e shutdown parcial. No relatório diário, existe o horário em que o poço retorna à produção, porém o momento de início da perda aparece apenas em texto livre. Qual melhoria na coleta/estruturação dos dados tende a reduzir mais o erro na contabilização de perdas por poço e dar suporte a cálculos econômicos mais confiáveis?",True,True,True,3,Fácil
d90e8fba34-f5-d1-r97-q3,Gestão do Desempenho,Geral,Fácil,0.88,"Durante a revisão de desempenho, a gerência quer classificar gastos e impactos associados a perdas. Em um mesmo trimestre, ocorreram: (1) calibração de instrumentos usados em testes de verificação; (2) perda de produção por parada aguardando reparo após detecção de defeito interno; (3) custo para tratar uma reclamação de um terceiro após entrega de produto/serviço. Qual classificação é a mais consistente com as categorias de custos da qualidade?",True,True,True,3,Fácil
d90e8fba34-f5-d1-r97-q4,Gestão do Desempenho,Geral,Média,0.89,"Após uma queda relevante no preço do barril, o FPSO inicia um programa de redução de custos e reavalia o estoque de sobressalentes subsea. Em paralelo, os dados operacionais mais recentes sugerem alteração na taxa de falha de um componente crítico. Qual abordagem tende a sustentar uma decisão mais consistente sobre o nível ótimo de sobressalentes, conciliando custo de capital e risco de perda de produção (LPO)?",True,True,True,3,Fácil
d90e8fba34-f5-d1-r99-q0,Gestão do Desempenho,Geral,Média,0.9,"Durante a fase de otimização de um FPSO, duas alternativas de modificação são comparadas: a Alternativa 1 exige investimento inicial maior e reduz custos anuais recorrentes; a Alternativa 2 tem investimento menor, porém maior custo anual. A gerência quer uma métrica que permita comparar as opções em base anual, mantendo consistência com desconto ao longo da vida útil. Qual abordagem é mais coerente para essa comparação?",False,True,True,2,Média
d90e8fba34-f5-d1-r99-q3,Gestão do Desempenho,Geral,Média,0.91,"Um FPSO vem perdendo produção de forma recorrente por um conjunto pequeno de motivos operacionais, com alto consumo de recursos (tempo de equipe, janelas de intervenção e logística). A liderança quer reduzir perdas e também racionalizar o uso de recursos ao longo do tempo. Qual ação tende a gerar melhor resultado sustentável?",True,True,True,3,Fácil
d90e8fba34-f5-d1-r99-q4,Gestão do Desempenho,Geral,Fácil,0.77,"Na contabilidade de custos da qualidade aplicada a um FPSO, um mesmo defeito pode receber classificações diferentes conforme o momento em que é identificado. Qual alternativa reflete melhor o uso gerencial das categorias de custos da qualidade?",True,False,True,2,Média
d90e8fba34-f5-d1-r99-q5,Gestão do Desempenho,Geral,Média,0.9,"Na rotina de confiabilidade de um FPSO, uma Spares Analysis Tool é usada para definir o estoque ótimo de sobressalentes subsea, considerando custo do item, requisitos de manutenção, lead time e a perda de produção (LPO) associada. No último trimestre, houve queda no preço do barril e aumento da taxa observada de falhas de um sobressalente crítico. Qual alternativa está mais alinhada à integração entre premissas econômicas e dados técnicos ao longo do ciclo de vida?",True,True,True,3,Fácil
d90e8fba34-f5-d1-r100-q1,Gestão do Desempenho,Geral,Média,0.89,"Após uma parada não programada, a área de performance precisa contabilizar perdas de produção por poço. Em alguns eventos, a plataforma fica indisponível por horas, porém os poços não necessariamente interrompem e retomam a produção no mesmo instante (há fechamento por lógica de controle e tempos distintos de retorno). Qual prática aumenta mais a precisão do tempo de parada atribuído a cada poço e, por consequência, a contabilização das perdas?",True,True,True,3,Fácil
d90e8fba34-f5-d1-r100-q3,Gestão do Desempenho,Geral,Fácil,0.83,"Durante a revisão mensal de desempenho, o time consolida despesas e perdas e quer enquadrá-las nas categorias de custos da qualidade para orientar priorização. Entre os itens abaixo, qual combinação está classificada de forma mais coerente com as categorias de avaliação e falhas internas?",True,True,True,3,Fácil
d90e8fba34-f5-d1-r101-q0,Gestão do Desempenho,Geral,Média,0.88,"Na fase de seleção conceitual de um FPSO, a equipe precisa comparar duas configurações de sistema (A e B) que têm perfis diferentes de CAPEX e OPEX ao longo da vida útil. A gerência pede uma recomendação que permita discutir, na mesma base, tanto o custo total ao longo de n anos quanto um valor anual equivalente para comparação com o orçamento anual. Qual abordagem atende melhor a esse objetivo?",True,True,True,3,Fácil
d90e8fba34-f5-d1-r101-q1,Gestão do Desempenho,Geral,Média,0.88,"Em um FPSO, ocorreram atuações espúrias do sistema de detecção que provocam shutdown e, depois, retorno gradual da produção. A área de desempenho quer estimar o custo da perda de produção associada a esses eventos para comparar com o custo de uma modificação no sistema de detecção. Qual forma de cálculo está mais alinhada à prática descrita no documento de referência?",True,False,False,1,Difícil
d90e8fba34-f5-d1-r101-q4,Gestão do Desempenho,Geral,Fácil,0.85,"Em um FPSO, ocorre uma falha de sistema que provoca parada/perda de produção durante a operação. Além disso, uma não conformidade do produto só é percebida após a entrega a um terceiro, gerando reclamações e necessidade de tratar material devolvido. Na ótica de custos da qualidade, como classificar esses efeitos econômicos?",True,True,True,3,Fácil
e094bd612c-f0-d1-r102-q1,Descomissionamento e Gestão do Ciclo de Vida da Unidade,Geral,Média,0.91,"Após anos de operação, o FPSO passará a receber produção de uma área adjacente com maior teor de CO₂, presença de H₂S e sólidos. A gerência quer que o projeto de extensão de vida útil vá além de “aumentar inspeção”. Qual abordagem incorpora de forma mais adequada essa mudança de fluido na justificativa técnica de extensão de vida?",True,True,True,3,Fácil
e094bd612c-f0-d1-r102-q2,Descomissionamento e Gestão do Ciclo de Vida da Unidade,Geral,Média,0.86,"Uma equipe de integridade precisa estimar a vida remanescente de sistemas críticos para suportar mais 8 anos de operação. Há medições de espessura e histórico de inspeções, porém com lacunas e incerteza sobre os mecanismos de dano em juntas soldadas. Qual estratégia tende a fornecer uma estimativa mais defensável?",True,True,True,3,Fácil
e094bd612c-f0-d1-r102-q3,Descomissionamento e Gestão do Ciclo de Vida da Unidade,Geral,Fácil,0.85,"Na extensão de vida de um FPSO, a equipe pretende avaliar propriedades mecânicas degradadas em componentes com a menor interferência possível na produção. Qual justificativa operacional torna a remoção seletiva (“cirúrgica”) de amostras e a aplicação de microensaios uma alternativa tecnicamente atraente nesse contexto?",True,True,True,3,Fácil
e094bd612c-f0-d1-r103-q0,Descomissionamento e Gestão do Ciclo de Vida da Unidade,Geral,Média,0.89,"Um FPSO operou por 18 anos com variações graduais de carga de amarração, ciclos de processo e um histórico de corrosão diferente do previsto no projeto. Ao preparar a justificativa técnica inicial para extensão de vida útil, a operadora encontra informações dispersas (inspeções, tendências de processo, falhas). Qual abordagem tende a sustentar melhor essa justificativa?",True,True,True,3,Fácil
e094bd612c-f0-d1-r103-q1,Descomissionamento e Gestão do Ciclo de Vida da Unidade,Geral,Média,0.9,"Em um plano de extensão de vida de um FPSO, pretende-se conectar um novo reservatório cuja produção terá maior teor de CO2 e H2S e maior carga de sólidos do que o fluido original. A equipe propõe manter o mesmo envelope operacional e o mesmo plano de integridade, citando margens de projeto. Qual ação é mais consistente com uma estratégia robusta de life cycle management para sustentar tecnicamente a extensão?",True,True,True,3,Fácil
e094bd612c-f0-d1-r103-q2,Descomissionamento e Gestão do Ciclo de Vida da Unidade,Geral,Média,0.83,"Na avaliação de vida remanescente de uma estrutura crítica de um FPSO, é preciso acompanhar a degradação de propriedades mecânicas ao longo do tempo sem interromper a operação. Qual combinação de ações tende a atender melhor a esse objetivo?",True,True,True,3,Fácil
e094bd612c-f0-d1-r103-q3,Descomissionamento e Gestão do Ciclo de Vida da Unidade,Geral,Média,0.87,"Ao preparar o dossiê técnico para extensão de vida útil de um FPSO, a gerência pede que o documento seja convincente para auditorias e para a tomada de decisão, e não apenas um compilado de relatórios. Qual conjunto de elementos tende a tornar o dossiê mais defensável do ponto de vista técnico e de gestão de risco?",True,True,True,3,Fácil
e094bd612c-f0-d1-r103-q4,Descomissionamento e Gestão do Ciclo de Vida da Unidade,Geral,Fácil,0.83,"Foi identificado que parte significativa da estrutura do topside está exposta a atmosfera marinha e a ambientes com contaminação por compostos associados a enxofre, com expectativa de permanecer em operação estendida. A equipe busca uma solução de proteção superficial com baixa necessidade de manutenção e aplicável em componentes de grande porte, onde outras soluções a quente são pouco viáveis. Qual intervenção se alinha melhor a esse objetivo?",False,True,True,2,Média
e094bd612c-f0-d1-r104-q1,Descomissionamento e Gestão do Ciclo de Vida da Unidade,Geral,Média,0.89,"Durante o planejamento de extensão de vida de um FPSO, identifica-se que um novo reservatório a ser conectado aumentará CO2 e H2S no óleo produzido e elevará a carga de sólidos. Considerando boas práticas de gestão do ciclo de vida, qual encaminhamento é mais consistente para sustentar a extensão?",True,True,True,3,Fácil
e094bd612c-f0-d1-r104-q2,Descomissionamento e Gestão do Ciclo de Vida da Unidade,Geral,Média,0.86,"Um FPSO passou a operar com uma frequência de offloading maior do que a considerada no projeto, aumentando o número de ciclos de carregamento e impactando o consumo de vida por fadiga em regiões estruturais específicas. A gerência solicita uma medida de curto prazo que dê suporte técnico à extensão de vida, sem perder o controle de risco. Qual decisão melhor equilibra reavaliação de premissas e gestão de integridade?",True,True,True,3,Fácil
e094bd612c-f0-d1-r104-q3,Descomissionamento e Gestão do Ciclo de Vida da Unidade,Geral,Média,0.85,"Em uma campanha de avaliação de vida remanescente, a equipe deseja caracterizar propriedades mecânicas potencialmente degradadas em juntas soldadas, mas a unidade não pode interromper a produção para retirada de corpos de prova convencionais. Qual estratégia é mais alinhada a uma avaliação robusta sem comprometer a continuidade operacional?",False,True,True,2,Média
e094bd612c-f0-d1-r104-q4,Descomissionamento e Gestão do Ciclo de Vida da Unidade,Geral,Média,0.85,"Parte da estrutura externa do FPSO apresenta corrosão acelerada em ambiente marinho e há exposição intermitente a atmosfera contaminada por compostos sulfurados. O time avalia uma intervenção de proteção superficial para suportar extensão de vida com baixa demanda de manutenção, em componentes de grande porte onde soluções a quente são pouco viáveis. Qual opção descreve de forma mais adequada o uso e as premissas de aplicação da aspersão térmica por arco elétrico?",True,True,True,3,Fácil
e094bd612c-f0-d1-r105-q0,Descomissionamento e Gestão do Ciclo de Vida da Unidade,Geral,Média,0.92,"Um FPSO está se aproximando do fim da vida de projeto e a operadora pretende justificar uma extensão de vida útil com base no bom desempenho histórico e em inspeções recentes sem anomalias relevantes. Na revisão técnica, discute-se o que é indispensável para sustentar a extensão além de “mostrar que está tudo bem”. Qual encaminhamento é mais consistente com uma justificativa técnica robusta de extensão de vida?",True,True,True,3,Fácil
e094bd612c-f0-d1-r105-q2,Descomissionamento e Gestão do Ciclo de Vida da Unidade,Geral,Média,0.7,"Em um projeto de extensão de vida de um FPSO, a equipe precisa caracterizar a degradação de propriedades mecânicas em áreas críticas. Porém, há forte restrição para paradas de produção e o acesso às regiões de interesse é limitado. Qual estratégia de avaliação tende a oferecer o melhor equilíbrio entre robustez técnica e continuidade operacional?",True,True,True,3,Fácil
e094bd612c-f0-d1-r105-q4,Descomissionamento e Gestão do Ciclo de Vida da Unidade,Geral,Média,0.87,"Uma unidade pretende estender a vida útil e identificou corrosão atmosférica acelerada em estruturas e equipamentos expostos ao ambiente marinho, com pontos também sujeitos a contaminantes (incluindo compostos sulfurados). Há interesse em uma solução com baixa demanda de manutenção e aplicável a componentes de grande porte, onde certos revestimentos a quente são pouco viáveis. Qual intervenção tende a ser a melhor candidata nesse contexto?",True,False,True,2,Média
e094bd612c-f0-d1-r105-q5,Descomissionamento e Gestão do Ciclo de Vida da Unidade,Geral,Difícil,0.88,"Em um campo maduro operado por FPSO, está em estudo a extensão de vida do ativo. Em paralelo, discute-se a transferência de operação para uma empresa especializada e a possível conexão de reservas adjacentes para melhor aproveitar a infraestrutura ociosa. A diretoria pede uma estratégia de life cycle management que sustente decisões técnicas e econômicas ao longo do ciclo de vida, incluindo metas de sustentabilidade. Qual abordagem é a mais coerente?",True,True,True,3,Fácil
e094bd612c-f0-d1-r106-q0,Descomissionamento e Gestão do Ciclo de Vida da Unidade,Geral,Média,0.91,"Um FPSO projetado para um certo envelope de composição de fluidos está sendo considerado para extensão de vida útil após a conexão de um novo reservatório com maior teor de CO2 e presença intermitente de H2S e sólidos. Para justificar tecnicamente a extensão, qual abordagem é a mais consistente com uma gestão de ciclo de vida voltada a integridade?",True,True,True,3,Fácil
e094bd612c-f0-d1-r106-q1,Descomissionamento e Gestão do Ciclo de Vida da Unidade,Geral,Média,0.87,"Na preparação do dossiê de extensão de vida útil de um FPSO, a equipe precisa demonstrar de forma quantitativa a vida remanescente de sistemas críticos afetados por corrosão e fadiga. Considerando boas práticas de avaliação, quais evidências e métodos, em conjunto, tendem a sustentar a justificativa técnica mais robusta?",True,True,True,3,Fácil
e094bd612c-f0-d1-r106-q3,Descomissionamento e Gestão do Ciclo de Vida da Unidade,Geral,Média,0.82,"Após inspeções indicarem perda de espessura por corrosão em estruturas externas e equipamentos expostos ao ambiente marinho e a atmosferas com contaminantes (por exemplo, SO2 e H2S), a equipe procura uma proteção de baixa manutenção aplicável em componentes de grande porte, para os quais soluções de aplicação “a quente” são pouco viáveis. Qual intervenção atende melhor a esse objetivo?",False,False,False,0,Difícil
e094bd612c-f1-d1-r107-q0,Descomissionamento e Gestão do Ciclo de Vida da Unidade,Geral,Média,0.85,"Na preparação para estender a vida operacional de um vaso de pressão no topside de um FPSO, uma inspeção interna identificou uma indicação com morfologia de trinca associada à corrosão. A equipe pretende aplicar uma avaliação Fitness-for-Service (FFS) com base em mecânica da fratura (ex.: API 579/BS 7910) para decidir entre reparo localizado e continuidade de operação com monitoramento. Qual conjunto de dados de inspeção é mais determinante para dar confiabilidade a essa avaliação?",True,True,True,3,Fácil
e094bd612c-f1-d1-r107-q1,Descomissionamento e Gestão do Ciclo de Vida da Unidade,Geral,Média,0.91,"Em uma campanha de integridade do casco de um FPSO com mais de 20 anos, foram identificados defeitos e heterogeneidades em áreas críticas, com indícios de carregamentos acumulados e possibilidade de fadiga. A gerência solicita uma conclusão sobre aptidão ao serviço, e a equipe entende que checagens baseadas só em resistência/tensão nominal do material podem ser pouco robustas nesse cenário. Qual linha de raciocínio melhor sustenta a decisão de engenharia?",True,True,True,3,Fácil
e094bd612c-f1-d1-r107-q2,Descomissionamento e Gestão do Ciclo de Vida da Unidade,Geral,Fácil,0.8,"Uma equipe de integridade está escolhendo técnicas de ensaio não destrutivo (END) para caracterizar trincas em tubulações de processo no FPSO, com o objetivo de executar uma avaliação FFS e definir intervalos de inspeção futuros. Há diferentes opções de END disponíveis, com níveis distintos de acurácia e custo. Qual critério de seleção é o mais apropriado para evitar uma decisão de FFS baseada em dados insuficientes?",True,True,True,3,Fácil
e094bd612c-f1-d1-r108-q0,Descomissionamento e Gestão do Ciclo de Vida da Unidade,Geral,Média,0.88,"Durante uma campanha de extensão de vida de um FPSO, uma inspeção em um vaso de pressão de topo identificou uma indicação compatível com trinca por corrosão sob tensão. A equipe pretende realizar uma avaliação Fitness-for-Service (FFS) por mecânica da fratura para decidir entre operar com monitoramento, reparar ou substituir. Além das dimensões do defeito, qual conjunto de dados de inspeção tende a ser mais determinante para sustentar a avaliação com confiabilidade?",True,True,False,2,Média
e094bd612c-f1-d1-r108-q1,Descomissionamento e Gestão do Ciclo de Vida da Unidade,Geral,Média,0.84,"Em um duto associado ao FPSO, com histórico de defeitos e suspeita de crescimento por fadiga, propõe-se executar um teste de sobrepressão (stress-test) para embasar a integridade até o descomissionamento. Um engenheiro questiona se o teste, por si só, sustenta a decisão. Qual raciocínio está mais alinhado a boas práticas de verificação de integridade?",True,True,True,3,Fácil
e094bd612c-f1-d1-r108-q2,Descomissionamento e Gestão do Ciclo de Vida da Unidade,Geral,Média,0.84,"Na preparação para estender a vida de um sistema de tubulações do FPSO, a equipe pretende conduzir somente uma verificação por tensão admissível/""resistência"" usando propriedades mecânicas do material e os envelopes de pressão e temperatura. Porém, há histórico de indicações antigas de descontinuidades/heterogeneidades no componente. Qual interpretação melhor orienta a metodologia de avaliação de integridade para essa decisão?",True,True,True,3,Fácil
e094bd612c-f1-d1-r109-q0,Descomissionamento e Gestão do Ciclo de Vida da Unidade,Geral,Média,0.86,"Durante uma campanha de integridade em um FPSO, foi detectada perda de espessura em uma linha de processo e a equipe precisa decidir entre uma avaliação simplificada por perda de seção e uma avaliação mais completa. Qual conjunto de informações de inspeção é mais decisivo para que a avaliação de adequação ao serviço represente corretamente o mecanismo de dano, especialmente se houver suspeita de defeitos tipo trinca além de corrosão?",True,True,True,3,Fácil
e094bd612c-f1-d1-r109-q3,Descomissionamento e Gestão do Ciclo de Vida da Unidade,Geral,Média,0.88,"Em um equipamento pressurizado com histórico de pequenas indicações registradas em inspeções e de reparos executados ao longo dos anos, discute-se a integridade para continuidade operacional. Um engenheiro propõe limitar a reavaliação à resistência nominal do material e aos valores atuais de pressão/temperatura, sem tratar explicitamente mecanismos de dano. Qual justificativa técnica melhor fundamenta a necessidade de aplicar mecânica da fratura/FFS nesse cenário?",True,True,True,3,Fácil
e094bd612c-f1-d1-r110-q3,Descomissionamento e Gestão do Ciclo de Vida da Unidade,Geral,Média,0.89,"Um duto associado ao FPSO passou por um teste de sobrepressão (stress-test/hidrostático) para ampliar a margem de segurança antes de uma campanha de operação estendida. Após o teste, considera-se reduzir o esforço de ensaios não destrutivos (END) e adiar avaliações detalhadas. À luz das limitações conhecidas do stress-test para sustentação da integridade ao longo do tempo, qual decisão é a mais consistente?",False,False,False,0,Difícil
e094bd612c-f1-d1-r110-q5,Descomissionamento e Gestão do Ciclo de Vida da Unidade,Geral,Média,0.72,"Durante inspeção em um riser de um FPSO foi observada uma indicação compatível com trinca. A substituição do trecho é vista como onerosa e com risco operacional, e a equipe quer usar uma avaliação Fitness-for-Service (FFS) para embasar a decisão. Qual alternativa descreve decisões e premissas mais coerentes com uma aplicação consistente de FFS nesse cenário?",True,True,True,3,Fácil
e094bd612c-f1-d1-r111-q0,Descomissionamento e Gestão do Ciclo de Vida da Unidade,Geral,Média,0.89,"Durante a preparação para extensão de vida de um FPSO, uma inspeção por END em um vaso pressurizado detecta uma indicação compatível com perda de espessura com possível trinca associada. A equipe pretende executar uma avaliação de adequação ao serviço (FFS) baseada em mecânica da fratura. Qual conjunto de dados de inspeção tende a ser mais determinante para caracterizar o defeito de forma compatível com esse tipo de avaliação?",True,False,True,2,Média
e094bd612c-f1-d1-r111-q1,Descomissionamento e Gestão do Ciclo de Vida da Unidade,Geral,Média,0.88,"Em um módulo de processo de um FPSO próximo ao fim da vida de projeto, surgem descontinuidades em soldas e perda localizada de espessura em uma linha crítica. Um engenheiro propõe manter a avaliação de integridade baseada apenas na resistência do material (tensões admissíveis), pois o aço ainda atende às propriedades mecânicas especificadas. Qual argumento técnico melhor justifica a necessidade de migrar para uma abordagem FFS/mecânica da fratura nesse cenário?",True,True,True,3,Fácil
e094bd612c-f1-d1-r111-q3,Descomissionamento e Gestão do Ciclo de Vida da Unidade,Geral,Difícil,0.85,"Um duto associado ao FPSO foi submetido a um teste de sobrepressão para aumentar a margem de segurança após histórico de defeitos. Meses depois, surgem evidências de possível crescimento de trincas por fadiga. Discute-se se o teste, isoladamente, pode sustentar a continuidade de operação sem END adicional. Qual avaliação está mais alinhada às limitações conhecidas de testes de sobrecarga?",True,True,True,3,Fácil
e094bd612c-f3-d1-r112-q0,Descomissionamento e Gestão do Ciclo de Vida da Unidade,Geral,Média,0.88,"Durante o planejamento de parada definitiva de produção de um FPSO, a equipe pretende iniciar imediatamente o bloqueio de válvulas e a desenergização de motores para “ganhar tempo”, deixando a análise de risco e a Permissão para Trabalho para serem concluídas em paralelo. Considerando boas práticas de isolamento e controle de energias, qual abordagem é mais adequada para reduzir o risco de isolamentos incompletos e intervenções com energia residual?",True,False,True,2,Média
e094bd612c-f3-d1-r112-q2,Descomissionamento e Gestão do Ciclo de Vida da Unidade,Geral,Média,0.78,"Durante a parada definitiva, será feita intervenção em uma bomba que opera com GLP e possui selo mecânico com fluido barreira. A equipe discute a sequência para liberar o equipamento com segurança e minimizar emissão e perda de produto. Qual sequência é mais coerente com uma drenagem/despressurização controlada nesse cenário?",True,False,False,1,Difícil
e094bd612c-f3-d1-r112-q3,Descomissionamento e Gestão do Ciclo de Vida da Unidade,Geral,Média,0.77,"Na drenagem de um sistema de produção com separador a montante, a equipe quer acelerar o cronograma porque drenagens lentas atrasam uma etapa subsequente do projeto. Ao mesmo tempo, há preocupação com despressurização súbita e liberação de gás se uma linha for aberta sem fluido. Qual estratégia operacional equilibra melhor esses riscos?",True,True,True,3,Fácil
e094bd612c-f3-d1-r112-q4,Descomissionamento e Gestão do Ciclo de Vida da Unidade,Geral,Média,0.86,"No plano de parada definitiva de um FPSO, parte do inventário de gás e vapores precisará ser despressurizado/descartado durante a drenagem e o gas freeing. A unidade dispõe de tocha (flaring), mas com capacidade limitada e compartilhada com outras demandas. Qual decisão de planejamento é mais robusta para reduzir risco operacional e ambiental durante essas fases?",True,True,True,3,Fácil
e094bd612c-f3-d1-r113-q0,Descomissionamento e Gestão do Ciclo de Vida da Unidade,Geral,Média,0.87,"No planejamento da parada definitiva de um trem de processo em um FPSO, a operação sugere começar imediatamente a desenergização e os bloqueios em campo “para ganhar tempo”, enquanto a manutenção ainda fecha a lista de motores, válvulas e pontos que exigirão raquetes/blinds e tampões. Qual conduta é mais alinhada a uma parada segura e auditável?",True,False,True,2,Média
e094bd612c-f3-d1-r113-q1,Descomissionamento e Gestão do Ciclo de Vida da Unidade,Geral,Média,0.85,"Em uma campanha de descomissionamento, será necessária a intervenção no selo mecânico de uma bomba que opera com GLP. Para minimizar o risco de liberação súbita de gás e evitar acesso a volumes confinados, qual sequência de ações é a mais adequada?",True,False,False,1,Difícil
e094bd612c-f3-d1-r113-q3,Descomissionamento e Gestão do Ciclo de Vida da Unidade,Geral,Difícil,0.75,"Durante o gas freeing e a inertização de equipamentos que ainda podem conter vapores residuais de hidrocarbonetos, uma equipe propõe usar ar como gás de purga por conveniência operacional. Ao mesmo tempo, o FPSO opera flotadores do tipo gás dissolvido para tratamento de água oleosa, nos quais há recirculação do gás acumulado no topo do vaso para geração de microbolhas. Considerando a redução do risco de formação de atmosfera explosiva, qual decisão é tecnicamente mais adequada nesse cenário?",False,False,False,0,Difícil
e094bd612c-f3-d1-r113-q5,Descomissionamento e Gestão do Ciclo de Vida da Unidade,Geral,Média,0.84,"Ao elaborar o plano de parada definitiva de um FPSO, o inventário de GLP e a necessidade de despressurização/descarte de fluidos residuais exigem tratar simultaneamente: capacidade/disponibilidade da tocha, perdas de produto por emissões durante purga/despressurização e conformidade ambiental. Qual abordagem de planejamento tende a endereçar esses pontos de forma mais robusta?",True,False,True,2,Média
e094bd612c-f3-d1-r114-q0,Descomissionamento e Gestão do Ciclo de Vida da Unidade,Geral,Média,0.86,"No planejamento de uma parada definitiva de um trem de processo em um FPSO, a equipe propõe iniciar bloqueios e desenergizações antes da conclusão da Análise de Risco e da Permissão para Trabalho. À luz de boas práticas de isolamento e bloqueio de energias (elétrica e de pressão), qual conduta é mais defensável?",True,False,True,2,Média
e094bd612c-f3-d1-r114-q1,Descomissionamento e Gestão do Ciclo de Vida da Unidade,Geral,Média,0.88,"Em uma parada definitiva, uma bomba que operava com GLP terá o selo mecânico removido. A equipe define a sequência de isolamento, drenagem e despressurização visando reduzir risco operacional e evitar emissões inesperadas. Qual sequência é mais compatível com uma execução segura e controlada?",False,False,False,0,Difícil
e094bd612c-f3-d1-r114-q4,Descomissionamento e Gestão do Ciclo de Vida da Unidade,Geral,Média,0.87,"Durante a parada definitiva, um FPSO precisa tratar a água produzida e dar destinação adequada ao óleo/resíduo separado. Considerando que a unidade pode empregar arranjos típicos de FPSO e que o objetivo é atender ao controle ambiental e ao gerenciamento de resíduos oleosos, qual alternativa descreve o arranjo mais apropriado?",True,True,True,3,Fácil
e094bd612c-f3-d1-r115-q0,Descomissionamento e Gestão do Ciclo de Vida da Unidade,Geral,Média,0.89,"No planejamento de uma parada definitiva em um FPSO, a equipe quer iniciar a sequência de bloqueios e desenergização na mesma reunião em que o escopo foi definido, para ganhar tempo. À luz de boas práticas de planejamento e controle de riscos, qual encaminhamento deve ser adotado antes de iniciar bloqueios físicos e elétricos em campo?",True,True,True,3,Fácil
e094bd612c-f3-d1-r115-q1,Descomissionamento e Gestão do Ciclo de Vida da Unidade,Geral,Média,0.86,"Durante uma intervenção de parada definitiva, uma bomba que operava com GLP e possui selo mecânico será aberta para desmontagem. A equipe precisa definir uma sequência que minimize o risco de liberação de fluido confinado e permita acesso seguro à vedação. Qual alternativa descreve a sequência mais alinhada a um procedimento robusto de isolamento, bloqueio e preparação do equipamento?",True,True,False,2,Média
e094bd612c-f3-d1-r115-q2,Descomissionamento e Gestão do Ciclo de Vida da Unidade,Geral,Média,0.84,"Durante uma parada definitiva, será necessário despressurizar um trecho contendo GLP para permitir manutenção em um selo. A equipe avalia duas estratégias: (i) alívio controlado para a atmosfera por uma pequena válvula e (ii) direcionamento do inventário para a tocha. Para decidir de forma tecnicamente consistente, qual combinação de fatores deve ser tratada como condicionante central no planejamento?",True,True,True,3,Fácil
e094bd612c-f3-d1-r115-q3,Descomissionamento e Gestão do Ciclo de Vida da Unidade,Geral,Média,0.77,"Em um sistema de produção que possui separador a montante, a equipe está drenando linhas para a parada definitiva e observa que a drenagem muito lenta está atrasando etapas subsequentes. Ao mesmo tempo, há preocupação com liberação súbita de gás. Qual ajuste de condução tende a equilibrar melhor essas duas preocupações, conforme a lógica operacional do procedimento?",True,True,True,3,Fácil
e094bd612c-f3-d1-r115-q4,Descomissionamento e Gestão do Ciclo de Vida da Unidade,Geral,Média,0.69,"Durante a preparação para gas freeing e inertização em equipamentos com vapores residuais de hidrocarbonetos, um operador sugere usar ar como gás de purga por facilidade logística. O sistema inclui um flotador do tipo gás dissolvido utilizado no tratamento de água oleosa. Qual abordagem reduz o risco de atmosfera explosiva e preserva o princípio de operação do flotador descrito para unidades marítimas?",True,True,True,3,Fácil
e094bd612c-f4-d1-r117-q1,Descomissionamento e Gestão do Ciclo de Vida da Unidade,Geral,Média,0.83,"Em um campo com múltiplos poços ligados ao mesmo manifold de produção, pretende-se descomissionar um poço injetor específico mantendo os demais poços operando. Qual estratégia de raciocínio melhor orienta o plano de isolamento, desconexão e eventual recuperação das interfaces submarinas (jumpers, PLET/PLEM, trechos de flowline/riser e umbilical) associadas apenas ao poço-alvo?",True,True,True,3,Fácil
e094bd612c-f4-d1-r117-q2,Descomissionamento e Gestão do Ciclo de Vida da Unidade,Geral,Média,0.86,"No planejamento do descomissionamento de um poço produtor, há incerteza sobre volumes e comprimentos de partes do sistema submarino (jumper flexível, trecho rígido e segmento de flowline). O escopo prevê despressurização, limpeza/condicionamento e desconexão. Qual ação inicial reduz mais diretamente a incerteza sobre a necessidade de flushing/condicionamento e diminui o risco de liberação de fluido residual no momento da desconexão?",True,True,False,2,Média
e094bd612c-f4-d1-r117-q5,Descomissionamento e Gestão do Ciclo de Vida da Unidade,Geral,Fácil,0.87,"No planejamento de uma campanha de descomissionamento, deve-se levantar uma rota extensa de flowline e umbilical para confirmar o traçado, localizar e caracterizar interfaces (terminações, ancoragens e conexões como PLET/PLEM) e, depois, realizar verificações e pequenas intervenções físicas em poucos pontos. Considerando eficiência de custo e logística sem perder consistência técnica, qual abordagem é a mais adequada?",True,True,True,3,Fácil
e094bd612c-f4-d1-r118-q1,Descomissionamento e Gestão do Ciclo de Vida da Unidade,Geral,Média,0.86,"Na campanha de pré-descomissionamento, o time precisa inspecionar externamente um trecho de flowline assentado no leito e o trajeto de um umbilical UEH para localizar terminações (PLET/PLEM), ancoragens e pontos de interface a serem desconectados. Há pressão para reduzir custo de embarcação e tempo de campanha, mas ainda não há necessidade de ação física no fundo. Qual abordagem tende a ser mais coerente?",False,True,True,2,Média
e094bd612c-f4-d1-r118-q2,Descomissionamento e Gestão do Ciclo de Vida da Unidade,Geral,Média,0.89,"Um FPSO está definindo a estratégia para descomissionar um conjunto de equipamentos subsea com trechos flexíveis e rígidos (risers, flowlines e jumpers), além de PLETs/PLEMs. Parte da equipe defende deixar alguns componentes no leito para reduzir tempo de campanha; outra parte propõe recuperação completa. Qual argumento técnico mais consistente para selecionar entre abandono no local e recuperação completa, no nível de sistema?",True,True,True,3,Fácil
e094bd612c-f4-d1-r118-q3,Descomissionamento e Gestão do Ciclo de Vida da Unidade,Geral,Média,0.76,"Em um campo com múltiplos poços conectados a um mesmo manifold, um dos poços será abandonado e a operadora quer recuperar apenas a flowline associada a esse poço sem interromper os demais. Qual consideração tende a ser mais determinante para avaliar se a recuperação de um trecho individual é viável sem afetar os outros poços?",True,True,False,2,Média
e094bd612c-f4-d1-r118-q4,Descomissionamento e Gestão do Ciclo de Vida da Unidade,Geral,Difícil,0.87,"Dois poços injetores operam em configuração WAG loop (single line WAG): compartilham duas linhas subsea e um umbilical UEH, sem manifold de injeção. Um poço será descomissionado e o outro deve permanecer disponível para injeção. Qual estratégia de planejamento tende a tratar melhor as interfaces críticas desse arranjo?",True,True,True,3,Fácil
e094bd612c-f4-d1-r118-q5,Descomissionamento e Gestão do Ciclo de Vida da Unidade,Geral,Difícil,0.85,"Em um cluster de poços, o UEH é compartilhado e distribuído por uma UTA/SDU para atender múltiplas ANMs, incluindo funções hidráulicas, elétricas e de comunicação. Um poço será abandonado e outro permanecerá em operação. Qual abordagem tende a reduzir retrabalho e risco de perda de controle sobre os poços remanescentes durante a desconexão do poço a ser descomissionado?",True,True,True,3,Fácil
e094bd612c-f4-d1-r119-q0,Descomissionamento e Gestão do Ciclo de Vida da Unidade,Geral,Média,0.89,"Uma equipe está planejando o descomissionamento de um conjunto de poços conectados a uma malha submarina com ANMs, manifold, PLET/PLEM, jumpers, trechos rígidos/flexíveis, risers e umbilicais UEH. Antes de fechar o plano de cortes e içamentos, o líder de campanha quer reduzir a probabilidade de liberação de fluidos residuais durante as desconexões. Qual decisão de planejamento endereça mais diretamente esse risco?",True,False,True,2,Média
e094bd612c-f4-d1-r119-q1,Descomissionamento e Gestão do Ciclo de Vida da Unidade,Geral,Fácil,0.9,"No planejamento de descomissionamento, a equipe precisa segmentar a linha para selecionar a técnica de retirada e o nível de contenção durante corte, desconexão e içamento. A dúvida é como enquadrar cada trecho como parte ascendente até a unidade ou como trecho de duto no leito, considerando também se o componente é rígido ou flexível. Qual critério técnico é o mais adequado para orientar essa classificação?",False,True,True,2,Média
e094bd612c-f4-d1-r119-q2,Descomissionamento e Gestão do Ciclo de Vida da Unidade,Geral,Média,0.82,"Um campo tem vários poços conectados ao mesmo manifold de produção. Pretende-se descomissionar apenas um poço produtor, mantendo os demais poços conectados ao manifold em operação pelo maior tempo possível. Considerando a gestão de interfaces submarinas e o manifold como nó de integração, qual abordagem é a mais adequada?",True,True,True,3,Fácil
e094bd612c-f4-d1-r119-q4,Descomissionamento e Gestão do Ciclo de Vida da Unidade,Geral,Média,0.86,"Dois poços injetores estão em configuração WAG loop (single line WAG), conectados entre si e à unidade de superfície por apenas duas linhas submarinas e um umbilical, sem manifold de injeção. O operador pretende descomissionar um dos poços mantendo o outro apto a operar. Qual análise de interfaces tende a ser mais determinante para orientar a estratégia de desconexão e eventual recuperação/abandono?",True,True,True,3,Fácil
e094bd612c-f4-d1-r119-q5,Descomissionamento e Gestão do Ciclo de Vida da Unidade,Geral,Média,0.89,"Em uma campanha pré-descomissionamento que antecede cortes e içamentos de flowlines, jumpers e umbilicais, é necessário levantar a condição externa dos ativos e confirmar, no fundo, pontos de interface como terminações, ancoragens e PLETs/PLEMs. Ao mesmo tempo, há pressão para reduzir OPEX e limitar a exposição a embarcações com DP severo, mas algumas etapas exigirão identificação visual precisa de interfaces e, possivelmente, execução de ações físicas subsea. Qual estratégia de inspeção melhor equilibra esses requisitos?",True,True,True,3,Fácil
e094bd612c-f4-d1-r120-q0,Descomissionamento e Gestão do Ciclo de Vida da Unidade,Geral,Média,0.87,"Durante o planejamento de descomissionamento de um poço produtor conectado por jumper flexível a um trecho rígido de duto e, em seguida, a um trecho flexível até o riser, a equipe precisa definir se será necessário flushing e como controlar o risco de vazões residuais antes de qualquer corte. Qual conjunto de informações é o mais útil para sustentar essa decisão de forma consistente?",True,True,True,3,Fácil
e094bd612c-f4-d1-r120-q1,Descomissionamento e Gestão do Ciclo de Vida da Unidade,Geral,Média,0.83,"Em um campo com múltiplos poços conectados a um mesmo manifold de produção, decidiu-se descomissionar um único poço sem interromper os demais. A equipe avalia recuperar apenas a flowline associada ao poço alvo. Qual abordagem é mais coerente para preservar a integridade do sistema de coleta e reduzir impactos sobre os outros poços?",True,True,True,3,Fácil
e094bd612c-f4-d1-r121-q0,Descomissionamento e Gestão do Ciclo de Vida da Unidade,Geral,Média,0.88,"Na preparação para descomissionar um poço produtor conectado por jumper flexível a um trecho rígido de duto e, em seguida, a um trecho flexível até o riser, a equipe precisa estimar o potencial de vazamento e definir se será necessário flushing/condicionamento antes das desconexões. Qual conjunto de informações tende a sustentar melhor essa decisão ao longo das interfaces subsea?",False,True,True,2,Média
e094bd612c-f4-d1-r121-q2,Descomissionamento e Gestão do Ciclo de Vida da Unidade,Geral,Média,0.85,"Em um campo com três poços produtores conectados a um mesmo manifold, o plano de descomissionamento prevê retirar apenas a flowline de um dos poços, mantendo os demais em condição de preservação temporária até decisão final. Qual estratégia de desconexão é mais coerente com a necessidade de preservar a integridade dos poços remanescentes e do sistema de coleta?",True,True,True,3,Fácil
e094bd612c-f4-d1-r121-q3,Descomissionamento e Gestão do Ciclo de Vida da Unidade,Geral,Difícil,0.85,"Dois poços injetores operam em configuração WAG loop (single line WAG), compartilhando duas linhas subsea e um único umbilical, sem manifold de injeção dedicado. Um dos poços será abandonado permanentemente e o outro deverá permanecer controlável até a conclusão do abandono. Qual implicação de interface tende a ser a mais crítica para definir o sequenciamento de desconexão?",True,True,True,3,Fácil
d90e8fba34-f1-d2-r122-q1,Gestão do Desempenho,Geral,Média,0.85,"A equipe de Operações de um FPSO está redesenhando seu painel de acompanhamento. No nível corporativo já são monitorados, entre outros, indicadores estratégicos de segurança e saúde, meio ambiente, resumo operacional e finanças. O time embarcado defende que o painel local deve priorizar apenas o que é diretamente gerenciável a bordo, mesmo que isso reduza o vínculo com o acompanhamento corporativo. Qual arranjo de painel local melhor suporta a integração entre unidade e corporativo e o desdobramento do mapa estratégico em objetivos, metas e iniciativas?",True,True,True,3,Fácil
d90e8fba34-f1-d2-r122-q2,Gestão do Desempenho,Geral,Média,0.84,"No painel do FPSO, a meta trimestral de “estabilidade do processo” (medida por um indicador operacional) está sistematicamente fora do alvo. A área cogita apenas registrar a tendência e aguardar a próxima revisão do plano estratégico para redefinir metas. Considerando um ciclo de monitoramento e controle orientado por indicadores, qual abordagem é mais consistente para recuperar o desempenho e manter rastreabilidade da gestão?",True,True,True,3,Fácil
d90e8fba34-f1-d2-r122-q3,Gestão do Desempenho,Geral,Difícil,0.84,"Na implantação de um painel de desempenho em um FPSO, a gerência quer acompanhar também indicadores financeiros (ex.: variação mensal de OPEX). Porém, há divergências entre bases contábeis e a confiabilidade dos dados recebidos é baixa. O time operacional propõe retirar os indicadores financeiros para evitar ruído na análise. Qual decisão melhor equilibra utilidade do painel e qualidade da informação para monitoramento?",False,True,True,2,Média
d90e8fba34-f1-d2-r122-q5,Gestão do Desempenho,Geral,Média,0.83,"Ao revisar o processo de comunicação de um FPSO, a equipe precisa que o Painel de Desempenho receba insumos padronizados (por exemplo, manifestações de partes interessadas, relatórios mensais e informações sobre requisitos legais e aspectos ambientais). Qual configuração do Plano de Comunicação melhor sustenta esse abastecimento de dados de forma contínua?",True,True,False,2,Média
d90e8fba34-f1-d2-r123-q0,Gestão do Desempenho,Geral,Fácil,0.89,Um FPSO está revisando seu conjunto de KPIs porque houve divergência entre o que a tripulação considera “bom desempenho” e o que a diretoria e órgãos reguladores cobram. A coordenação de performance decide começar pelo básico: transformar necessidades das partes interessadas em indicadores. Qual abordagem tende a produzir indicadores mais úteis para gestão e governança do FPSO?,True,True,True,3,Fácil
d90e8fba34-f1-d2-r123-q1,Gestão do Desempenho,Geral,Média,0.91,"No painel mensal do FPSO, um indicador de confiabilidade de processamento ficou abaixo da meta por dois ciclos consecutivos. A equipe já registra o resultado, mas o desvio se repete. Para que o monitoramento do desempenho seja efetivo (e não apenas um reporte), qual prática deve ser incorporada ao ciclo de acompanhamento desse indicador?",True,True,True,3,Fácil
d90e8fba34-f1-d2-r123-q3,Gestão do Desempenho,Geral,Média,0.86,O FPSO estabeleceu um objetivo estratégico de reduzir emissões e quer transformar esse objetivo em metas e indicadores para o painel. A discussão travou entre adotar uma única meta anual versus estruturar metas em mais de um horizonte. Qual estrutura de definição tende a melhorar o gerenciamento e o alinhamento com a estratégia?,True,True,True,3,Fácil
d90e8fba34-f1-d2-r123-q4,Gestão do Desempenho,Geral,Média,0.86,"Na preparação do orçamento do FPSO, a gerência quer definir níveis-alvo (metas) para custo operacional e eficiência. Há histórico local, mas o benchmarking externo é limitado e há requisitos de partes interessadas (por exemplo, compromissos internos de eficiência e expectativas de reporte). Qual combinação de referências tende a sustentar melhor a definição das metas, reduzindo arbitrariedade e facilitando governança?",True,True,True,3,Fácil
d90e8fba34-f1-d2-r123-q5,Gestão do Desempenho,Geral,Média,0.88,"Um auditor interno avaliou que o painel de desempenho do FPSO é atualizado, porém não é “auditável”: não está claro quem aprova alterações em indicadores, quem responde pelos planos de ação e quais evidências sustentam as decisões. Qual arranjo de governança e de registros tende a aumentar a rastreabilidade e o controle do sistema de desempenho?",True,True,True,3,Fácil
d90e8fba34-f1-d2-r124-q0,Gestão do Desempenho,Geral,Média,0.87,"Em um FPSO, a gerência decide revisar os KPIs após receber manifestações de partes interessadas sobre odor e impacto percebido nas comunidades costeiras associadas às rotas de suprimento e descarte. O time quer evitar indicadores pouco acionáveis, que não orientem decisões. Qual abordagem tende a gerar indicadores mais úteis para a gestão do desempenho?",True,True,True,3,Fácil
d90e8fba34-f1-d2-r124-q3,Gestão do Desempenho,Geral,Média,0.88,"No acompanhamento mensal de desempenho de um FPSO, o KPI de disponibilidade de geração elétrica ficou abaixo da meta por três meses, mas o time registra apenas o valor do indicador e comentários no relatório. A liderança quer que o monitoramento suporte decisões e execução do plano estratégico. O que falta no processo para aproximar monitoramento e melhoria?",True,True,True,3,Fácil
d90e8fba34-f1-d2-r124-q4,Gestão do Desempenho,Geral,Média,0.9,"Ao consolidar o Painel de Desempenho de um FPSO, a equipe nota que, para alguns KPIs financeiros, os valores diferem entre o fechamento contábil e relatórios internos da operação, levando a decisões inconsistentes. Também há indícios de coleta e registro de dados pouco formalizados. Qual conjunto de ações ataca a causa mais provável e aumenta a efetividade do painel?",True,True,True,3,Fácil
d90e8fba34-f1-d2-r125-q0,Gestão do Desempenho,Geral,Média,0.85,"Em um FPSO, há pressões simultâneas para reduzir emissões, elevar a disponibilidade operacional e aumentar a previsibilidade de custos. Ao desenhar KPIs e metas do próximo ciclo, qual abordagem tende a produzir um painel mais governável e útil para decisão?",True,True,True,3,Fácil
d90e8fba34-f1-d2-r125-q2,Gestão do Desempenho,Geral,Média,0.86,"A gerência de um FPSO quer implantar um painel local de indicadores (produção, paradas, consumo etc.), argumentando que o painel corporativo não reflete bem a realidade da unidade. Para manter o desdobramento do mapa estratégico e permitir avaliar a contribuição do FPSO para o desempenho corporativo, qual alternativa é a mais consistente?",True,True,True,3,Fácil
d90e8fba34-f1-d2-r125-q3,Gestão do Desempenho,Geral,Média,0.85,"Em uma auditoria interna em um FPSO, verificou-se que existem relatórios de desempenho, mas falta evidência de como requisitos legais ambientais e informações provenientes de comunicação externa/partes interessadas entram como insumos formais do Painel de Desempenho e influenciam a priorização de metas. Qual ajuste no sistema de gestão tende a tratar melhor essa lacuna?",True,True,True,3,Fácil
d90e8fba34-f1-d2-r125-q4,Gestão do Desempenho,Geral,Média,0.88,"Um FPSO passou a apresentar inconsistências recorrentes em indicadores financeiros do painel (por exemplo, custo operacional por barril), gerando decisões conflitantes entre áreas. Há pressão para implantar uma nova ferramenta de BI como solução principal. Considerando fatores que afetam a efetividade do painel, qual diagnóstico e encaminhamento é mais aderente?",True,True,True,3,Fácil
80d9d9002a-f0-d0-r21-q0,Produção e Processo (Medição Fiscal e Sistema de Alívio),"Medição Fiscal de óleo, medição fiscal de gás e transferência de custódia em operações de offloading",Média,0.86,"Durante a engenharia de detalhamento do sistema de medição fiscal para offloading de um FPSO, a equipe precisa definir a interface mecânica entre a linha de transferência e o mangote do navio aliviador. O histórico operacional aponta dificuldade de desconexão em emergência e aumento de trocas de mangote por desgaste acelerado nas camadas externas. Qual solução de arranjo físico tende a atacar simultaneamente esses dois mecanismos de falha?",True,True,True,3,Fácil
80d9d9002a-f0-d0-r21-q1,Produção e Processo (Medição Fiscal e Sistema de Alívio),"Medição Fiscal de óleo, medição fiscal de gás e transferência de custódia em operações de offloading",Média,0.84,"Em um FPSO, a transferência de custódia de óleo ocorrerá em uma faixa de vazões com variação significativa de viscosidade e com risco de presença de água dispersa no início e no final do offloading (devido ao deslocamento da linha). A medição precisa fornecer indicação volumétrica para fins fiscais. Qual escolha de tecnologia e abordagem de instalação é mais consistente com esse cenário?",True,False,False,1,Difícil
80d9d9002a-f0-d0-r22-q0,Produção e Processo (Medição Fiscal e Sistema de Alívio),"Medição Fiscal de óleo, medição fiscal de gás e transferência de custódia em operações de offloading",Média,0.87,"Durante o projeto do ponto de medição fiscal para offloading em um FPSO, a equipe avalia duas soluções de interface com o navio aliviador: (i) conexão por flanges/parafusos e (ii) acoplamento com articulação esférica. O objetivo é reduzir tanto o risco de não conseguir desconectar em emergência quanto o desgaste prematuro do mangote por dobramento. Qual decisão é mais consistente com esse objetivo?",True,True,False,2,Média
80d9d9002a-f0-d0-r22-q1,Produção e Processo (Medição Fiscal e Sistema de Alívio),"Medição Fiscal de óleo, medição fiscal de gás e transferência de custódia em operações de offloading",Média,0.9,"Em uma campanha de offloading, observou-se variação anormal entre volumes medidos e volumes contabilizados no navio. A análise indica que o trecho escolhido para instalar o medidor fiscal está próximo a uma região com tendência de estratificação (água se concentrando no fundo) e gradientes de composição ao longo da seção. Qual intervenção de projeto/instalação tende a atacar a causa mais provável do erro metrológico sem depender apenas de correções posteriores de balanço?",True,True,True,3,Fácil
80d9d9002a-f0-d0-r22-q2,Produção e Processo (Medição Fiscal e Sistema de Alívio),"Medição Fiscal de óleo, medição fiscal de gás e transferência de custódia em operações de offloading",Média,0.83,"Um FPSO planeja medir fiscalmente o óleo durante o offloading, mas a engenharia prevê que, em certas condições operacionais, possam ocorrer bolhas de gás e gotículas de água dispersas na linha de transferência. A equipe precisa selecionar uma tecnologia aceita para petróleo e definir uma estratégia de instalação que preserve a exatidão para transferência de custódia. Qual alternativa representa o melhor raciocínio técnico?",True,True,True,3,Fácil
80d9d9002a-f0-d0-r22-q3,Produção e Processo (Medição Fiscal e Sistema de Alívio),"Medição Fiscal de óleo, medição fiscal de gás e transferência de custódia em operações de offloading",Difícil,0.86,"Em um teste de comissionamento, a amostragem na linha de offloading indicou água acima do esperado no navio aliviador. A simulação hidrodinâmica sugere que, na vazão de teste, a água tende a se concentrar na parte inferior da linha por diferença de densidade, com estratificação mais evidente em vazões menores. Considerando a necessidade de preservar a integridade metrológica, qual ajuste combina melhor ação de instalação e orientação operacional?",True,True,True,3,Fácil
80d9d9002a-f0-d0-r22-q5,Produção e Processo (Medição Fiscal e Sistema de Alívio),"Medição Fiscal de óleo, medição fiscal de gás e transferência de custódia em operações de offloading",Fácil,0.86,"No plano de integridade da linha de transferência associada à medição fiscal, a equipe precisa selecionar um PIG instrumentado para obter medição quantitativa da espessura remanescente, com cobertura 360° (mapeamento circunferencial), a fim de apontar trechos com potencial de perda de metal por corrosão. Qual tecnologia atende melhor a esse objetivo?",True,True,True,3,Fácil
80d9d9002a-f0-d0-r23-q0,Produção e Processo (Medição Fiscal e Sistema de Alívio),"Medição Fiscal de óleo, medição fiscal de gás e transferência de custódia em operações de offloading",Média,0.84,"Durante a fase de projeto do sistema de medição fiscal para offloading de um FPSO, a equipe de operação pede que o arranjo permita desconexão em emergência mesmo com variações de posicionamento do navio aliviador e reduza esforços que acelerem o desgaste do mangote. Qual solução de interface tende a atender melhor a esse objetivo?",True,False,True,2,Média
80d9d9002a-f0-d0-r23-q1,Produção e Processo (Medição Fiscal e Sistema de Alívio),"Medição Fiscal de óleo, medição fiscal de gás e transferência de custódia em operações de offloading",Média,0.91,"No revamp do skid de medição fiscal de óleo para offloading, avaliam-se dois pontos para instalar o medidor: (i) logo após um conjunto de curvas e reduções de diâmetro próximo ao manifold e (ii) em um trecho reto mais protegido, onde é viável instalar retificadores/condicionadores de escoamento. Para transferência de custódia, qual critério deve prevalecer na escolha do local?",True,False,True,2,Média
80d9d9002a-f0-d0-r23-q2,Produção e Processo (Medição Fiscal e Sistema de Alívio),"Medição Fiscal de óleo, medição fiscal de gás e transferência de custódia em operações de offloading",Média,0.75,"Durante o offloading em um FPSO, o óleo apresenta variações sazonais de densidade e viscosidade e pode conter, ocasionalmente, água dispersa e traços de gás. O contrato de transferência de custódia exige indicação volumétrica. Qual combinação de tecnologia e cuidado de instalação é mais coerente com esse cenário?",True,False,True,2,Média
80d9d9002a-f0-d0-r23-q4,Produção e Processo (Medição Fiscal e Sistema de Alívio),"Medição Fiscal de óleo, medição fiscal de gás e transferência de custódia em operações de offloading",Média,0.87,"Em uma análise de interferências do sistema de offloading, verificou-se que a articulação do acoplamento do mangote ficou muito próxima do ponto previsto para instalar o medidor fiscal de óleo. Em condições ambientais mais severas, a articulação pode operar com maiores amplitudes e transmitir esforços/pequenas variações geométricas ao spool de medição, afetando a exatidão. Qual ajuste de projeto melhor preserva a integridade metrológica sem reduzir a capacidade de desconexão em emergência?",True,True,True,3,Fácil
80d9d9002a-f0-d0-r24-q0,Produção e Processo (Medição Fiscal e Sistema de Alívio),"Medição Fiscal de óleo, medição fiscal de gás e transferência de custódia em operações de offloading",Média,0.86,"Durante o projeto de um skid de medição fiscal para offloading em um FPSO, a equipe precisa definir a interface entre a linha de transferência e o mangote do navio aliviador. Em campanhas anteriores, foram observados dois problemas: dificuldade de desconexão em emergência quando o navio fica fora de posição e aumento de desgaste do mangote associado a dobramento. Qual solução de interface tende a endereçar melhor esses dois problemas de forma integrada?",True,True,True,3,Fácil
80d9d9002a-f0-d0-r24-q2,Produção e Processo (Medição Fiscal e Sistema de Alívio),"Medição Fiscal de óleo, medição fiscal de gás e transferência de custódia em operações de offloading",Média,0.8,"Em um novo FPSO, avalia-se a medição fiscal de óleo no offloading para transferência de custódia. O óleo pode variar viscosidade e densidade ao longo do tempo e pode conter água dispersa, com escoamento predominantemente líquido. Qual tecnologia de medição é, em geral, mais robusta a essa combinação de variabilidade, mantendo atendimento ao requisito de indicação volumétrica?",False,False,False,0,Difícil
80d9d9002a-f0-d0-r24-q4,Produção e Processo (Medição Fiscal e Sistema de Alívio),"Medição Fiscal de óleo, medição fiscal de gás e transferência de custódia em operações de offloading",Média,0.7,"No detalhamento mecânico do sistema de medição fiscal para offloading, discutiu-se a integração entre medidor, tubulação de transferência e acoplamento ao mangote, buscando manter a exatidão metrológica e permitir desconexão em emergência. Qual arranjo tende a reduzir a transmissão de esforços do navio para o trecho medido e, ao mesmo tempo, proteger o mangote e as válvulas de interface (ex.: NSV)?",True,True,True,3,Fácil
80d9d9002a-f0-d0-r24-q5,Produção e Processo (Medição Fiscal e Sistema de Alívio),"Medição Fiscal de óleo, medição fiscal de gás e transferência de custódia em operações de offloading",Fácil,0.87,Uma campanha de integridade da linha de transferência do offloading foi programada para sustentar confiabilidade e rastreabilidade da medição fiscal. O objetivo principal é quantificar perda de espessura por corrosão ao longo da circunferência do duto e identificar anomalias que possam afetar a segurança e a estabilidade hidráulica do sistema. Qual escolha de inspeção interna por PIG é mais alinhada a esse objetivo principal?,True,True,False,2,Média
80d9d9002a-f0-d0-r25-q0,Produção e Processo (Medição Fiscal e Sistema de Alívio),"Medição Fiscal de óleo, medição fiscal de gás e transferência de custódia em operações de offloading",Média,0.86,"Durante a revisão de projeto do sistema de medição fiscal para offloading em um FPSO, a equipe de operação relata eventos recorrentes de desgaste prematuro do mangote e dificuldade de desconexão quando o navio aliviador sofre variações de posicionamento por mar agitado. Considerando requisitos de arranjo físico e interface com a linha de transferência, qual solução de interface tende a reduzir simultaneamente esforços no mangote e o risco operacional em emergências?",True,False,True,2,Média
80d9d9002a-f0-d0-r25-q1,Produção e Processo (Medição Fiscal e Sistema de Alívio),"Medição Fiscal de óleo, medição fiscal de gás e transferência de custódia em operações de offloading",Média,0.88,"Em um offloading, a equipe de metrologia observa variação de resultados entre bateladas e suspeita que a seção de medição esteja recebendo escoamento não representativo da corrente, com tendência a água se acumular na parte inferior da linha. Sem alterar a tecnologia do medidor, qual diretriz de instalação/arranjo é mais consistente para reduzir o erro metrológico associado a estratificação e gradientes elevados?",True,True,True,3,Fácil
80d9d9002a-f0-d0-r25-q2,Produção e Processo (Medição Fiscal e Sistema de Alívio),"Medição Fiscal de óleo, medição fiscal de gás e transferência de custódia em operações de offloading",Média,0.87,"Um FPSO precisa definir a tecnologia de medição fiscal de óleo para offloading em uma linha em que podem ocorrer variações de viscosidade/densidade e presença ocasional de água e gás dispersos durante transientes. O objetivo é manter indicação volumétrica adequada para transferência de custódia e reduzir sensibilidade a mudanças de propriedades. Qual escolha é, em geral, mais coerente com esses requisitos, desde que a instalação trate a representatividade do escoamento na seção de medição?",True,True,False,2,Média
80d9d9002a-f0-d0-r25-q5,Produção e Processo (Medição Fiscal e Sistema de Alívio),"Medição Fiscal de óleo, medição fiscal de gás e transferência de custódia em operações de offloading",Fácil,0.65,"Em uma campanha de confiabilidade do sistema de transferência de custódia, decide-se intensificar a inspeção interna da tubulação de offloading para sustentar a integridade mecânica e metrológica, evitando efeitos de incrustação, amassos e corrosão que alterem o escoamento e as condições de medição. Qual estratégia de inspeção interna é mais apropriada quando se busca medição direta da espessura de parede, com varredura ao longo da circunferência do duto, para apoiar decisões de manutenção preventiva?",True,True,True,3,Fácil
80d9d9002a-f0-d0-r26-q0,Produção e Processo (Medição Fiscal e Sistema de Alívio),"Medição Fiscal de óleo, medição fiscal de gás e transferência de custódia em operações de offloading",Média,0.84,"Durante o detalhamento do offloading de um FPSO em área com maior probabilidade de mudanças rápidas de tempo e mar, a equipe quer reduzir o risco de não conseguir desconectar em uma emergência e, ao mesmo tempo, diminuir esforços mecânicos que acelerem o desgaste do mangote. Qual solução de interface tende a atender melhor a esses dois objetivos em conjunto?",True,False,False,1,Difícil
80d9d9002a-f0-d0-r26-q1,Produção e Processo (Medição Fiscal e Sistema de Alívio),"Medição Fiscal de óleo, medição fiscal de gás e transferência de custódia em operações de offloading",Média,0.88,"Em uma campanha de transferência de custódia, foram observadas variações na repetibilidade da medição de óleo quando o navio aliviador muda ligeiramente de posição. A hipótese mais provável é que o perfil de escoamento no trecho de medição esteja sendo afetado por zonas de gradiente e estratificação na linha. Qual decisão de arranjo físico é mais consistente com a busca de condições representativas na seção de medição?",True,True,True,3,Fácil
80d9d9002a-f0-d0-r26-q2,Produção e Processo (Medição Fiscal e Sistema de Alívio),"Medição Fiscal de óleo, medição fiscal de gás e transferência de custódia em operações de offloading",Difícil,0.82,"Um FPSO planeja usar a mesma estação de medição fiscal para diferentes óleos ao longo do ano. Há variação de viscosidade e densidade entre campanhas e existe risco de pequenas frações de água dispersa durante o offloading, embora o procedimento busque evitar presença de gás. Considerando tecnologias convencionais aceitas para petróleo e o requisito de indicação volumétrica para custódia, qual escolha é mais defensável, desde que o projeto trate a condição de escoamento no trecho de medição?",True,True,True,3,Fácil
80d9d9002a-f0-d0-r26-q3,Produção e Processo (Medição Fiscal e Sistema de Alívio),"Medição Fiscal de óleo, medição fiscal de gás e transferência de custódia em operações de offloading",Média,0.89,"Para um trecho de medição fiscal de gás associado a uma operação que exige minimizar perdas de carga na transferência e conviver com limitações de layout (dificuldade de obter longos trechos retos), a equipe avalia tecnologias convencionais aceitas para gás. Qual opção tende a oferecer melhor alinhamento com o objetivo de reduzir perda de carga, desde que sejam atendidos requisitos de uniformidade do escoamento na seção de medição?",False,True,True,2,Média
80d9d9002a-f1-d0-r27-q0,Produção e Processo (Medição Fiscal e Sistema de Alívio),"Medição Fiscal de óleo, medição fiscal de gás e transferência de custódia em operações de offloading",Média,0.88,"Durante uma operação de offloading em um FPSO, o time identifica que, no turno anterior, a equipe priorizou manter a taxa de transferência e fez uma passagem de turno apenas verbal, sem executar o checklist de inspeção de campo dos instrumentos críticos de medição fiscal e utilidades associadas. Algumas horas depois, surgem divergências entre totalizadores e tendências de variáveis de processo. Qual justificativa técnica melhor sustenta que o checklist padronizado e a inspeção sequencial por áreas deveriam ter sido mantidos, mesmo sob pressão operacional?",True,True,True,3,Fácil
80d9d9002a-f1-d0-r27-q1,Produção e Processo (Medição Fiscal e Sistema de Alívio),"Medição Fiscal de óleo, medição fiscal de gás e transferência de custódia em operações de offloading",Média,0.86,"Um FPSO tem uma janela de offloading programada para os próximos dias, mas um medidor escalar do sistema de medição fiscal chegará ao vencimento de calibração antes do início da transferência de custódia. O laboratório acreditado não consegue atender no prazo devido à fila. Qual estratégia operacional é mais alinhada a boas práticas de confiabilidade metrológica e continuidade da transferência de custódia?",True,True,True,3,Fácil
80d9d9002a-f1-d0-r27-q4,Produção e Processo (Medição Fiscal e Sistema de Alívio),"Medição Fiscal de óleo, medição fiscal de gás e transferência de custódia em operações de offloading",Média,0.74,"Antes de executar uma intervenção planejada em subsuperfície, em uma área com potencial de conflito com cabos, tubulações e instrumentação ligada ao sistema de medição fiscal, a engenharia identifica risco de atingir pontos críticos se o levantamento prévio não for bem conduzido. Qual ação de planejamento é mais adequada para mitigar esse risco antes da mobilização em campo?",True,True,True,3,Fácil
80d9d9002a-f1-d0-r28-q0,Produção e Processo (Medição Fiscal e Sistema de Alívio),"Medição Fiscal de óleo, medição fiscal de gás e transferência de custódia em operações de offloading",Fácil,0.87,"Durante uma operação de offloading em um FPSO, a equipe assume o turno pouco antes do alinhamento final do sistema de medição fiscal. O supervisor reforça que a passagem de turno deve incluir checklist padronizado e inspeção de campo sequencial (áreas de óleo, bombas/turbo-bombas e utilidades associadas). Qual lógica operacional é mais consistente para manter a confiabilidade da medição fiscal e reduzir o risco de disputa na transferência de custódia?",True,True,True,3,Fácil
80d9d9002a-f1-d0-r28-q1,Produção e Processo (Medição Fiscal e Sistema de Alívio),"Medição Fiscal de óleo, medição fiscal de gás e transferência de custódia em operações de offloading",Média,0.89,"Um FPSO opera com medidores escalares usados em apropriação e em eventos de transferência de custódia. O planejamento de calibração prevê periodicidade normativa, mas há filas frequentes em laboratórios de vazão e risco de vencer prazos durante uma campanha de offloading contínua. Qual estratégia de planejamento tende a ser mais robusta para manter conformidade e continuidade da medição fiscal?",True,True,True,3,Fácil
80d9d9002a-f1-d0-r28-q3,Produção e Processo (Medição Fiscal e Sistema de Alívio),"Medição Fiscal de óleo, medição fiscal de gás e transferência de custódia em operações de offloading",Média,0.8,"Durante a preparação de um offloading, a equipe discute a aceitação de resultados de verificação de desempenho de um medidor multifásico. Há resultados de laboratório obtidos com testes de curta duração e resultados de campo com tempos de integração mais longos, sob regime de produção representativo. Qual interpretação e uso desses resultados tende a ser tecnicamente mais consistente para critérios de aceitação e desenho das rotinas in situ?",True,True,True,3,Fácil
80d9d9002a-f1-d0-r28-q4,Produção e Processo (Medição Fiscal e Sistema de Alívio),"Medição Fiscal de óleo, medição fiscal de gás e transferência de custódia em operações de offloading",Difícil,0.87,"Em uma campanha com vários offloadings, o FPSO percebe variação de composição e de regime de produção ao longo do dia, o que pode reduzir a estabilidade das leituras durante verificações em campo. O engenheiro responsável precisa ajustar a rotina de verificação in situ para sustentar a confiabilidade da medição fiscal sem paralisar a operação. Qual combinação de decisões tende a produzir um plano mais defensável?",True,True,True,3,Fácil
80d9d9002a-f1-d0-r28-q5,Produção e Processo (Medição Fiscal e Sistema de Alívio),"Medição Fiscal de óleo, medição fiscal de gás e transferência de custódia em operações de offloading",Fácil,0.89,"Antes de um offloading, foi identificada a necessidade de uma intervenção com potencial de interferir em cabos, tubulações e instrumentação nas proximidades do sistema de medição fiscal. Qual sequência de preparação mais contribui para reduzir o risco de indisponibilidade do sistema de medição e de impactos na transferência de custódia?",True,True,True,3,Fácil
80d9d9002a-f1-d0-r29-q0,Produção e Processo (Medição Fiscal e Sistema de Alívio),"Medição Fiscal de óleo, medição fiscal de gás e transferência de custódia em operações de offloading",Média,0.87,"Durante uma operação de offloading em um FPSO, a equipe de turno anterior reportou pequenas oscilações no balanço de massa, mas sem alarmes ativos. Antes de liberar o início da transferência de custódia, qual abordagem operacional tende a oferecer melhor controle sobre riscos de degradação da medição fiscal e maior rastreabilidade das condições de partida?",True,True,True,3,Fácil
80d9d9002a-f1-d0-r29-q1,Produção e Processo (Medição Fiscal e Sistema de Alívio),"Medição Fiscal de óleo, medição fiscal de gás e transferência de custódia em operações de offloading",Fácil,0.81,"Uma intervenção em subsuperfície foi planejada para instalar um novo ponto de tomada de pressão que alimentará instrumentos associados à medição fiscal. Considerando o planejamento para evitar impactos em cabos, tubulações e instrumentação existentes, qual ação prévia é mais alinhada às boas práticas descritas para mitigação de riscos?",True,True,True,3,Fácil
80d9d9002a-f1-d0-r29-q2,Produção e Processo (Medição Fiscal e Sistema de Alívio),"Medição Fiscal de óleo, medição fiscal de gás e transferência de custódia em operações de offloading",Média,0.86,"O plano de calibração do FPSO prevê periodicidade regulatória para medidores escalares, mas a unidade enfrenta fila em laboratório de vazão e risco de não cumprir a programação antes de uma série de offloadings. Qual estratégia operacional tende a manter a continuidade da medição fiscal e reduzir exposição a disputas de custódia, sem depender exclusivamente do laboratório?",True,True,True,3,Fácil
80d9d9002a-f1-d0-r29-q4,Produção e Processo (Medição Fiscal e Sistema de Alívio),"Medição Fiscal de óleo, medição fiscal de gás e transferência de custódia em operações de offloading",Difícil,0.87,"Em um offloading, uma verificação de desempenho em campo apresenta incerteza maior que a observada no histórico. No período avaliado houve mudança de regime de produção e o ensaio usou um tempo de integração menor do que o normalmente praticado. Qual encaminhamento técnico é o mais apropriado para interpretar o resultado e suportar a decisão de aceitação na transferência de custódia, preservando a robustez metrológica e a rastreabilidade documental?",True,True,True,3,Fácil
80d9d9002a-f1-d0-r30-q1,Produção e Processo (Medição Fiscal e Sistema de Alívio),"Medição Fiscal de óleo, medição fiscal de gás e transferência de custódia em operações de offloading",Média,0.78,"A unidade precisa cumprir a periodicidade normativa de calibração de medidores escalares usados na medição fiscal de óleo, mas o laboratório de vazão está com fila e o envio/retorno pode gerar períodos sem medidor disponível durante a transferência de custódia. Qual estratégia melhor assegura continuidade operacional sem perder rastreabilidade metrológica?",True,True,True,3,Fácil
80d9d9002a-f1-d0-r30-q3,Produção e Processo (Medição Fiscal e Sistema de Alívio),"Medição Fiscal de óleo, medição fiscal de gás e transferência de custódia em operações de offloading",Média,0.85,A operadora pretende usar medição multifásica para apropriação e quer acelerar a autorização regulatória antes de ampliar operações de transferência de custódia. A equipe de processo propõe enviar à ANP apenas a lista de instrumentos e certificados de calibração; a equipe de metrologia defende um plano mais abrangente. Qual proposta tende a ser mais robusta para atender às exigências e reduzir risco de questionamento sobre a medição fiscal?,True,True,True,3,Fácil
80d9d9002a-f1-d0-r30-q4,Produção e Processo (Medição Fiscal e Sistema de Alívio),"Medição Fiscal de óleo, medição fiscal de gás e transferência de custódia em operações de offloading",Média,0.81,"Antes de uma intervenção planejada em área com instrumentação associada à medição fiscal (com risco de proximidade de cabos e linhas), a equipe considera iniciar a escavação/abertura de acesso após isolar o equipamento no painel local. Qual prática de planejamento e mitigação tende a reduzir melhor o risco de dano a tubulações e instrumentação que impactam a transferência de custódia?",True,True,False,2,Média
80d9d9002a-f1-d0-r31-q0,Produção e Processo (Medição Fiscal e Sistema de Alívio),"Medição Fiscal de óleo, medição fiscal de gás e transferência de custódia em operações de offloading",Média,0.87,"Durante a preparação para uma operação de offloading em um FPSO, a equipe identifica que pequenas falhas de alinhamento e utilidades (ex.: ar de instrumentos, energia, sinais de instrumentação) costumam ser descobertas apenas quando a transferência já está em andamento, gerando interrupções e discussões na transferência de custódia. Qual prática operacional tende a reduzir melhor esse tipo de surpresa sem depender de ações ad hoc da equipe de turno?",True,True,True,3,Fácil
80d9d9002a-f1-d0-r31-q1,Produção e Processo (Medição Fiscal e Sistema de Alívio),"Medição Fiscal de óleo, medição fiscal de gás e transferência de custódia em operações de offloading",Média,0.86,"Um FPSO precisa cumprir periodicidades normativas de calibração de medidores escalares usados em medição fiscal, mas enfrenta filas em laboratório de vazão e prazos de calibração mais longos do que o planejado. Na semana de uma janela de offloading, qual decisão tende a sustentar melhor a continuidade da medição fiscal e reduzir risco de não conformidade na transferência de custódia?",True,True,True,3,Fácil
80d9d9002a-f1-d0-r31-q5,Produção e Processo (Medição Fiscal e Sistema de Alívio),"Medição Fiscal de óleo, medição fiscal de gás e transferência de custódia em operações de offloading",Difícil,0.86,"Após alguns offloadings, um FPSO observa divergências recorrentes em diagnósticos e ajustes de instrumentos críticos de medição fiscal. As ações corretivas são executadas, mas os mesmos padrões voltam a aparecer, e há sinais de interpretações inconsistentes sobre incerteza e critérios de aceitação entre operação e manutenção. Qual combinação de medidas tende a atacar melhor a causa provável e sustentar melhoria contínua na transferência de custódia?",True,True,True,3,Fácil
80d9d9002a-f1-d0-r32-q0,Produção e Processo (Medição Fiscal e Sistema de Alívio),"Medição Fiscal de óleo, medição fiscal de gás e transferência de custódia em operações de offloading",Fácil,0.86,"Na preparação de um FPSO para offloading com transferência de custódia, a gerência quer minimizar o risco de iniciar a operação com instrumentos críticos (medidores, transmissores e utilidades) fora de condição. Entre uma inspeção livre, baseada na experiência do operador, e uma rotina estruturada com verificação em campo e registro formal, qual abordagem tende a produzir monitoramento mais segmentado e sistemático, com melhor rastreabilidade para medição fiscal?",True,True,True,3,Fácil
80d9d9002a-f1-d0-r32-q1,Produção e Processo (Medição Fiscal e Sistema de Alívio),"Medição Fiscal de óleo, medição fiscal de gás e transferência de custódia em operações de offloading",Média,0.85,"Um FPSO utiliza medidores escalares em sua malha de medição fiscal e enfrenta longos prazos para calibração externa devido à disponibilidade limitada de laboratórios de vazão. O planejamento do ciclo de calibração precisa evitar interrupções na medição fiscal durante janelas de offloading e, ao mesmo tempo, manter aderência ao plano e às periodicidades aplicáveis. Qual estratégia operacional é mais consistente para preservar a continuidade da medição e reduzir risco de não conformidade por atraso de calibração?",True,True,True,3,Fácil
80d9d9002a-f1-d0-r32-q5,Produção e Processo (Medição Fiscal e Sistema de Alívio),"Medição Fiscal de óleo, medição fiscal de gás e transferência de custódia em operações de offloading",Média,0.89,"Após alguns offloadings, a análise mensal de diagnósticos e verificações indica dispersão crescente e decisões inconsistentes entre turnos na interpretação de incerteza e na aceitação de verificações in‑situ. A coordenação observa que parte da equipe de instrumentação e manutenção não tem formação em metrologia e métodos de verificação. Qual ação é mais consistente para atacar a causa sistêmica e aumentar a confiabilidade da medição fiscal?",True,True,True,3,Fácil
80d9d9002a-f1-d0-r33-q0,Produção e Processo (Medição Fiscal e Sistema de Alívio),"Medição Fiscal de óleo, medição fiscal de gás e transferência de custódia em operações de offloading",Média,0.86,"Durante a preparação de um offloading em um FPSO, a equipe percebe que o último turno registrou oscilações intermitentes em variáveis do skid de medição fiscal. O supervisor quer reduzir a probabilidade de iniciar a transferência de custódia com instrumentos fora de condição, sem depender apenas de alarmes no sistema supervisório. Qual abordagem operacional é mais coerente para esse momento pré-operação?",True,True,True,3,Fácil
80d9d9002a-f1-d0-r33-q2,Produção e Processo (Medição Fiscal e Sistema de Alívio),"Medição Fiscal de óleo, medição fiscal de gás e transferência de custódia em operações de offloading",Média,0.89,"Um FPSO opera com medidores escalares em serviço de medição fiscal e enfrenta fila para calibração em laboratório acreditado, com risco de ultrapassar a periodicidade definida em plano e em requisitos normativos. Considerando continuidade da medição e segurança jurídica na transferência de custódia, qual estratégia tende a ser mais consistente?",True,True,True,3,Fácil
80d9d9002a-f1-d0-r33-q3,Produção e Processo (Medição Fiscal e Sistema de Alívio),"Medição Fiscal de óleo, medição fiscal de gás e transferência de custódia em operações de offloading",Difícil,0.86,"Uma operadora pretende usar medição multifásica (MPFM/MM) como base de apropriação durante operações de transferência de custódia. Na fase de preparação para autorização e implantação, qual item de planejamento é mais crítico para atender às obrigações e tornar os resultados defensáveis?",True,True,True,3,Fácil
80d9d9002a-f1-d0-r33-q4,Produção e Processo (Medição Fiscal e Sistema de Alívio),"Medição Fiscal de óleo, medição fiscal de gás e transferência de custódia em operações de offloading",Difícil,0.83,"No comissionamento de uma rotina de verificação de desempenho de um MPFM/MM, a equipe observa incertezas mais altas em testes de laboratório com curto tempo de integração e incertezas menores em testes de campo com maior tempo de integração, realizados em regime representativo de produção. Ao definir limites de aceitação e a forma de comparar os resultados, qual interpretação é tecnicamente mais robusta?",True,True,True,3,Fácil
80d9d9002a-f1-d0-r33-q5,Produção e Processo (Medição Fiscal e Sistema de Alívio),"Medição Fiscal de óleo, medição fiscal de gás e transferência de custódia em operações de offloading",Média,0.87,"Após alguns meses de offloadings, o FPSO passa a apresentar recorrência de desvios entre leituras e diagnósticos de instrumentos do sistema de medição fiscal, sem falha evidente que justifique parada imediata. A gerência quer reduzir reincidência e aumentar a confiabilidade do processo de verificação. Qual conjunto de ações tende a atacar melhor o problema de forma sistêmica?",True,True,True,3,Fácil
80d9d9002a-f1-d0-r34-q0,Produção e Processo (Medição Fiscal e Sistema de Alívio),"Medição Fiscal de óleo, medição fiscal de gás e transferência de custódia em operações de offloading",Fácil,0.86,"Durante a preparação de um offloading em um FPSO, a equipe de operação observa que alguns instrumentos do sistema de medição fiscal (pressão, temperatura e sinais do medidor de vazão) passaram por pequenas intervenções na última semana. Para reduzir a probabilidade de iniciar a transferência de custódia com uma falha não percebida, qual prática operacional é a mais indicada imediatamente antes do início da operação?",True,True,True,3,Fácil
80d9d9002a-f1-d0-r34-q2,Produção e Processo (Medição Fiscal e Sistema de Alívio),"Medição Fiscal de óleo, medição fiscal de gás e transferência de custódia em operações de offloading",Média,0.87,"O plano de calibração de um FPSO prevê periodicidade regulatória para medidores escalares, mas a unidade enfrenta fila em laboratório de vazão e risco de ultrapassar prazos. Ao mesmo tempo, o FPSO precisa manter a continuidade da medição fiscal para suportar operações de transferência de custódia. Qual estratégia é mais consistente para administrar o risco sem perder controle metrológico?",True,True,True,3,Fácil
80d9d9002a-f1-d0-r35-q0,Produção e Processo (Medição Fiscal e Sistema de Alívio),"Medição Fiscal de óleo, medição fiscal de gás e transferência de custódia em operações de offloading",Média,0.91,"Durante uma operação de offloading em um FPSO, a equipe considera antecipar o início da transferência de custódia porque o navio aliviador chegou com janela curta. O supervisor informa que os instrumentos de medição fiscal apresentam comportamento estável no DCS e propõe iniciar a medição imediatamente. Considerando boas práticas de confiabilidade metrológica e rastreabilidade operacional, qual conduta deve ser adotada antes de iniciar a medição fiscal vinculada à transferência de custódia?",True,True,True,3,Fácil
80d9d9002a-f1-d0-r35-q1,Produção e Processo (Medição Fiscal e Sistema de Alívio),"Medição Fiscal de óleo, medição fiscal de gás e transferência de custódia em operações de offloading",Média,0.89,"O FPSO opera com medidores escalares em malha fiscal para óleo e gás, e parte deles se aproxima da data limite de calibração prevista no plano. Ao mesmo tempo, há fila em laboratório de vazão, com prazos de atendimento maiores do que o intervalo disponível antes do próximo ciclo de offloading. Qual estratégia de planejamento tende a sustentar a continuidade da medição fiscal e da transferência de custódia sem comprometer a conformidade do programa de calibração?",True,True,True,3,Fácil
80d9d9002a-f1-d0-r35-q2,Produção e Processo (Medição Fiscal e Sistema de Alívio),"Medição Fiscal de óleo, medição fiscal de gás e transferência de custódia em operações de offloading",Difícil,0.73,"Uma operadora utiliza medição multifásica (MPFM/MM) na apropriação e precisa executar verificações de desempenho em campo para suportar medições durante operações de transferência de custódia. Na análise, a equipe observa que os ensaios de laboratório foram conduzidos com tempos de integração curtos, enquanto na plataforma é viável testar por períodos mais longos no regime real de produção. Qual abordagem melhor ajusta o plano de verificação a essa diferença e à interpretação de incertezas entre laboratório e campo?",True,True,True,3,Fácil
80d9d9002a-f1-d0-r35-q4,Produção e Processo (Medição Fiscal e Sistema de Alívio),"Medição Fiscal de óleo, medição fiscal de gás e transferência de custódia em operações de offloading",Fácil,0.87,"A equipe de instrumentação do FPSO discute a estratégia de manutenção para instrumentos sensíveis que impactam a medição fiscal (óleo e gás) durante operações de transferência de custódia. Há pressão para reduzir intervenções por tempo e “atuar só quando falhar”, mas a unidade também tem paradas operacionais programadas. Qual política de manutenção tende a melhorar a confiabilidade metrológica sem conflitar com a disponibilidade operacional?",True,True,True,3,Fácil
80d9d9002a-f1-d0-r35-q5,Produção e Processo (Medição Fiscal e Sistema de Alívio),"Medição Fiscal de óleo, medição fiscal de gás e transferência de custódia em operações de offloading",Média,0.88,"Após alguns ciclos de offloading, auditoria interna questiona a consistência entre registros de verificação in-situ, evidências de calibração e decisões operacionais tomadas durante transferência de custódia. A gerência quer reforçar a “segurança jurídica” e a confiabilidade da medição fiscal, sem depender apenas de intervenções pontuais. Qual combinação de rotinas e governança é mais aderente a esse objetivo?",True,True,True,3,Fácil
80d9d9002a-f1-d0-r36-q0,Produção e Processo (Medição Fiscal e Sistema de Alívio),"Medição Fiscal de óleo, medição fiscal de gás e transferência de custódia em operações de offloading",Média,0.89,"No início de uma operação de offloading em um FPSO, a equipe busca reduzir a chance de iniciar a transferência de custódia com instrumentação em condição degradada, evitando depender de uma verificação pontual limitada ao skid de medição. À luz de boas práticas operacionais para medição fiscal, qual abordagem tende a ser mais eficaz para a liberação e preparação inicial das atividades?",True,True,True,3,Fácil
80d9d9002a-f1-d0-r36-q1,Produção e Processo (Medição Fiscal e Sistema de Alívio),"Medição Fiscal de óleo, medição fiscal de gás e transferência de custódia em operações de offloading",Média,0.73,"O plano de calibração dos medidores fiscais de vazão (medidores escalares) de uma unidade segue periodicidade normativa, porém o aumento da fila em laboratório acreditado cria risco de não concluir as calibrações antes de uma próxima janela de offloading. Qual decisão de planejamento mais tende a preservar a continuidade da medição fiscal e reduzir a exposição operacional e jurídica na transferência de custódia?",True,True,True,3,Fácil
80d9d9002a-f1-d0-r36-q4,Produção e Processo (Medição Fiscal e Sistema de Alívio),"Medição Fiscal de óleo, medição fiscal de gás e transferência de custódia em operações de offloading",Fácil,0.86,"Em uma campanha de verificações in-situ associadas à transferência de custódia, a unidade observou divergências recorrentes entre diagnósticos de instrumentos e resultados esperados, com dificuldade em interpretar incerteza e critérios de aceitação. Considerando fatores organizacionais e de competência, qual resposta tende a atacar a causa mais provável e melhorar a qualidade da verificação?",True,True,True,3,Fácil
80d9d9002a-f1-d0-r37-q0,Produção e Processo (Medição Fiscal e Sistema de Alívio),"Medição Fiscal de óleo, medição fiscal de gás e transferência de custódia em operações de offloading",Média,0.89,"Durante uma operação de offloading em um FPSO, a equipe do turno da noite assume a planta e percebe que, no turno anterior, houve pequenas oscilações nas leituras de vazão e densidade do sistema de medição fiscal de óleo. O supervisor quer reduzir a chance de que essas oscilações passem despercebidas antes do início da janela de transferência de custódia. Qual conduta operacional é mais consistente com uma rotina robusta de pré-operação?",True,True,True,3,Fácil
80d9d9002a-f1-d0-r37-q1,Produção e Processo (Medição Fiscal e Sistema de Alívio),"Medição Fiscal de óleo, medição fiscal de gás e transferência de custódia em operações de offloading",Média,0.91,"Uma unidade precisa cumprir as exigências de calibração de medidores escalares usados em medição fiscal, porém os tempos de atendimento em laboratórios de vazão acreditados estão se alongando. Ao mesmo tempo, a transferência de custódia não pode ser interrompida por indisponibilidade de medidor válido. Qual opção de planejamento é mais defensável para assegurar continuidade operacional e conformidade metrológica?",True,True,True,3,Fácil
80d9d9002a-f1-d0-r37-q2,Produção e Processo (Medição Fiscal e Sistema de Alívio),"Medição Fiscal de óleo, medição fiscal de gás e transferência de custódia em operações de offloading",Difícil,0.82,"Uma operadora pretende utilizar um medidor multifásico (MPFM/MM) para apropriação em operações de transferência de custódia e está preparando o pacote de submissão à ANP para autorização de uso. Na elaboração do plano de verificação de desempenho, discute-se qual deve ser o nível de detalhamento e o que precisa constar na submissão, considerando também o risco metrológico. Qual encaminhamento é o mais adequado?",True,True,True,3,Fácil
80d9d9002a-f1-d0-r37-q4,Produção e Processo (Medição Fiscal e Sistema de Alívio),"Medição Fiscal de óleo, medição fiscal de gás e transferência de custódia em operações de offloading",Média,0.86,"Na véspera de uma operação de offloading, é identificada a necessidade de realizar uma intervenção que envolve pontos em subsuperfície próximos a cabos, tubulações e instrumentação associada à medição fiscal. O gerente de operações quer garantir que o planejamento mitigue riscos de interferência que possam afetar equipamentos de medição e, consequentemente, a transferência de custódia. Qual decisão de planejamento endereça mais diretamente esse risco?",True,True,True,3,Fácil
80d9d9002a-f1-d0-r38-q0,Produção e Processo (Medição Fiscal e Sistema de Alívio),"Medição Fiscal de óleo, medição fiscal de gás e transferência de custódia em operações de offloading",Média,0.89,"Na preparação para um offloading, o operador executa a inspeção sequencial de campo e o checklist padronizado da área de óleo. Ele encontra o transmissor de temperatura usado na compensação para condições de referência do skid de medição com indicação instável (flutuações rápidas), sem alarmes de falha e sem evidência de alteração real de processo. Considerando boas práticas de medição fiscal e transferência de custódia, qual conduta é mais adequada antes de liberar a operação?",True,True,True,3,Fácil
80d9d9002a-f1-d0-r38-q1,Produção e Processo (Medição Fiscal e Sistema de Alívio),"Medição Fiscal de óleo, medição fiscal de gás e transferência de custódia em operações de offloading",Média,0.85,"Um FPSO realiza medição fiscal do óleo exportado com medidores escalares. O plano de calibração segue periodicidades normativas, porém há fila no laboratório acreditado e o prazo de retorno ultrapassa a janela até o próximo offloading. Para manter a continuidade da transferência de custódia sem perder robustez metrológica, qual estratégia é mais consistente com um planejamento robusto?",True,True,True,3,Fácil
80d9d9002a-f1-d0-r38-q2,Produção e Processo (Medição Fiscal e Sistema de Alívio),"Medição Fiscal de óleo, medição fiscal de gás e transferência de custódia em operações de offloading",Difícil,0.83,"Uma operadora usa medidor multifásico (MPFM/MM) para apropriação. Em verificação, as incertezas do laboratório (com integração curta) ficaram maiores que as obtidas em campo (integração longa, típica da produção). Como tratar essa diferença na metodologia e nos critérios de aceitação?",True,True,True,3,Fácil
80d9d9002a-f1-d0-r38-q4,Produção e Processo (Medição Fiscal e Sistema de Alívio),"Medição Fiscal de óleo, medição fiscal de gás e transferência de custódia em operações de offloading",Média,0.8,"Antes de uma modificação que exige escavação/intervenção em área com potencial interferência em cabos, tubulações e instrumentação que suportam a medição fiscal (por exemplo, linhas de sinal e alimentação do skid), o planejador precisa reduzir o risco de dano inadvertido que comprometa medições durante o próximo offloading. Qual medida se integra melhor ao planejamento e à mitigação desse risco?",True,True,True,3,Fácil
80d9d9002a-f1-d0-r38-q5,Produção e Processo (Medição Fiscal e Sistema de Alívio),"Medição Fiscal de óleo, medição fiscal de gás e transferência de custódia em operações de offloading",Média,0.86,"Após um offloading, o recebedor contesta o volume transferido. Na análise interna do FPSO, observa-se que parte da equipe que realiza verificações in-situ e interpreta resultados de incerteza não tem formação em metrologia e métodos de verificação, apesar da experiência operacional. Sem alterar hardware do skid, qual ação tende a atacar melhor a causa sistêmica?",True,False,True,2,Média
80d9d9002a-f2-d0-r39-q0,Produção e Processo (Medição Fiscal e Sistema de Alívio),"Medição Fiscal de óleo, medição fiscal de gás e transferência de custódia em operações de offloading",Média,0.87,"Em uma auditoria interna no FPSO, a equipe de medição fiscal deve sustentar que a calibração de um transmissor de pressão que alimenta o computador de vazão (CV) atende à rastreabilidade metrológica exigida para transferência de custódia. Qual conjunto de registros é o mais adequado para essa comprovação?",True,True,True,3,Fácil
80d9d9002a-f2-d0-r39-q1,Produção e Processo (Medição Fiscal e Sistema de Alívio),"Medição Fiscal de óleo, medição fiscal de gás e transferência de custódia em operações de offloading",Fácil,0.9,"Em um evento de falta de energia no FPSO, o sistema de medição fiscal reinicia durante uma operação de offloading. Na retomada, a equipe precisa garantir que os volumes totalizados e as parametrizações relevantes para a transferência de custódia permaneçam íntegros e auditáveis. Qual característica do sistema atende melhor a esse objetivo?",False,True,True,2,Média
80d9d9002a-f2-d0-r39-q3,Produção e Processo (Medição Fiscal e Sistema de Alívio),"Medição Fiscal de óleo, medição fiscal de gás e transferência de custódia em operações de offloading",Média,0.87,"Durante um offloading, o analisador em linha de BS&W passa a indicar valores instáveis. Para evitar atrasos, o operador cogita manter a transferência usando no CV o último valor “confiável” congelado até o fim da operação. Qual conduta está mais alinhada a boas práticas de gestão de desvios metrológicos e preservação de rastreabilidade na medição fiscal?",False,False,True,1,Difícil
80d9d9002a-f2-d0-r39-q4,Produção e Processo (Medição Fiscal e Sistema de Alívio),"Medição Fiscal de óleo, medição fiscal de gás e transferência de custódia em operações de offloading",Difícil,0.86,"Durante uma campanha de teste de poço com necessidade de apropriação, há períodos em que o óleo não está nas condições usuais de estabilização e apresenta BS&W acima do limite operacional normalmente aceito. A gerência deseja, ainda assim, utilizar esses volumes para fins fiscais. Qual abordagem melhor assegura conformidade regulatória e gestão de desvios, tornando a medição defensável em auditoria?",True,True,True,3,Fácil
80d9d9002a-f2-d0-r40-q1,Produção e Processo (Medição Fiscal e Sistema de Alívio),"Medição Fiscal de óleo, medição fiscal de gás e transferência de custódia em operações de offloading",Média,0.89,"Em um teste de longa duração, o computador de vazão (CV) do sistema fiscal reinicia após uma oscilação de energia. A sala de controle percebe que alguns totalizadores e parâmetros voltaram a valores anteriores e há divergência com os registros do período imediatamente antes da falha. Qual característica de projeto/funcionalidade do sistema mitiga diretamente esse tipo de problema e sustenta a rastreabilidade e auditabilidade da medição?",True,True,True,3,Fácil
80d9d9002a-f2-d0-r40-q2,Produção e Processo (Medição Fiscal e Sistema de Alívio),"Medição Fiscal de óleo, medição fiscal de gás e transferência de custódia em operações de offloading",Difícil,0.86,"No início de um offloading, o analisador em linha de BS&W indica valor acima do limite normalmente aceito. Para não perder a janela do navio aliviador, a operação propõe seguir e a gerência avalia manter a medição fiscal, porém registrar o evento como “fora de condição padrão”. Qual conjunto de ações melhor se alinha a boas práticas de gestão de desvios metrológicos em medição fiscal/transferência de custódia?",True,True,True,3,Fácil
80d9d9002a-f2-d0-r40-q3,Produção e Processo (Medição Fiscal e Sistema de Alívio),"Medição Fiscal de óleo, medição fiscal de gás e transferência de custódia em operações de offloading",Média,0.91,"Durante uma auditoria interna do sistema de medição fiscal de gás no FPSO, existem certificados de calibração arquivados para medidores e transmissores. Porém, a equipe não consegue demonstrar, de forma verificável, a vinculação desses certificados aos padrões de referência (SI/INMETRO) e ao encadeamento de calibrações aplicável. Qual evidência/documentação é mais crítica para eliminar essa lacuna de maneira tecnicamente defensável?",True,True,True,3,Fácil
80d9d9002a-f2-d0-r41-q0,Produção e Processo (Medição Fiscal e Sistema de Alívio),"Medição Fiscal de óleo, medição fiscal de gás e transferência de custódia em operações de offloading",Média,0.87,"Após um offloading em um FPSO, ocorre uma falha de alimentação no sistema de medição fiscal e a equipe precisa demonstrar para auditoria o histórico das medições e as intervenções feitas durante a operação (incluindo mudanças de parâmetros e reconhecimento de alarmes). Qual requisito de arquitetura e registro é mais decisivo para preservar essa evidência de forma rastreável?",True,True,True,3,Fácil
80d9d9002a-f2-d0-r41-q1,Produção e Processo (Medição Fiscal e Sistema de Alívio),"Medição Fiscal de óleo, medição fiscal de gás e transferência de custódia em operações de offloading",Média,0.9,"Na preparação para o início de produção, a equipe de metrologia do FPSO precisa demonstrar que a medição fiscal (transferência de custódia) de óleo e gás está suportada por uma cadeia de rastreabilidade metrológica. Qual ação abaixo melhor evidencia essa manutenção do ponto de vista de controle metrológico e documentação?",True,True,True,3,Fácil
80d9d9002a-f2-d0-r42-q0,Produção e Processo (Medição Fiscal e Sistema de Alívio),"Medição Fiscal de óleo, medição fiscal de gás e transferência de custódia em operações de offloading",Fácil,0.88,"Durante a preparação de um FPSO para auditoria de medição fiscal, a equipe precisa demonstrar que a cadeia de rastreabilidade metrológica dos instrumentos críticos está mantida e é defensável mesmo sem consultar fabricantes. Qual conjunto de evidências tende a sustentar melhor essa rastreabilidade?",True,True,True,3,Fácil
80d9d9002a-f2-d0-r42-q2,Produção e Processo (Medição Fiscal e Sistema de Alívio),"Medição Fiscal de óleo, medição fiscal de gás e transferência de custódia em operações de offloading",Média,0.87,"Após uma campanha de calibração, o volume fiscalizado de óleo passou a divergir do balanço de tanque do FPSO durante o offloading. A equipe suspeita que o computador de vazão esteja apropriando o volume para condições base de forma incompleta. Qual verificação é a mais direta para identificar lacunas frente aos requisitos mínimos de correção e cálculo?",True,False,True,2,Média
80d9d9002a-f2-d0-r42-q4,Produção e Processo (Medição Fiscal e Sistema de Alívio),"Medição Fiscal de óleo, medição fiscal de gás e transferência de custódia em operações de offloading",Média,0.85,"Durante um offloading, há uma perda momentânea de energia em parte do sistema de medição fiscal. Para que a evidência metrológica permaneça íntegra para auditoria e seja possível reconstruir intervenções e estados dos equipamentos, qual arquitetura/funcionalidade é mais adequada?",True,True,True,3,Fácil
80d9d9002a-f2-d0-r43-q0,Produção e Processo (Medição Fiscal e Sistema de Alívio),"Medição Fiscal de óleo, medição fiscal de gás e transferência de custódia em operações de offloading",Fácil,0.91,"Em uma auditoria de transferência de custódia em um FPSO, pede-se evidência de que a medição fiscal de óleo mantém rastreabilidade metrológica ao SI (ou ao controle metrológico aplicável) de forma sustentada no tempo. Qual conjunto de registros melhor demonstra isso?",True,True,True,3,Fácil
80d9d9002a-f2-d0-r43-q2,Produção e Processo (Medição Fiscal e Sistema de Alívio),"Medição Fiscal de óleo, medição fiscal de gás e transferência de custódia em operações de offloading",Média,0.87,"Em uma revisão de projeto de FPSO, foi sugerido instalar o ponto de medição fiscal de óleo após um trecho com estocagem intermediária e bombeio adicional, para facilitar o acesso na manutenção durante o offloading. À luz dos critérios usuais de localização e da cadeia de medição fiscal, qual avaliação é mais adequada?",False,True,True,2,Média
80d9d9002a-f2-d0-r43-q5,Produção e Processo (Medição Fiscal e Sistema de Alívio),"Medição Fiscal de óleo, medição fiscal de gás e transferência de custódia em operações de offloading",Difícil,0.83,"Durante um teste de longa duração, o FPSO identifica que o óleo disponível para medição fiscal está temporariamente fora da condição de qualidade/estabilização (ex.: BS&W acima do limite operacional). A produção deseja manter o escoamento e aplicar correções. Qual decisão melhor equilibra conformidade regulatória, rastreabilidade metrológica e gestão do desvio?",True,True,True,3,Fácil
80d9d9002a-f2-d0-r44-q1,Produção e Processo (Medição Fiscal e Sistema de Alívio),"Medição Fiscal de óleo, medição fiscal de gás e transferência de custódia em operações de offloading",Média,0.86,"Em um FPSO, ocorre uma falha de alimentação elétrica durante a medição fiscal de óleo no período de estabilização de vazão após manobras de válvulas. A equipe de medição precisa preservar evidências e viabilizar auditoria do período, minimizando lacunas de dados e garantindo rastreabilidade de intervenções e ajustes. Qual característica do sistema atende mais diretamente a esse objetivo?",True,True,True,3,Fácil
80d9d9002a-f2-d0-r44-q3,Produção e Processo (Medição Fiscal e Sistema de Alívio),"Medição Fiscal de óleo, medição fiscal de gás e transferência de custódia em operações de offloading",Média,0.9,"Após a provação (calibração) do elemento primário do sistema de medição fiscal de óleo, verificou-se mudança no fator do medidor com possível impacto nos totalizadores de transferência de custódia. Para manter controle metrológico e rastreabilidade das alterações, qual ação deve ser adotada?",True,True,True,3,Fácil
80d9d9002a-f2-d0-r45-q1,Produção e Processo (Medição Fiscal e Sistema de Alívio),"Medição Fiscal de óleo, medição fiscal de gás e transferência de custódia em operações de offloading",Fácil,0.89,"Em uma parada elétrica não programada no FPSO, o computador de vazão (CV) reinicia durante uma operação de offloading. A equipe precisa garantir que os registros de medição fiscal permaneçam auditáveis e que a reconstituição do que ocorreu seja possível. Qual característica do sistema atende melhor a esse objetivo?",True,True,True,3,Fácil
80d9d9002a-f2-d0-r45-q2,Produção e Processo (Medição Fiscal e Sistema de Alívio),"Medição Fiscal de óleo, medição fiscal de gás e transferência de custódia em operações de offloading",Média,0.86,"Durante um offloading, o analisador em linha indica BS&W acima do limite normalmente aceito para petróleo estabilizado. A operação quer seguir com o embarque e contabilizar o volume. À luz do gerenciamento de desvios em medição fiscal, qual abordagem sustenta melhor a transferência de custódia?",True,True,True,3,Fácil
80d9d9002a-f2-d0-r45-q4,Produção e Processo (Medição Fiscal e Sistema de Alívio),"Medição Fiscal de óleo, medição fiscal de gás e transferência de custódia em operações de offloading",Média,0.89,"Após a calibração do elemento primário de um sistema de medição fiscal de óleo, o fator do medidor foi alterado e o volume calculado passa a diferir do total do offloading anterior. Para encerrar rapidamente a transferência de custódia, é solicitada uma “correção” do volume. Qual decisão melhor atende aos requisitos de rastreabilidade metrológica, integridade dos dados e apropriação correta do resultado da calibração no CV?",True,True,True,3,Fácil
80d9d9002a-f2-d0-r46-q1,Produção e Processo (Medição Fiscal e Sistema de Alívio),"Medição Fiscal de óleo, medição fiscal de gás e transferência de custódia em operações de offloading",Média,0.87,"Em uma transferência de custódia por offloading, ocorre uma perda momentânea de alimentação elétrica na sala de controle. A liderança quer reduzir o risco de questionamento do volume apurado, garantindo preservação de evidências e possibilidade de auditoria mesmo em falhas de energia e em intervenções operacionais. Qual requisito funcional do sistema de medição fiscal mais endereça esse objetivo?",True,False,True,2,Média
80d9d9002a-f2-d0-r46-q2,Produção e Processo (Medição Fiscal e Sistema de Alívio),"Medição Fiscal de óleo, medição fiscal de gás e transferência de custódia em operações de offloading",Média,0.87,"Durante um offloading, o analisador em linha de BS&W passa a apresentar leituras instáveis e o laboratório a bordo suspeita de desvio metrológico. A equipe precisa decidir entre continuar, interromper ou operar em contorno. De acordo com boas práticas de gerenciamento de desvios em medição fiscal/transferência de custódia, qual encaminhamento é mais consistente?",True,False,False,1,Difícil
80d9d9002a-f2-d0-r46-q4,Produção e Processo (Medição Fiscal e Sistema de Alívio),"Medição Fiscal de óleo, medição fiscal de gás e transferência de custódia em operações de offloading",Média,0.88,"Após o proving/calibração do elemento primário de um sistema de medição fiscal de óleo, identificou-se a necessidade de revisar constantes/configuração no computador de vazão (CV). A gerência solicita que a implementação e a documentação do ajuste preservem a cadeia metrológica e que o volume continue corretamente convertido para as condições de referência. Qual conduta é mais consistente?",True,True,True,3,Fácil
80d9d9002a-f2-d0-r47-q0,Produção e Processo (Medição Fiscal e Sistema de Alívio),"Medição Fiscal de óleo, medição fiscal de gás e transferência de custódia em operações de offloading",Média,0.9,"Durante uma auditoria interna após uma campanha de offloading, foi solicitado ao time de medição fiscal que demonstrasse a cadeia de rastreabilidade metrológica dos instrumentos (vazão, pressão, temperatura, densidade/BS&W) usados no cálculo de volume nas condições de referência. Qual conjunto de evidências sustenta melhor essa rastreabilidade de forma tecnicamente defensável?",True,False,True,2,Média
80d9d9002a-f2-d0-r47-q1,Produção e Processo (Medição Fiscal e Sistema de Alívio),"Medição Fiscal de óleo, medição fiscal de gás e transferência de custódia em operações de offloading",Média,0.9,"Durante uma transferência de custódia, uma falha de alimentação elétrica no FPSO reiniciou o computador de vazão (CV). Para preservar a integridade e a auditabilidade dos dados usados no fechamento fiscal do offloading, qual requisito de projeto/operação é mais diretamente eficaz?",True,True,True,3,Fácil
80d9d9002a-f3-d0-r48-q1,Produção e Processo (Medição Fiscal e Sistema de Alívio),"Medição Fiscal de óleo, medição fiscal de gás e transferência de custódia em operações de offloading",Fácil,0.85,"Em uma campanha de transferência de custódia, houve divergência entre duas medições de densidade de amostras de óleo coletadas no mesmo dia. Um técnico mediu densidade usando balança e bureta, mas não registrou a temperatura do fluido no momento. Considerando o uso dessa propriedade nas correções de volume, qual ação tende a reduzir o risco de aplicar densidade inadequada no cálculo do volume padronizado?",True,True,True,3,Fácil
80d9d9002a-f3-d0-r48-q4,Produção e Processo (Medição Fiscal e Sistema de Alívio),"Medição Fiscal de óleo, medição fiscal de gás e transferência de custódia em operações de offloading",Média,0.84,"Um FPSO vai iniciar offloading de um óleo com frações mais pesadas e comportamento multicomponente mais relevante. Como não há medição direta de viscosidade para a mistura em todas as condições de operação, a equipe precisa estimá-la para apoiar validação e simulações ligadas ao sistema fiscal. Qual conjunto de informações e práticas dá melhor suporte ao uso de um modelo de propriedades de mistura com rastreabilidade adequada?",True,True,True,3,Fácil
80d9d9002a-f3-d0-r49-q0,Produção e Processo (Medição Fiscal e Sistema de Alívio),"Medição Fiscal de óleo, medição fiscal de gás e transferência de custódia em operações de offloading",Média,0.71,"Durante um offloading em um FPSO, a equipe observa que temperatura, pressão, densidade e viscosidade do óleo variaram nas últimas semanas devido a mudanças no regime de produção. Para validar, com rastreabilidade, os registros fiscais de volume e vazão do período, qual prática tende a gerar uma base mais consistente entre calibrações/testes e a data de avaliação?",True,True,True,3,Fácil
80d9d9002a-f3-d0-r49-q1,Produção e Processo (Medição Fiscal e Sistema de Alívio),"Medição Fiscal de óleo, medição fiscal de gás e transferência de custódia em operações de offloading",Fácil,0.9,"Na preparação para uma transferência de custódia, um operador mede a densidade do óleo com método de laboratório simples (massa e volume). O resultado será usado para suportar correções e conversões de volume. Qual requisito de registro é mais crítico para que a densidade medida seja tecnicamente utilizável nas correções e na validação de dados fiscais?",False,False,False,0,Difícil
80d9d9002a-f3-d0-r49-q3,Produção e Processo (Medição Fiscal e Sistema de Alívio),"Medição Fiscal de óleo, medição fiscal de gás e transferência de custódia em operações de offloading",Média,0.86,"Ao consolidar a série temporal de propriedades usada na medição fiscal (temperatura, pressão, densidade e viscosidade) no intervalo entre calibrações, observa-se aumento gradual da viscosidade e deslocamento da densidade em relação à média do período. Para validação de dados e robustez da transferência de custódia, o que fazer antes de aceitar os volumes padronizados calculados?",True,True,True,3,Fácil
80d9d9002a-f3-d0-r49-q4,Produção e Processo (Medição Fiscal e Sistema de Alívio),"Medição Fiscal de óleo, medição fiscal de gás e transferência de custódia em operações de offloading",Média,0.88,"Um FPSO iniciou produção de um óleo mais complexo (mistura multicomponente) e não há medição direta de viscosidade para todas as condições operacionais relevantes no período de avaliação. Como estimar a viscosidade para apoiar a validação do desempenho de medição, mantendo rastreabilidade técnica?",True,True,True,3,Fácil
80d9d9002a-f3-d0-r51-q1,Produção e Processo (Medição Fiscal e Sistema de Alívio),"Medição Fiscal de óleo, medição fiscal de gás e transferência de custódia em operações de offloading",Fácil,0.86,"Na apuração fiscal do óleo durante o offloading, o volume indicado pelos medidores está nas condições de medição do sistema (temperatura e pressão locais). A equipe precisa reportar o volume padronizado para fins de custódia. Qual interpretação orienta melhor a aplicação das correções por temperatura e pressão nesse caso?",True,True,True,3,Fácil
80d9d9002a-f3-d0-r51-q2,Produção e Processo (Medição Fiscal e Sistema de Alívio),"Medição Fiscal de óleo, medição fiscal de gás e transferência de custódia em operações de offloading",Média,0.88,"Em uma auditoria interna de medição fiscal no FPSO, observou-se divergência entre valores de massa específica obtidos em amostras coletadas em momentos distintos. Em uma medição com balança e bureta, foram anotados apenas massa e volume; em outra, foi registrada também a temperatura do fluido. Pensando nas correções aplicadas e na conversão para volume padronizado, qual prática é mais adequada?",True,True,True,3,Fácil
80d9d9002a-f3-d0-r51-q5,Produção e Processo (Medição Fiscal e Sistema de Alívio),"Medição Fiscal de óleo, medição fiscal de gás e transferência de custódia em operações de offloading",Média,0.8,"Durante a reconciliação de volumes entre FPSO e navio aliviador, o time de medição fiscal precisa demonstrar que as propriedades usadas na conversão para condições de base foram tratadas e validadas de forma controlada. Qual conjunto de informações é mais crítico para sustentar essa rastreabilidade na validação dos dados?",True,True,True,3,Fácil
80d9d9002a-f3-d0-r52-q0,Produção e Processo (Medição Fiscal e Sistema de Alívio),"Medição Fiscal de óleo, medição fiscal de gás e transferência de custódia em operações de offloading",Média,0.8,"Durante um offloading em um FPSO, o relatório de transferência de custódia requer converter o volume indicado/medido para um volume padronizado. Na reunião de alinhamento, surgem dúvidas sobre o significado de “condições de medição” e “condições de base” no contexto das correções por temperatura e pressão. Qual interpretação é a mais adequada para evitar erro conceitual ao aplicar as correções de volume?",False,True,True,2,Média
80d9d9002a-f3-d0-r52-q5,Produção e Processo (Medição Fiscal e Sistema de Alívio),"Medição Fiscal de óleo, medição fiscal de gás e transferência de custódia em operações de offloading",Média,0.86,"Durante um offloading, após a conversão para condições de base, o volume do sistema fiscal não concilia com o volume obtido por tancagem/balanço. A equipe reportou presença de sólidos e variação de gás dissolvido ao longo da operação, sugerindo possível mudança de regime e de propriedades do fluido. Pensando especificamente na confiabilidade da conversão para volume padronizado, qual linha de investigação é mais coerente para explicar e tratar a divergência?",True,True,True,3,Fácil
80d9d9002a-f3-d0-r53-q0,Produção e Processo (Medição Fiscal e Sistema de Alívio),"Medição Fiscal de óleo, medição fiscal de gás e transferência de custódia em operações de offloading",Média,0.89,"Em um offloading em FPSO, foi coletada uma amostra para determinar a massa específica (densidade) a ser usada na conversão do volume medido para condições de base. A determinação foi feita por balança e bureta, porém o registro da temperatura do fluido no momento da medição ficou incompleto. À luz de boas práticas de transferência de custódia, qual ação é mais consistente para reduzir o risco de erro nas correções de volume?",True,True,True,3,Fácil
80d9d9002a-f3-d0-r53-q3,Produção e Processo (Medição Fiscal e Sistema de Alívio),"Medição Fiscal de óleo, medição fiscal de gás e transferência de custódia em operações de offloading",Média,0.88,Um FPSO exporta um fluido com composição variável e nem sempre dispõe de medições completas de viscosidade da mistura nas condições de offloading. A equipe pretende empregar um modelo/correlação de viscosidade para mistura multicomponente como suporte às correções e simulações usadas na transferência de custódia. Qual conjunto de informações tende a ser mais necessário documentar e validar para sustentar esse uso do modelo?,True,True,True,3,Fácil
80d9d9002a-f3-d0-r54-q0,Produção e Processo (Medição Fiscal e Sistema de Alívio),"Medição Fiscal de óleo, medição fiscal de gás e transferência de custódia em operações de offloading",Média,0.88,"Durante uma operação de offloading em um FPSO, a equipe de medição fiscal precisa usar a densidade do óleo para suportar a conversão do volume medido para volume padronizado. Uma amostra foi medida em bancada com balança e bureta, mas o operador não anotou a temperatura do óleo no momento da medição. Considerando o uso dessa densidade no contexto de transferência de custódia, qual entendimento é mais consistente?",True,True,True,3,Fácil
80d9d9002a-f3-d0-r55-q0,Produção e Processo (Medição Fiscal e Sistema de Alívio),"Medição Fiscal de óleo, medição fiscal de gás e transferência de custódia em operações de offloading",Média,0.89,"Em um offloading em um FPSO, o relatório fiscal deve converter o volume indicado nos tanques para volume em condições de base. Há disponível uma densidade (massa específica) determinada em bancada na semana anterior, porém a temperatura da amostra na ocasião não foi registrada. Para seguir boas práticas de transferência de custódia e sustentar a conversão e a validação dos dados, qual medida é a mais apropriada?",False,True,False,1,Difícil
80d9d9002a-f3-d0-r55-q5,Produção e Processo (Medição Fiscal e Sistema de Alívio),"Medição Fiscal de óleo, medição fiscal de gás e transferência de custódia em operações de offloading",Fácil,0.92,"Após um offloading, o fechamento de custódia indica divergência entre o total medido por instrumentos mássicos e o total indicado por instrumentos volumétricos. Na triagem do problema, a equipe decide verificar primeiro a grandeza que permite converter diretamente entre massa e volume e cuja aplicação depende de estar referida à condição de medição, com registro de temperatura (e, quando aplicável, pressão). Qual propriedade é a mais pertinente para esse diagnóstico inicial?",True,True,True,3,Fácil
80d9d9002a-f3-d0-r56-q0,Produção e Processo (Medição Fiscal e Sistema de Alívio),"Medição Fiscal de óleo, medição fiscal de gás e transferência de custódia em operações de offloading",Média,0.89,"Durante uma operação de offloading em um FPSO, o sistema de medição fiscal de óleo está operando normalmente, mas o operador percebe que a última determinação de densidade feita com amostra (balança e bureta) foi registrada sem a temperatura do fluido no momento da medição. A equipe precisa decidir como proceder para garantir um volume padronizado defensável na transferência de custódia. Qual ação é mais consistente com boas práticas de tratamento e validação dos dados de propriedades?",True,True,True,3,Fácil
80d9d9002a-f3-d0-r56-q1,Produção e Processo (Medição Fiscal e Sistema de Alívio),"Medição Fiscal de óleo, medição fiscal de gás e transferência de custódia em operações de offloading",Média,0.87,"Na validação dos dados de medição fiscal de óleo de um FPSO, o time compara as séries temporais de temperatura, pressão, densidade e viscosidade desde a última calibração. Observa-se que, ao longo do período, a densidade apresenta tendência de queda e a viscosidade mostra aumento intermitente, com alguns desvios relevantes em relação à média. Qual interpretação e encaminhamento é mais adequado para suportar a validação dos registros de vazão/volume?",True,True,True,3,Fácil
80d9d9002a-f3-d0-r58-q0,Produção e Processo (Medição Fiscal e Sistema de Alívio),"Medição Fiscal de óleo, medição fiscal de gás e transferência de custódia em operações de offloading",Média,0.88,"Durante um offloading de óleo em um FPSO, o relatório de transferência de custódia precisa converter o volume medido para as condições de base. A equipe percebe que as últimas medições de massa específica (densidade) foram registradas, mas sem a temperatura do fluido no momento da medição. Considerando o impacto da temperatura na densidade e nas correções de volume, qual conduta tende a sustentar melhor a robustez metrológica do volume padronizado?",True,True,True,3,Fácil
80d9d9002a-f3-d0-r58-q3,Produção e Processo (Medição Fiscal e Sistema de Alívio),"Medição Fiscal de óleo, medição fiscal de gás e transferência de custódia em operações de offloading",Fácil,0.8,"Em uma revisão de procedimento de medição fiscal para offloading, surgiu confusão entre as expressões “condições de medição”, “condições de base”, “condições de referência” e “condições de utilização”. A equipe quer garantir que as correções aplicadas produzam o volume padronizado usado em transferência de custódia. Qual afirmação está mais alinhada ao escopo correto da conversão descrita?",True,False,False,1,Difícil
80d9d9002a-f3-d0-r58-q5,Produção e Processo (Medição Fiscal e Sistema de Alívio),"Medição Fiscal de óleo, medição fiscal de gás e transferência de custódia em operações de offloading",Fácil,0.91,"Na rotina de caracterização para transferência de custódia, um técnico mede a massa específica de uma amostra de óleo usando balança e bureta. A amostra, porém, estava alguns graus mais fria que a linha no momento do offloading. Para que o dado seja utilizável na validação e nas correções de volume, qual prática é mais coerente com o tratamento recomendado?",True,False,True,2,Média
80d9d9002a-f3-d0-r59-q0,Produção e Processo (Medição Fiscal e Sistema de Alívio),"Medição Fiscal de óleo, medição fiscal de gás e transferência de custódia em operações de offloading",Média,0.73,"Em um offloading de óleo de um FPSO para um navio aliviador, é necessário checar se o volume fiscal informado é compatível com o comportamento do fluido desde a última calibração (ou teste) do sistema de medição. Há séries temporais indicando mudanças de temperatura, pressão e propriedades do óleo nas semanas recentes. Qual procedimento melhor sustenta a validação dos registros de vazão e volume antes do fechamento da transferência de custódia?",True,True,True,3,Fácil
80d9d9002a-f3-d0-r59-q1,Produção e Processo (Medição Fiscal e Sistema de Alívio),"Medição Fiscal de óleo, medição fiscal de gás e transferência de custódia em operações de offloading",Fácil,0.9,"Durante uma auditoria interna de medição fiscal, constatou-se que o valor de massa específica (densidade) do óleo usado para converter o volume medido para volume padronizado foi registrado sem a temperatura do fluido na hora da determinação. Considerando a dependência da densidade com a temperatura e a aplicação dos fatores de correção na transferência de custódia, qual providência trata melhor essa não conformidade?",True,True,False,2,Média
80d9d9002a-f3-d0-r59-q2,Produção e Processo (Medição Fiscal e Sistema de Alívio),"Medição Fiscal de óleo, medição fiscal de gás e transferência de custódia em operações de offloading",Média,0.82,"Durante a reconciliação de um carregamento em FPSO, um engenheiro propõe tratar “condições de base” e “condições de referência do instrumento” como equivalentes por serem valores fixos usados no sistema de medição. Outro engenheiro alerta que essa equivalência pode levar a aplicar fatores de correção de volume fiscal no alvo errado. Qual позиcionamento está mais alinhado ao tratamento correto de volumes padronizados na transferência de custódia?",True,True,True,3,Fácil
80d9d9002a-f3-d0-r60-q0,Produção e Processo (Medição Fiscal e Sistema de Alívio),"Medição Fiscal de óleo, medição fiscal de gás e transferência de custódia em operações de offloading",Média,0.83,"Durante uma operação de offloading em um FPSO, o time de medição fiscal precisa validar a série temporal de volume e vazão registrada desde a última calibração do skid. Houve pequenas oscilações de temperatura e pressão ao longo do período, sem mudanças planejadas de processo. Qual abordagem é mais consistente para sustentar a validação dos dados de medição nessa condição operacional?",True,True,True,3,Fácil
80d9d9002a-f3-d0-r60-q2,Produção e Processo (Medição Fiscal e Sistema de Alívio),"Medição Fiscal de óleo, medição fiscal de gás e transferência de custódia em operações de offloading",Fácil,0.87,"Durante um offloading, a massa específica do óleo foi determinada em bancada (balança e bureta), porém a amostra foi medida a uma temperatura diferente da temperatura registrada no skid fiscal. Essa propriedade será usada na conversão do volume medido para volume em condições de base. Qual prática é mais adequada para evitar erro sistemático nessa conversão?",True,False,False,1,Difícil
80d9d9002a-f3-d0-r60-q4,Produção e Processo (Medição Fiscal e Sistema de Alívio),"Medição Fiscal de óleo, medição fiscal de gás e transferência de custódia em operações de offloading",Difícil,0.85,"Um FPSO iniciou a produção de um novo poço e o óleo passou a ter composição mais complexa, com mudança perceptível no comportamento de escoamento. Não há medição direta de viscosidade da mistura em todas as condições operacionais, mas é necessário manter a qualidade das conversões e da validação dos dados fiscais. Ao empregar modelos/correlações para propriedades de misturas multicomponentes, qual alternativa melhor atende a esse objetivo?",True,True,True,3,Fácil
80d9d9002a-f3-d0-r61-q1,Produção e Processo (Medição Fiscal e Sistema de Alívio),"Medição Fiscal de óleo, medição fiscal de gás e transferência de custódia em operações de offloading",Média,0.7,"Em uma transferência de custódia de óleo, o analista deve converter o volume indicado pelo sistema nas condições em que foi medido para o volume padronizado nas condições de base estabelecidas no contrato. Ao revisar a documentação do skid, ele nota que “condição de base”, “condição de referência” e “condição de utilização” aparecem como se significassem a mesma coisa. Qual interpretação orienta corretamente como aplicar as correções no cálculo do volume padronizado?",False,True,True,2,Média
80d9d9002a-f3-d0-r61-q3,Produção e Processo (Medição Fiscal e Sistema de Alívio),"Medição Fiscal de óleo, medição fiscal de gás e transferência de custódia em operações de offloading",Fácil,0.87,"Em um FPSO, uma amostra de óleo é coletada para apoiar a conversão do volume medido para volume padronizado em uma transferência de custódia. No laboratório de bordo, a massa específica é determinada pelo método de balança e bureta graduada. Qual prática é mais crítica para que o valor de densidade obtido possa ser usado no cálculo das correções e na validação dos dados de medição?",False,True,True,2,Média
80d9d9002a-f3-d0-r61-q5,Produção e Processo (Medição Fiscal e Sistema de Alívio),"Medição Fiscal de óleo, medição fiscal de gás e transferência de custódia em operações de offloading",Média,0.89,"Após uma auditoria interna do sistema de medição fiscal em um FPSO, verificou-se que há registros de volume e vazão, porém não há evidências claras de como foram obtidas as propriedades do fluido usadas nas correções. Em boas práticas de validação para transferência de custódia, qual ação melhora mais diretamente a rastreabilidade e a confiabilidade do cálculo de volumes padronizados?",True,False,True,2,Média
80d9d9002a-f3-d0-r62-q0,Produção e Processo (Medição Fiscal e Sistema de Alívio),"Medição Fiscal de óleo, medição fiscal de gás e transferência de custódia em operações de offloading",Média,0.8,"Durante um offloading em um FPSO, o volume padronizado calculado pelo sistema de medição fiscal passou a divergir do esperado nos balanços de produção, sem alteração evidente na vazão. Suspeita-se de problema na conversão para condições de base. Seguindo boas práticas de validação de dados, qual verificação inicial é mais indicada para confirmar se a base de propriedades usada na conversão ainda é representativa?",True,True,True,3,Fácil
80d9d9002a-f3-d0-r62-q1,Produção e Processo (Medição Fiscal e Sistema de Alívio),"Medição Fiscal de óleo, medição fiscal de gás e transferência de custódia em operações de offloading",Fácil,0.86,"Uma amostra de óleo do FPSO foi usada para determinar a massa específica por método gravimétrico (balança) e volumétrico (bureta). O operador registrou massa e volume corretamente, mas não anotou a temperatura do fluido no momento da medição. Em termos de transferência de custódia e correções para volume padronizado, qual é o principal impacto dessa lacuna?",True,True,True,3,Fácil
80d9d9002a-f3-d0-r62-q5,Produção e Processo (Medição Fiscal e Sistema de Alívio),"Medição Fiscal de óleo, medição fiscal de gás e transferência de custódia em operações de offloading",Média,0.87,"Durante um offloading em que houve registro recente de água e sólidos aparecendo de forma intermitente no óleo exportado, as medições de densidade e viscosidade passaram a apresentar maior dispersão. Há a preocupação de que a amostragem não esteja representando o fluido que efetivamente atravessa o sistema de medição fiscal. Considerando heterogeneidade e escoamento multifásico, qual decisão técnica aumenta a confiabilidade das correções aplicadas e fortalece a defesa metrológica na transferência de custódia?",True,True,True,3,Fácil
80d9d9002a-f3-d0-r63-q0,Produção e Processo (Medição Fiscal e Sistema de Alívio),"Medição Fiscal de óleo, medição fiscal de gás e transferência de custódia em operações de offloading",Média,0.86,"Em um offloading em FPSO, foi determinada em campo a razão massa/volume do óleo (balança e bureta) para conferir o valor usado na conversão do volume indicado para volume em condições de base na transferência de custódia. O técnico, porém, não anotou a temperatura da amostra no instante do ensaio. Qual é o efeito técnico mais relevante dessa omissão e qual providência é mais consistente com uma medição fiscal rastreável?",True,True,True,3,Fácil
80d9d9002a-f0-d1-r64-q0,Produção e Processo (Medição Fiscal e Sistema de Alívio),"Medição Fiscal de óleo, medição fiscal de gás e transferência de custódia em operações de offloading",Média,0.85,"No detalhamento de um FPSO, o skid de medição fiscal de óleo foi alocado próximo ao Terminal Offloading (TO) para encurtar a linha de transferência. No comissionamento a frio, verificou-se vibração elevada e possibilidade de choque mecânico na zona de manobra durante acoplamento/desacoplamento do mangote. Qual ajuste de arranjo físico mais tende a mitigar essas solicitações sem prejudicar a verificabilidade e a manutenção do sistema de medição?",True,True,False,2,Média
80d9d9002a-f0-d1-r64-q1,Produção e Processo (Medição Fiscal e Sistema de Alívio),"Medição Fiscal de óleo, medição fiscal de gás e transferência de custódia em operações de offloading",Média,0.87,"Em uma campanha de offloading, o óleo apresenta variações frequentes de densidade e composição ao longo do dia (mistura de correntes e mudanças de temperatura), e o contrato de transferência de custódia penaliza desvios sistemáticos. Considerando tecnologias usuais de medição fiscal de óleo, qual escolha tende a reduzir a sensibilidade da medição a essas variações, desde que instalada e operada conforme requisitos metrológicos?",True,True,True,3,Fácil
80d9d9002a-f0-d1-r64-q2,Produção e Processo (Medição Fiscal e Sistema de Alívio),"Medição Fiscal de óleo, medição fiscal de gás e transferência de custódia em operações de offloading",Média,0.89,"No projeto de medição fiscal em um sistema de offloading, há etapas como enchimento/evacuação do mangote, partida/parada de bombas e lavagem de linha (redução de TOG), que podem gerar transientes e até escoamento multifásico. Para minimizar a chance de o medidor operar em condições não representativas durante essas manobras, qual diretriz de projeto/instalação é a mais adequada?",True,False,True,2,Média
80d9d9002a-f0-d1-r64-q3,Produção e Processo (Medição Fiscal e Sistema de Alívio),"Medição Fiscal de óleo, medição fiscal de gás e transferência de custódia em operações de offloading",Fácil,0.76,"Um FPSO precisa medir vazão de gás em uma linha associada ao sistema de alívio/queima. A equipe está preocupada com obstruções, perturbação do processo e estabilidade de leitura ao longo do tempo. Entre as alternativas de medição citadas para esse serviço, qual seleção tende a atender melhor a essas preocupações, desde que os requisitos de instalação (transdutores, trechos retos e condicionamento de sinal) sejam atendidos?",True,True,True,3,Fácil
80d9d9002a-f0-d1-r64-q4,Produção e Processo (Medição Fiscal e Sistema de Alívio),"Medição Fiscal de óleo, medição fiscal de gás e transferência de custódia em operações de offloading",Média,0.9,"No offloading, a interação com o navio aliviador pode gerar esforços de tração e torção no mangote, afetando a linha próxima ao TO. A instrumentação indicou deriva e a equipe de integridade observou vibração elevada no trecho onde está o medidor fiscal, instalado próximo às conexões flangeadas. Qual conjunto de medidas de compatibilização mecânica e hidráulica tende a atacar a causa do problema?",True,True,True,3,Fácil
80d9d9002a-f0-d1-r65-q0,Produção e Processo (Medição Fiscal e Sistema de Alívio),"Medição Fiscal de óleo, medição fiscal de gás e transferência de custódia em operações de offloading",Média,0.87,"Na fase de detalhamento de um FPSO, define-se a localização do medidor fiscal de óleo para o offloading. A operação envolve conexões/desconexões frequentes do mangote e há histórico de vibração e impactos mecânicos na região do terminal de offloading (TO). Qual arranjo é mais coerente para uma medição fiscal robusta no offloading?",True,True,True,3,Fácil
80d9d9002a-f0-d1-r65-q1,Produção e Processo (Medição Fiscal e Sistema de Alívio),"Medição Fiscal de óleo, medição fiscal de gás e transferência de custódia em operações de offloading",Média,0.82,"Em um FPSO, está sendo especificado o medidor para a linha de gás de queima (sistema de alívio). O time quer reduzir riscos de obstrução e minimizar perturbações no escoamento, sem perder a rastreabilidade da medição. Qual escolha e premissa de instalação melhor atendem a esse objetivo?",True,True,True,3,Fácil
80d9d9002a-f0-d1-r65-q2,Produção e Processo (Medição Fiscal e Sistema de Alívio),"Medição Fiscal de óleo, medição fiscal de gás e transferência de custódia em operações de offloading",Média,0.84,"Na transferência de custódia de óleo durante o offloading, o fluido pode apresentar variações de composição e densidade ao longo do tempo, exigindo correções para condições de referência. Entre as alternativas abaixo, qual solução tende a reduzir a sensibilidade a variações de densidade e favorecer a integridade metrológica em medição fiscal?",True,False,True,2,Média
80d9d9002a-f0-d1-r65-q5,Produção e Processo (Medição Fiscal e Sistema de Alívio),"Medição Fiscal de óleo, medição fiscal de gás e transferência de custódia em operações de offloading",Difícil,0.88,"Em um FPSO com TO flangeado e recursos de movimentação/içamento para reduzir intervenção manual, a operação define alarmes por proximidade e por força de tração durante o offloading; ao exceder limites, o procedimento prevê parar bombeio, fechar válvulas e, em último caso, desconectar o mangote. Qual diretriz de projeto melhor integra esses requisitos operacionais com a integridade mecânica e a proteção do sistema de medição fiscal em linha?",True,True,True,3,Fácil
80d9d9002a-f0-d1-r66-q1,Produção e Processo (Medição Fiscal e Sistema de Alívio),"Medição Fiscal de óleo, medição fiscal de gás e transferência de custódia em operações de offloading",Média,0.82,"Em uma campanha de offloading, o óleo a ser transferido apresenta variação de densidade ao longo do tempo e há risco ocasional de fração de gás e água livre na linha de transferência, especialmente em transientes de partida/parada. A equipe precisa selecionar a tecnologia de medição fiscal em linha que melhor preserve a qualidade metrológica nesse cenário. Qual escolha e justificativa são mais consistentes?",True,True,False,2,Média
80d9d9002a-f0-d1-r66-q2,Produção e Processo (Medição Fiscal e Sistema de Alívio),"Medição Fiscal de óleo, medição fiscal de gás e transferência de custódia em operações de offloading",Fácil,0.88,"No projeto do sistema de medição fiscal de gás associado a uma linha de transferência, há preocupação com perda de carga e com a faixa de vazão, pois o sistema opera com grande variação entre regimes. A equipe quer minimizar arrasto e intervenções de manutenção. Qual tecnologia tende a se alinhar melhor a esses objetivos, considerando critérios típicos de seleção?",False,True,True,2,Média
80d9d9002a-f0-d1-r66-q3,Produção e Processo (Medição Fiscal e Sistema de Alívio),"Medição Fiscal de óleo, medição fiscal de gás e transferência de custódia em operações de offloading",Média,0.83,"Após uma modificação de layout, o medidor de vazão do gás de queima foi reposicionado para muito próximo de uma válvula que, em certos alinhamentos, opera parcialmente fechada. Nas primeiras partidas do flare, a leitura apresentou instabilidade. Qual ação de projeto/instalação é mais coerente para reduzir o risco de erro por perturbações de escoamento, mantendo a filosofia de mínima intrusão?",True,True,True,3,Fácil
80d9d9002a-f0-d1-r66-q4,Produção e Processo (Medição Fiscal e Sistema de Alívio),"Medição Fiscal de óleo, medição fiscal de gás e transferência de custódia em operações de offloading",Difícil,0.85,"Durante a engenharia de detalhamento, foi proposto aumentar significativamente a vazão de lavagem da linha de transferência para reduzir o tempo total de bombeio na operação de offloading. A simulação indica que vazões maiores podem demandar mais volume de água para reduzir TOG próximo de zero e que pequenas quantidades residuais de óleo podem permanecer, embora representem fração pequena do volume da linha. Do ponto de vista de medição fiscal em linha, qual avaliação é mais consistente para evitar degradação de desempenho metrológico e riscos de integridade?",True,True,True,3,Fácil
80d9d9002a-f0-d1-r67-q0,Produção e Processo (Medição Fiscal e Sistema de Alívio),"Medição Fiscal de óleo, medição fiscal de gás e transferência de custódia em operações de offloading",Média,0.83,"Durante o detalhamento do arranjo do ponto de medição fiscal de óleo para offloading em um FPSO, a equipe de projeto precisa decidir onde instalar o medidor em linha em relação ao manifold/Terminal Offloading (TO). O local escolhido deve sustentar a confiabilidade metrológica e, ao mesmo tempo, reduzir a probabilidade de dano durante as operações de acoplamento do mangote. Qual decisão de arranjo físico é mais coerente com esse objetivo?",True,True,True,3,Fácil
80d9d9002a-f0-d1-r67-q1,Produção e Processo (Medição Fiscal e Sistema de Alívio),"Medição Fiscal de óleo, medição fiscal de gás e transferência de custódia em operações de offloading",Média,0.82,"Um FPSO exporta óleo com variações relevantes de densidade ao longo do tempo e com temperatura do produto oscilando durante campanhas de offloading. A equipe quer reduzir incertezas associadas a mudanças de composição e densidade sem deixar de reportar o volume para a transferência de custódia. Qual tecnologia tende a ser mais alinhada a esse cenário, considerando as opções convencionais aceitas?",False,False,False,0,Difícil
80d9d9002a-f0-d1-r67-q2,Produção e Processo (Medição Fiscal e Sistema de Alívio),"Medição Fiscal de óleo, medição fiscal de gás e transferência de custódia em operações de offloading",Média,0.89,"No projeto da medição fiscal do gás associado exportado por um FPSO, verificou-se uma restrição de pressão diferencial admissível na linha e uma grande variação de vazão operacional ao longo da vida do campo. Além disso, busca-se minimizar intervenções de manutenção no trecho de medição. Entre as tecnologias convencionais para medição fiscal de gás, qual é a mais adequada a esse conjunto de requisitos?",True,True,True,3,Fácil
80d9d9002a-f0-d1-r67-q5,Produção e Processo (Medição Fiscal e Sistema de Alívio),"Medição Fiscal de óleo, medição fiscal de gás e transferência de custódia em operações de offloading",Fácil,0.74,"Na instrumentação do sistema de alívio/queima (flare) de um FPSO, a equipe precisa medir vazão de gás para fins fiscais/regulatórios, mas há preocupação com obstruções e com a estabilidade do dado ao longo do tempo. Considerando as características do serviço e a integridade do dado, qual solução e requisito de instalação formam o par mais adequado?",True,False,True,2,Média
80d9d9002a-f0-d1-r68-q0,Produção e Processo (Medição Fiscal e Sistema de Alívio),"Medição Fiscal de óleo, medição fiscal de gás e transferência de custódia em operações de offloading",Média,0.9,"No projeto de um novo FPSO, definiu-se que a medição fiscal de óleo para transferência de custódia no offloading será em linha, a montante do terminal de offloading (TO). No layout preliminar, o medidor foi posicionado muito próximo à conexão do mangote para “medir o mais perto possível do navio aliviador”. Na HAZID, foram apontados risco de vibração, impactos mecânicos no acoplamento e dificuldade de calibração. Que ajuste de arranjo físico tende a melhorar simultaneamente a qualidade metrológica e a integridade do instrumento durante o offloading?",True,True,True,3,Fácil
80d9d9002a-f0-d1-r68-q2,Produção e Processo (Medição Fiscal e Sistema de Alívio),"Medição Fiscal de óleo, medição fiscal de gás e transferência de custódia em operações de offloading",Média,0.82,"Em um FPSO, o óleo pode variar de densidade ao longo da campanha e, em transientes de início/fim de offloading, pode carregar fração de gás e traços de água livre. Para reduzir a sensibilidade a variações de composição e aumentar a robustez da transferência de custódia, qual tecnologia de medição fiscal é mais consistente com esse objetivo?",True,True,False,2,Média
80d9d9002a-f0-d1-r68-q3,Produção e Processo (Medição Fiscal e Sistema de Alívio),"Medição Fiscal de óleo, medição fiscal de gás e transferência de custódia em operações de offloading",Difícil,0.89,"Em um retrofit, propõe-se aumentar significativamente a vazão de lavagem da linha de offloading para reduzir o tempo total de bombeio. A simulação indica necessidade de bombas maiores e maior volume de água para reduzir TOG a valores próximos de zero. Ao compatibilizar o medidor fiscal com a linha de transferência, qual análise é mais importante para evitar degradação da medição e riscos ao equipamento durante a lavagem e no enchimento/evacuação do mangote?",True,True,True,3,Fácil
80d9d9002a-f0-d1-r68-q4,Produção e Processo (Medição Fiscal e Sistema de Alívio),"Medição Fiscal de óleo, medição fiscal de gás e transferência de custódia em operações de offloading",Média,0.88,"Em uma auditoria de prontidão para transferência de custódia, observou-se que a linha de offloading opera frequentemente próxima aos limites de tração do mangote e de proximidade do navio aliviador, com parada de bombeio e fechamento de válvulas quando esses limites são excedidos. O medidor fiscal fica próximo ao TO e já houve vibração elevada durante alguns acoplamentos. Qual combinação de medidas de projeto/instalação melhor reduz o risco de dano ao medidor e preserva a integridade do dado fiscal, sem criar novos pontos de falha no offloading?",True,True,True,3,Fácil
80d9d9002a-f0-d1-r68-q5,Produção e Processo (Medição Fiscal e Sistema de Alívio),"Medição Fiscal de óleo, medição fiscal de gás e transferência de custódia em operações de offloading",Média,0.81,"Em um FPSO, um medidor de vazão na linha de gás de queima (alívio/flare) vem apresentando obstruções e deriva de indicação. A equipe pretende mudar a tecnologia para reduzir risco de entupimento e interferência no escoamento, sem perder confiabilidade metrológica. Considerando boas práticas de seleção e instalação, qual opção é mais apropriada?",True,True,True,3,Fácil
80d9d9002a-f1-d1-r69-q1,Produção e Processo (Medição Fiscal e Sistema de Alívio),"Medição Fiscal de óleo, medição fiscal de gás e transferência de custódia em operações de offloading",Média,0.81,"Em uma janela curta de offloading, um analisador portátil foi usado para checagens em pontos críticos e o operador observou que as leituras apresentaram pequenas diferenças ao longo da rota. Para garantir controle de qualidade e rastreabilidade após o término das atividades, qual rotina pós-operação é mais adequada?",True,True,True,3,Fácil
80d9d9002a-f1-d1-r69-q2,Produção e Processo (Medição Fiscal e Sistema de Alívio),"Medição Fiscal de óleo, medição fiscal de gás e transferência de custódia em operações de offloading",Média,0.87,"Ao revisar o plano de calibração e de verificação in situ aplicável a instrumentos utilizados em medições com impacto contratual durante o offloading, foi discutido em que situações devem ser executadas verificações ad hoc além da periodicidade definida. Qual critério de acionamento é mais consistente com um plano robusto de calibração/verificação?",True,True,True,3,Fácil
80d9d9002a-f1-d1-r70-q0,Produção e Processo (Medição Fiscal e Sistema de Alívio),"Medição Fiscal de óleo, medição fiscal de gás e transferência de custódia em operações de offloading",Média,0.86,"Um FPSO vai iniciar uma operação de offloading com medição fiscal. Para reduzir o risco de checagens em campo com instrumentos portáteis gerarem resultados não rastreáveis ou inconsistentes durante a transferência de custódia, qual conjunto de ações pré-operação é mais adequado?",True,True,True,3,Fácil
80d9d9002a-f1-d1-r70-q3,Produção e Processo (Medição Fiscal e Sistema de Alívio),"Medição Fiscal de óleo, medição fiscal de gás e transferência de custódia em operações de offloading",Média,0.8,"No encerramento de uma operação de offloading com medição fiscal, o time precisa decidir como finalizar a rotina do instrumento portátil usado em verificações in situ (p.ex., validações em pontos críticos). Qual conduta pós-operação é mais alinhada a controle de qualidade e detecção de deriva entre o início e o fim das medições?",True,True,True,3,Fácil
80d9d9002a-f1-d1-r71-q0,Produção e Processo (Medição Fiscal e Sistema de Alívio),"Medição Fiscal de óleo, medição fiscal de gás e transferência de custódia em operações de offloading",Média,0.89,"Na preparação de um offloading em um FPSO, a equipe usará medidor de vazão, transmissores de pressão/temperatura e um instrumento portátil de verificação para suportar a transferência de custódia. Na checagem pré-operação, o portátil passa no autoteste, porém o selo/etiqueta de calibração está ilegível e não é possível confirmar o certificado/histórico a bordo antes do início da janela operacional. Qual decisão tende a melhor preservar a qualidade metrológica e a rastreabilidade da medição?",False,False,False,0,Difícil
80d9d9002a-f1-d1-r71-q1,Produção e Processo (Medição Fiscal e Sistema de Alívio),"Medição Fiscal de óleo, medição fiscal de gás e transferência de custódia em operações de offloading",Média,0.85,"Em uma campanha de offloading com impacto contratual, a equipe observa que leituras de um instrumento usado para verificação in situ (referência de campo) apresentam maior variabilidade do que o padrão, e uma parte dos pontos fica instável quando o vento aumenta no convés. Ainda assim, é preciso obter um conjunto de verificações que sustente auditoria posterior. Qual combinação de medidas tende a melhorar mais a confiabilidade do resultado sem depender de mudanças no arranjo de processo?",False,True,True,2,Média
80d9d9002a-f1-d1-r71-q2,Produção e Processo (Medição Fiscal e Sistema de Alívio),"Medição Fiscal de óleo, medição fiscal de gás e transferência de custódia em operações de offloading",Média,0.86,"Após um offloading, surge uma divergência entre os volumes apurados por sistemas distintos e a hipótese de deriva do instrumento usado como verificação in situ durante a operação ganha força. Para reduzir a probabilidade de disputa futura e, ao mesmo tempo, melhorar a detecção de deriva em campanhas subsequentes, qual prática operacional tende a ser mais efetiva?",True,True,True,3,Fácil
80d9d9002a-f1-d1-r71-q3,Produção e Processo (Medição Fiscal e Sistema de Alívio),"Medição Fiscal de óleo, medição fiscal de gás e transferência de custódia em operações de offloading",Fácil,0.89,A área de medição de um FPSO está revisando o plano de calibração para instrumentos envolvidos em medições com implicações fiscais durante offloading (incluindo instrumentos de verificação in situ). Qual conjunto de elementos caracteriza melhor um plano de calibração robusto e auditável para esse contexto?,True,True,True,3,Fácil
80d9d9002a-f1-d1-r72-q1,Produção e Processo (Medição Fiscal e Sistema de Alívio),"Medição Fiscal de óleo, medição fiscal de gás e transferência de custódia em operações de offloading",Média,0.87,"Minutos antes do offloading, um analisador portátil da cadeia de medição fiscal cai durante o transporte no convés. Ele energiza, inicializa e conclui o autoteste interno sem alarmes. Considerando um plano de calibração com critérios de aceitação e gatilhos para ações extraordinárias em medições críticas, qual decisão é a mais adequada antes de liberar o instrumento para uso?",True,True,True,3,Fácil
80d9d9002a-f1-d1-r72-q5,Produção e Processo (Medição Fiscal e Sistema de Alívio),"Medição Fiscal de óleo, medição fiscal de gás e transferência de custódia em operações de offloading",Média,0.91,"Em um FPSO com alta rotatividade e uso intensivo de equipes terceirizadas, busca-se reduzir a variabilidade na execução de calibrações e verificações in situ durante o offloading e manter evidências robustas para auditorias e possíveis disputas contratuais. Qual desenho de capacitação e garantia da qualidade atende melhor a esse objetivo?",True,True,True,3,Fácil
80d9d9002a-f1-d1-r73-q0,Produção e Processo (Medição Fiscal e Sistema de Alívio),"Medição Fiscal de óleo, medição fiscal de gás e transferência de custódia em operações de offloading",Média,0.88,"Durante uma operação de offloading com transferência de custódia, a equipe utilizará um instrumento portátil (por exemplo, medidor de temperatura/pressão ou analisador) para checagens de consistência ligadas à medição fiscal. Como a janela operacional é curta, o responsável quer minimizar o risco de questionamentos posteriores sobre a confiabilidade das leituras. Qual abordagem está mais alinhada a boas práticas de verificação in situ antes de iniciar as medições?",True,True,True,3,Fácil
80d9d9002a-f2-d1-r74-q0,Produção e Processo (Medição Fiscal e Sistema de Alívio),"Medição Fiscal de óleo, medição fiscal de gás e transferência de custódia em operações de offloading",Média,0.89,"Na preparação de um FPSO para iniciar a medição fiscal de óleo, a equipe encontra certificados de calibração válidos dos medidores, porém sem os dados dimensionais usados na aplicação de normas reconhecidas. A operação afirma que, como o erro informado está dentro do limite, a rastreabilidade está assegurada. Qual decisão melhor preserva a rastreabilidade metrológica exigida para medição fiscal e transferência de custódia?",True,True,True,3,Fácil
80d9d9002a-f2-d1-r74-q1,Produção e Processo (Medição Fiscal e Sistema de Alívio),"Medição Fiscal de óleo, medição fiscal de gás e transferência de custódia em operações de offloading",Média,0.79,"Um FPSO fará offloading frequente para navios aliviadores e a equipe de projeto discute onde posicionar a medição fiscal (ponto fiscal) para reduzir disputas de custódia e manter o controle metrológico da produção. Há propostas para medir antes do tratamento, após o tratamento, ou já na linha de transferência para o navio. Qual posicionamento é o mais adequado para sustentar a finalidade fiscal e a integridade da contabilização da produção?",True,True,True,3,Fácil
80d9d9002a-f2-d1-r74-q5,Produção e Processo (Medição Fiscal e Sistema de Alívio),"Medição Fiscal de óleo, medição fiscal de gás e transferência de custódia em operações de offloading",Média,0.85,"Um FPSO concluiu a instalação de uma nova estação de medição (EMED) para um campo e pretende iniciar um teste de longa duração com medição fiscal de óleo e gás. O ponto de medição foi definido e está pronto para inspeção, mas o sistema de medição fiscal ainda não passou pelo fluxo completo de aprovações formais. Qual combinação de marcos regulatórios e técnicos melhor sustenta o início das operações fiscais com controle metrológico adequado?",True,False,True,2,Média
80d9d9002a-f2-d1-r75-q0,Produção e Processo (Medição Fiscal e Sistema de Alívio),"Medição Fiscal de óleo, medição fiscal de gás e transferência de custódia em operações de offloading",Média,0.85,"Um FPSO vai iniciar a produção de um novo campo e a equipe de projeto está fechando o plano de comissionamento do sistema de medição fiscal (óleo e gás). O gerente de operações quer “acelerar” o início, propondo deixar a parte regulatória para depois, já que os instrumentos estão instalados e testados em fábrica. Qual encaminhamento é mais coerente para manter o controle metrológico e a cadeia de rastreabilidade exigida para medição fiscal?",True,True,True,3,Fácil
80d9d9002a-f2-d1-r75-q3,Produção e Processo (Medição Fiscal e Sistema de Alívio),"Medição Fiscal de óleo, medição fiscal de gás e transferência de custódia em operações de offloading",Média,0.89,"Durante a operação, o FPSO identifica aumento de BS&W no óleo antes do tramo de medição fiscal, com tendência de exceder o limite aceito para transferência de custódia. Para preservar a integridade metrológica e evitar transferência fora de especificação pelo ponto fiscal, qual ação é mais adequada?",False,True,True,2,Média
80d9d9002a-f2-d1-r76-q1,Produção e Processo (Medição Fiscal e Sistema de Alívio),"Medição Fiscal de óleo, medição fiscal de gás e transferência de custódia em operações de offloading",Média,0.87,"Um FPSO em fase de projeto precisa definir a tecnologia de medição fiscal de gás natural. A equipe de engenharia avalia que haverá restrição logística para enviar medidores a laboratórios especializados com frequência, e que a regulamentação exige calibrações periódicas com documentação robusta de rastreabilidade metrológica. Qual critério de decisão melhor alinha a seleção tecnológica ao controle metrológico e à manutenção da rastreabilidade?",True,True,True,3,Fácil
80d9d9002a-f2-d1-r76-q2,Produção e Processo (Medição Fiscal e Sistema de Alívio),"Medição Fiscal de óleo, medição fiscal de gás e transferência de custódia em operações de offloading",Média,0.87,"Durante uma descarga, a amostragem/análise indica BS&W acima do limite operacional no ponto de medição fiscal, com risco de produto fora de especificação. Para evitar atraso do navio aliviador, o operador propõe manter a descarga e “ajustar depois”. Qual conduta está mais alinhada às barreiras operacionais e ao gerenciamento formal de desvios na medição fiscal?",False,False,True,1,Difícil
80d9d9002a-f2-d1-r76-q3,Produção e Processo (Medição Fiscal e Sistema de Alívio),"Medição Fiscal de óleo, medição fiscal de gás e transferência de custódia em operações de offloading",Média,0.82,"Em um FPSO, a equipe reavalia o posicionamento do ponto de medição fiscal de óleo após a inclusão de um novo skid de tratamento e de uma linha de recirculação para otimização de qualidade. Para reduzir disputas na transferência de custódia e manter a representatividade do volume fiscal, onde o ponto fiscal tende a ser mais apropriado segundo a filosofia regulatória citada?",True,True,True,3,Fácil
80d9d9002a-f2-d1-r76-q4,Produção e Processo (Medição Fiscal e Sistema de Alívio),"Medição Fiscal de óleo, medição fiscal de gás e transferência de custódia em operações de offloading",Difícil,0.8,"No comissionamento de um novo sistema de medição fiscal em um FPSO, a gerência quer antecipar o início de produção sob argumento de que a instrumentação já foi instalada e testada funcionalmente. Considerando responsabilidades regulatórias e o objetivo de manter controle metrológico completo, qual combinação de aprovações/autorizações é mais consistente para iniciar a utilização do sistema para fins fiscais?",True,False,False,1,Difícil
80d9d9002a-f2-d1-r76-q5,Produção e Processo (Medição Fiscal e Sistema de Alívio),"Medição Fiscal de óleo, medição fiscal de gás e transferência de custódia em operações de offloading",Média,0.88,"Após inspeção interna, identificou-se desvio recorrente na medição fiscal de gás: durante manutenções houve alterações no conjunto primário do tramo (p.ex., itens dimensionais), porém os registros não trazem certificados atualizados com dados dimensionais nem evidências de rastreabilidade a padrões do INMETRO. A operação alega que o computador de vazão (CV) compensa por pressão e temperatura para condições de referência. Qual ação integrada melhor fecha a lacuna de rastreabilidade metrológica e reduz o risco de disputa na transferência de custódia?",True,True,True,3,Fácil
80d9d9002a-f2-d1-r77-q2,Produção e Processo (Medição Fiscal e Sistema de Alívio),"Medição Fiscal de óleo, medição fiscal de gás e transferência de custódia em operações de offloading",Média,0.88,"Durante um offloading, o analisador e o amostrador automático indicam que o óleo no tramo de medição fiscal está fora da especificação de qualidade acordada (ex.: BS&W acima do critério operacional). A tripulação está sob pressão para não perder a janela do navio aliviador. Qual conduta é mais consistente com a prevenção de transferência indevida, a rastreabilidade e a conformidade regulatória?",True,True,True,3,Fácil
80d9d9002a-f2-d1-r77-q3,Produção e Processo (Medição Fiscal e Sistema de Alívio),"Medição Fiscal de óleo, medição fiscal de gás e transferência de custódia em operações de offloading",Média,0.85,"Uma FPSO em área remota precisa definir a tecnologia de medição fiscal de gás. O contrato e a regulamentação exigem calibrações em periodicidade definida e manutenção de evidências documentais de rastreabilidade metrológica (padrões reconhecidos/INMETRO), porém há restrição de infraestrutura e logística para executar serviços de calibração mais complexos. À luz do controle metrológico e da cadeia de rastreabilidade exigida, qual justificativa de escolha está mais alinhada às boas práticas de gestão metrológica?",True,True,True,3,Fácil
80d9d9002a-f2-d1-r77-q4,Produção e Processo (Medição Fiscal e Sistema de Alívio),"Medição Fiscal de óleo, medição fiscal de gás e transferência de custódia em operações de offloading",Difícil,0.88,"Em uma inspeção programada, foi constatado que um medidor usado para medição fiscal operou além da periodicidade de calibração prevista e que ocorreram intervenções de manutenção no tramo de medição nesse intervalo. O volume totalizado desse período já foi utilizado em relatórios e no acerto de transferência de custódia do mês. Qual ação de gerenciamento de desvio melhor preserva o controle metrológico e a rastreabilidade exigidos?",True,False,True,2,Média
80d9d9002a-f2-d1-r78-q0,Produção e Processo (Medição Fiscal e Sistema de Alívio),"Medição Fiscal de óleo, medição fiscal de gás e transferência de custódia em operações de offloading",Fácil,0.89,"Durante uma operação de offloading em um FPSO, a equipe de medição quer reforçar a cadeia de rastreabilidade metrológica associada à transferência de custódia. Entre as ações abaixo, qual é a mais consistente para sustentar essa rastreabilidade em uma eventual auditoria e reduzir discussões sobre a validade do volume totalizado?",True,True,True,3,Fácil
80d9d9002a-f2-d1-r78-q3,Produção e Processo (Medição Fiscal e Sistema de Alívio),"Medição Fiscal de óleo, medição fiscal de gás e transferência de custódia em operações de offloading",Média,0.91,"Durante um offloading, o sistema de detecção indica que o óleo a ser transferido está fora da especificação operacional adotada para BS&W. A equipe considera continuar a transferência e “ajustar depois” via fator de correção interno. Qual decisão tende a estar mais consistente com a lógica de prevenção de transferência indevida e com o gerenciamento de desvios exigido em medição fiscal?",True,False,True,2,Média
80d9d9002a-f3-d1-r79-q0,Produção e Processo (Medição Fiscal e Sistema de Alívio),"Medição Fiscal de óleo, medição fiscal de gás e transferência de custódia em operações de offloading",Fácil,0.85,"Durante a caracterização de um óleo que será transferido em operação de offloading, o laboratório reporta duas leituras de massa específica obtidas em viscosímetro Stabinger. A equipe de medição fiscal quer reduzir a incerteza e garantir que a densidade usada no cálculo de massa seja compatível com a temperatura de referência exigida. Qual conduta é mais coerente com boas práticas para tratamento do dado de densidade antes de usá-lo na transferência de custódia?",True,True,True,3,Fácil
80d9d9002a-f3-d1-r79-q2,Produção e Processo (Medição Fiscal e Sistema de Alívio),"Medição Fiscal de óleo, medição fiscal de gás e transferência de custódia em operações de offloading",Média,0.89,"Durante uma campanha de offloading, a norma requer contabilizar a massa da fase vapor no balanço total de uma esfera. Estão disponíveis: capacidade total pela tabela de arqueação, volume de líquido obtido do nível, pressão manométrica medida no tanque e densidade do líquido já corrigida para a temperatura padrão. Qual procedimento é mais adequado para estimar a massa do vapor e incorporá-la à apuração de custódia?",False,True,True,2,Média
80d9d9002a-f3-d1-r79-q3,Produção e Processo (Medição Fiscal e Sistema de Alívio),"Medição Fiscal de óleo, medição fiscal de gás e transferência de custódia em operações de offloading",Difícil,0.88,"Em uma campanha de ensaios PVT, a pressão de bolha e a solubilidade gás‑líquido obtidas em célula apresentam discrepância relevante frente ao pacote comercial (EoS Peng‑Robinson com translação de volume e kij constante). Qual interpretação é mais adequada para aceitação do dado e possível efeito na transferência de custódia?",True,True,True,3,Fácil
80d9d9002a-f3-d1-r79-q4,Produção e Processo (Medição Fiscal e Sistema de Alívio),"Medição Fiscal de óleo, medição fiscal de gás e transferência de custódia em operações de offloading",Média,0.8,"Em um FPSO, durante o offloading, produz-se uma mistura com fluido sintético à base de éster e metano dissolvido. Em certos regimes de pressão e temperatura, observa-se maior dissolução de gás na fase líquida, com mudança de massa específica e do fator volume de formação. Para mitigar viés na conversão de volume observado para volume padronizado (transferência de custódia), qual argumento melhor justifica validar dados PVT e aplicar com cautela os fatores de correção/tabelas utilizadas?",True,True,True,3,Fácil
80d9d9002a-f3-d1-r79-q5,Produção e Processo (Medição Fiscal e Sistema de Alívio),"Medição Fiscal de óleo, medição fiscal de gás e transferência de custódia em operações de offloading",Fácil,0.89,"Na apuração de massa transferida em offloading, um operador pretende multiplicar o volume corrigido para a temperatura padrão por uma densidade medida em laboratório a uma temperatura diferente da temperatura padrão adotada na custódia. Considerando a necessidade de consistência entre volume e densidade na mesma referência, qual ajuste é mais adequado antes de calcular a massa?",False,True,True,2,Média
80d9d9002a-f3-d1-r80-q0,Produção e Processo (Medição Fiscal e Sistema de Alívio),"Medição Fiscal de óleo, medição fiscal de gás e transferência de custódia em operações de offloading",Média,0.84,"Durante um offloading de óleo em um FPSO, a equipe dispõe das medições de nível inicial e final no tanque, temperatura média do produto, pressão manométrica observada e uma densidade medida em laboratório. Para apurar a massa transferida de forma consistente com uma transferência de custódia, qual encadeamento de cálculo tende a ser o mais adequado?",False,True,False,1,Difícil
80d9d9002a-f3-d1-r80-q3,Produção e Processo (Medição Fiscal e Sistema de Alívio),"Medição Fiscal de óleo, medição fiscal de gás e transferência de custódia em operações de offloading",Difícil,0.84,"Durante o offloading, um FPSO passa a produzir um fluido com componente sintético (base éster) e observa formação de emulsões com metano em condição de pressão mais alta. A equipe nota “inchaço” do líquido (variações do fator volume de formação) e alteração de massa específica. Para reportar volumes na condição padrão e a massa transferida em regime de custódia, qual interpretação orienta melhor o tratamento metrológico desse caso?",True,False,True,2,Média
80d9d9002a-f3-d1-r80-q4,Produção e Processo (Medição Fiscal e Sistema de Alívio),"Medição Fiscal de óleo, medição fiscal de gás e transferência de custódia em operações de offloading",Média,0.89,"Em uma campanha de medição fiscal, a densidade do líquido é medida em viscosímetro Stabinger calibrado, com duas determinações (duplicata) na temperatura de referência do método. Em um lote de amostras, a diferença entre as duas leituras de densidade aumenta em relação ao padrão histórico. Para manter a qualidade do dado usado na conversão para volume/massa em custódia, qual postura é a mais consistente?",True,True,False,2,Média
2f33c757c2-f2-d0-r1-q4,Produção e Processo (Medição Fiscal e Sistema de Alívio),Produtos químicos,Fácil,0.9,"Durante a transferência interna de um solvente para um tanque de preparo, observou-se que a linha flexível usada no bombeio não tinha evidência de aterramento e havia ferramentas comuns sendo usadas para ajustar conexões. A operação ocorre em área com potencial de atmosfera inflamável. Qual conjunto de medidas é mais adequado para reduzir o risco de ignição por fontes eletrostáticas/mecânicas?",True,True,True,3,Fácil
2f33c757c2-f2-d0-r1-q5,Produção e Processo (Medição Fiscal e Sistema de Alívio),Produtos químicos,Média,0.85,"Durante o recolhimento de um derramamento de produto sólido em pó em um corredor de utilidades do FPSO, a equipe quer liberar a passagem rapidamente. Há preocupação com poeira (exposição) e com a possibilidade de reaproveitar material não contaminado. Qual conduta é mais segura e tecnicamente consistente?",True,True,True,3,Fácil
2f33c757c2-f2-d0-r2-q1,Produção e Processo (Medição Fiscal e Sistema de Alívio),Produtos químicos,Média,0.87,"Uma equipe vai iniciar a transferência interna de um solvente inflamável de um IBC para um tanque de serviço, usando mangueiras e bomba portátil em área de processo. O plano atual prevê apenas isolamento de área e acompanhamento por um operador. Considerando os riscos típicos de manuseio e a prevenção de ignição, qual ajuste tende a ser o mais efetivo para reduzir o risco de ignição durante a transferência?",True,False,True,2,Média
2f33c757c2-f2-d0-r2-q3,Produção e Processo (Medição Fiscal e Sistema de Alívio),Produtos químicos,Média,0.76,"Um tanque que armazenou produto inflamável será limpo por entrada de pessoal. O teste de atmosfera indica concentração abaixo de 40% do limite inferior de explosividade, mas há presença de borra no fundo. A equipe propõe liberar a entrada apenas com máscara de ar fresco, sem outra ação. Qual decisão operacional é mais adequada para gerenciar o risco de atmosfera residual associado à borra?",True,True,True,3,Fácil
2f33c757c2-f2-d0-r2-q4,Produção e Processo (Medição Fiscal e Sistema de Alívio),Produtos químicos,Média,0.86,"Durante um descarregamento interno, houve derramamento de um produto sólido em pó no convés. Com o tráfego de pessoas, parte do material passou a se ressuspender, aumentando a exposição por poeira. Qual sequência de ações imediatas melhor atende às boas práticas de controle de poeira e recolhimento do material derramado?",True,True,True,3,Fácil
2f33c757c2-f2-d0-r3-q0,Produção e Processo (Medição Fiscal e Sistema de Alívio),Produtos químicos,Média,0.88,"Em um FPSO, a equipe vai adequar um novo local para armazenar tambores de solventes e aditivos de processo próximos ao paiol químico. O objetivo é reduzir simultaneamente o risco de incêndio e o impacto ambiental em caso de vazamento. Qual arranjo de engenharia tende a atender melhor a esse objetivo?",True,False,True,2,Média
2f33c757c2-f2-d0-r3-q1,Produção e Processo (Medição Fiscal e Sistema de Alívio),Produtos químicos,Média,0.9,"Um tanque de químicos do FPSO foi liberado após ter armazenado um produto reativo e a operação pretende utilizá-lo para receber um novo produto (solvente orgânico). À luz das boas práticas de compatibilização de tanques e das condições de entrada/recebimento, qual ação técnica deve ser concluída antes de autorizar a primeira transferência para esse tanque?",True,True,True,3,Fácil
2f33c757c2-f2-d0-r3-q3,Produção e Processo (Medição Fiscal e Sistema de Alívio),Produtos químicos,Média,0.85,"Em uma área de processo do FPSO há manuseio de produtos que, durante transferência e mistura, podem liberar vapores orgânicos e, em algumas etapas, gerar poeira de sólidos. Para manter as concentrações abaixo dos limites de tolerância e reduzir a dispersão de contaminantes, qual combinação de controles de engenharia é mais adequada?",True,True,True,3,Fácil
2f33c757c2-f2-d0-r3-q4,Produção e Processo (Medição Fiscal e Sistema de Alívio),Produtos químicos,Fácil,0.87,"Na transferência interna de um solvente inflamável entre tambores e um tanque de uso diário no FPSO, a equipe quer reduzir o risco de ignição por eletricidade estática durante a operação. Qual prática tende a ser mais efetiva para esse mecanismo de risco?",True,True,True,3,Fácil
2f33c757c2-f2-d0-r4-q1,Produção e Processo (Medição Fiscal e Sistema de Alívio),Produtos químicos,Fácil,0.9,"Na revisão da logística interna do FPSO, discute-se reduzir o número de locais de estocagem e concentrar reagentes de processo em um único paiol. Entre os itens há um produto orgânico cuja FISPQ indica incompatibilidade com oxidantes fortes e com atmosferas/fornecimento de oxigênio enriquecido. Considerando o cenário de vazamento e contato acidental, qual decisão de compatibilização melhor reduz o risco de reação perigosa?",True,False,True,2,Média
2f33c757c2-f2-d0-r4-q3,Produção e Processo (Medição Fiscal e Sistema de Alívio),Produtos químicos,Média,0.88,"Durante a preparação de um pacote de sólidos para tratamento (ex.: aditivos em pó), observou-se aumento de poeira em suspensão na transferência e na abertura das embalagens, com incômodo respiratório e deposição em estruturas próximas. Qual conjunto de ações tende a atuar melhor na origem (geração e acúmulo de poeira) e a reduzir a exposição ocupacional?",True,True,True,3,Fácil
2f33c757c2-f2-d0-r4-q4,Produção e Processo (Medição Fiscal e Sistema de Alívio),Produtos químicos,Média,0.83,"Durante a limpeza de um tanque que armazenou gasolina etilada, formaram-se borra e sedimentos. Parte do material caiu no piso da área e existe risco de alcançar o sistema de drenagem e o mar. Qual ação é mais adequada, considerando a resposta imediata e a destinação final do resíduo?",True,True,False,2,Média
2f33c757c2-f2-d0-r4-q5,Produção e Processo (Medição Fiscal e Sistema de Alívio),Produtos químicos,Fácil,0.89,"Em um FPSO, um operador vai transferir um solvente de um recipiente para um sistema por meio de mangueiras e conexões metálicas. O local é classificado como área com potencial de vapores inflamáveis. Qual medida é mais adequada para reduzir risco de ignição por eletricidade estática durante a operação?",True,True,True,3,Fácil
2f33c757c2-f2-d0-r5-q0,Produção e Processo (Medição Fiscal e Sistema de Alívio),Produtos químicos,Média,0.93,"Em um FPSO, está sendo preparada uma área para armazenar tambores de produtos químicos usados em processo (solventes, aditivos e reagentes). A área fica próxima a um paiol com materiais diversos e há risco de pequenos vazamentos durante movimentação. Qual arranjo de armazenamento reduz melhor o impacto de vazamentos e o risco de reações perigosas no dia a dia?",True,True,True,3,Fácil
2f33c757c2-f2-d0-r5-q1,Produção e Processo (Medição Fiscal e Sistema de Alívio),Produtos químicos,Média,0.85,"Durante a transferência interna de um solvente do tambor para um tanque de preparo de químicos, a equipe observa que a operação ocorre em área com possíveis fontes de ignição e que a linha flexível e o recipiente podem acumular carga eletrostática. Qual medida operacional atua de forma mais direta como barreira de prevenção de ignição nesse cenário?",True,True,False,2,Média
2f33c757c2-f2-d0-r5-q3,Produção e Processo (Medição Fiscal e Sistema de Alívio),Produtos químicos,Fácil,0.88,"Durante a reposição de um produto químico sólido (em pó) na área de utilidades do FPSO, há queda de material no piso e início de poeira suspensa. Para recolher o derramamento com segurança e minimizar a exposição, qual conduta está mais alinhada às boas práticas para sólidos?",True,True,True,3,Fácil
2f33c757c2-f2-d0-r5-q5,Produção e Processo (Medição Fiscal e Sistema de Alívio),Produtos químicos,Difícil,0.85,"Em uma parada de manutenção de um FPSO, será realizada a limpeza interna de um tanque que armazenou gasolina etilada. A atividade tende a gerar borra/sedimentos e o time de meio ambiente está revisando o plano de resposta a vazamentos, considerando risco de contaminação externa (água/solo). Qual conjunto de medidas melhor combina controle operacional, segurança do trabalho e atendimento ambiental?",True,True,True,3,Fácil
2f33c757c2-f2-d0-r6-q0,Produção e Processo (Medição Fiscal e Sistema de Alívio),Produtos químicos,Média,0.88,"Em um FPSO, a equipe pretende reorganizar o almoxarifado de produtos químicos para reduzir o risco de incêndio e de contaminação por vazamentos. Há a proposta de armazenar solventes e outros químicos em uma mesma área, próxima a materiais de manutenção. Qual arranjo tende a ser mais consistente com boas práticas de armazenamento para esse cenário?",True,True,True,3,Fácil
2f33c757c2-f2-d0-r6-q3,Produção e Processo (Medição Fiscal e Sistema de Alívio),Produtos químicos,Média,0.83,"Em uma área de processo do FPSO, será feita a transferência interna de um solvente por mangote e bomba portátil. O local tem histórico de vapores e há risco de ignição por eletricidade estática. Qual conjunto de medidas tende a atacar melhor as causas do risco nesse tipo de manuseio?",True,True,True,3,Fácil
2f33c757c2-f2-d0-r7-q0,Produção e Processo (Medição Fiscal e Sistema de Alívio),Produtos químicos,Média,0.91,"Em uma verificação de SMS a bordo de um FPSO, identificou-se que o paiol/área de estocagem de produtos químicos está em um convés com revestimento deteriorado e trincas no piso, sem contenção secundária para derrames, e com cilindros de oxigênio armazenados no mesmo espaço destinado à manutenção. A equipe afirma que a situação estaria aceitável porque os tambores permanecem fechados e há extintores nas proximidades. Considerando boas práticas de armazenamento, qual adequação tende a reduzir de forma mais consistente tanto o risco de vazamento quanto o risco de incompatibilidade/ignição?",True,True,True,3,Fácil
2f33c757c2-f2-d0-r7-q5,Produção e Processo (Medição Fiscal e Sistema de Alívio),Produtos químicos,Média,0.87,"Após um vazamento de produto químico líquido na área de manipulação do FPSO, parte do material escoou em direção à drenagem, com potencial de alcançar o mar. A fonte já foi contida e a equipe avalia as próximas ações de recolhimento, destinação e comunicação. Qual sequência está mais alinhada às práticas recomendadas?",True,True,True,3,Fácil
2f33c757c2-f2-d0-r8-q0,Produção e Processo (Medição Fiscal e Sistema de Alívio),Produtos químicos,Média,0.83,"Em um FPSO, será montado um novo ponto de estocagem temporária para tambores de solvente e aditivos. A área escolhida fica próxima a um corredor de passagem e hoje tem piso metálico com grelhas, alguns paletes de madeira e sem contenção. Para reduzir o risco de vazamento e incêndio sem depender apenas de resposta emergencial, qual conjunto de adequações é mais consistente com boas práticas para armazenamento desses produtos?",True,True,True,3,Fácil
2f33c757c2-f2-d0-r8-q2,Produção e Processo (Medição Fiscal e Sistema de Alívio),Produtos químicos,Média,0.85,"Na preparação para inspeção interna de um tanque que armazenou produto volátil, a leitura de inflamabilidade indicou 35% do LIE. Após a abertura, a equipe observa borra no fundo. O supervisor propõe iniciar a entrada usando respirador purificador, por estar “abaixo de 40% do LIE”. Qual conduta é mais consistente com a gestão do risco nesse cenário?",False,False,True,1,Difícil
2f33c757c2-f2-d0-r8-q3,Produção e Processo (Medição Fiscal e Sistema de Alívio),Produtos químicos,Média,0.86,"Na área de dosagem de químicos do FPSO, serão conectadas linhas para transferir solvente para um skid. Em operações anteriores houve relatos de pequenos choques por eletricidade estática e o local tem ventilação limitada. Qual alternativa reúne controles de engenharia e operacionais mais adequados para reduzir, ao mesmo tempo, o risco de ignição e a exposição ocupacional a vapores?",True,True,True,3,Fácil
2f33c757c2-f2-d0-r9-q0,Produção e Processo (Medição Fiscal e Sistema de Alívio),Produtos químicos,Média,0.83,"Durante a preparação de um novo paiol de químicos em um FPSO, a equipe de facilidades precisa decidir quais características são prioritárias para reduzir consequências de vazamentos e incêndio no armazenamento rotineiro. Qual arranjo é mais consistente com boas práticas para a área de armazenamento de produtos químicos?",True,False,True,2,Média
2f33c757c2-f2-d0-r9-q1,Produção e Processo (Medição Fiscal e Sistema de Alívio),Produtos químicos,Média,0.91,"Em um FPSO, foi proposta a consolidação do estoque de um solvente orgânico no mesmo compartimento onde já são armazenados recipientes de peróxido de hidrogênio e cilindros de oxigênio para usos específicos. A justificativa cita ventilação adequada e contenção secundária para os recipientes. Qual avaliação é tecnicamente mais consistente?",False,True,True,2,Média
2f33c757c2-f2-d0-r9-q5,Produção e Processo (Medição Fiscal e Sistema de Alívio),Produtos químicos,Média,0.87,"Durante o transporte/manuseio interno de um produto químico, ocorre um derramamento que alcança um ralo próximo ao bordo, com suspeita de atingir água superficial. Quais ações imediatas e encaminhamento externo melhor se alinham às boas práticas de resposta a emergências e destinação do resíduo?",True,True,True,3,Fácil
2f33c757c2-f2-d0-r10-q0,Produção e Processo (Medição Fiscal e Sistema de Alívio),Produtos químicos,Média,0.81,"Durante a preparação de um novo ponto de estocagem de tambores de solventes no convés do FPSO, a equipe discute o que é mais crítico para reduzir a severidade de um vazamento pequeno que pode passar despercebido no início do turno. Qual combinação de requisitos atende melhor a esse objetivo no local de armazenamento?",True,False,True,2,Média
2f33c757c2-f2-d0-r10-q1,Produção e Processo (Medição Fiscal e Sistema de Alívio),Produtos químicos,Fácil,0.91,"Em um rearranjo de paiol de químicos no FPSO, há pressão para liberar espaço e aproximar áreas de estocagem. Um operador sugere colocar um produto orgânico reativo no mesmo compartimento onde já existem cilindros de oxigênio e caixas de hipoclorito de cálcio, pois “tudo ficará no mesmo local controlado”. Considerando a gestão de incompatibilidades, qual decisão é a mais consistente com boas práticas de segregação?",True,True,True,3,Fácil
2f33c757c2-f2-d0-r10-q5,Produção e Processo (Medição Fiscal e Sistema de Alívio),Produtos químicos,Média,0.87,"Durante a movimentação interna no FPSO ocorre um derramamento de produto químico sólido em pó. A equipe avalia três ações imediatas: varrer a seco, lavar com água levando ao sistema de drenagem, ou aspirar e coletar para descarte. Qual conduta está mais alinhada a uma resposta de emergência que minimize a exposição e mantenha a possibilidade de reuso ou destinação adequada do material?",True,True,True,3,Fácil
2f33c757c2-f2-d0-r11-q0,Produção e Processo (Medição Fiscal e Sistema de Alívio),Produtos químicos,Média,0.81,"Em um FPSO, a área de armazenagem de produtos químicos será realocada para perto do paiol por conveniência logística. O novo local tem bom acesso, porém há pontos do convés com pintura danificada e existem materiais combustíveis (madeiras e panos) armazenados temporariamente. Qual decisão é mais consistente com uma armazenagem que reduza risco de vazamentos e de agravamento de incêndio, independentemente do tipo de produto?",True,True,True,3,Fácil
2f33c757c2-f2-d0-r11-q5,Produção e Processo (Medição Fiscal e Sistema de Alívio),Produtos químicos,Média,0.74,Um tanque que armazenou gasolina etilada será limpo para mudança de serviço. Há pressão para executar rapidamente e a equipe sugere apenas ventilar e medir gases antes de entrar. Qual requisito adicional torna a execução mais consistente com o controle de riscos pessoais e de equipamento nessa condição específica?,True,True,True,3,Fácil
2f33c757c2-f2-d0-r12-q1,Produção e Processo (Medição Fiscal e Sistema de Alívio),Produtos químicos,Média,0.8,"Durante a preparação para limpeza interna de um tanque que armazenou produto químico, a medição de gases indica concentração abaixo de 40% do limite inferior de explosividade (LIE). Na abertura do tanque, observa-se presença de borra aderida e acumulada em pontos baixos. A equipe propõe manter a entrada sem máscara de ar fresco, já que o teste foi satisfatório. Qual decisão é a mais apropriada para controlar o risco de atmosfera residual?",False,True,True,2,Média
2f33c757c2-f2-d0-r12-q2,Produção e Processo (Medição Fiscal e Sistema de Alívio),Produtos químicos,Média,0.9,"Em uma transferência interna de solvente do estoque para um recipiente de uso (recondicionamento após recolhimento de derramamento), a operação ocorrerá em área com potencial de vapores inflamáveis. A equipe debate quais controles são mais relevantes para reduzir o risco de ignição por fontes elétricas e mecânicas durante a movimentação e bombeio. Qual combinação de medidas está mais alinhada com boas práticas para esse tipo de manuseio em FPSO?",True,True,True,3,Fácil
2f33c757c2-f2-d0-r12-q3,Produção e Processo (Medição Fiscal e Sistema de Alívio),Produtos químicos,Média,0.86,"Em uma área de dosagem de produtos químicos no FPSO, há duas frentes de trabalho: (i) preparo de solução que libera vapores e (ii) manuseio de um sólido que pode gerar poeira durante a transferência. A equipe quer definir a estratégia de ventilação mais robusta para manter concentrações abaixo de limites de tolerância ocupacional. Qual proposta é a mais adequada para os dois mecanismos de exposição (vapores e poeira)?",True,True,True,3,Fácil
2f33c757c2-f2-d0-r12-q4,Produção e Processo (Medição Fiscal e Sistema de Alívio),Produtos químicos,Fácil,0.8,"Durante a movimentação interna, um saco de produto sólido se rompe e parte do material se espalha no convés. O time precisa agir rapidamente para reduzir exposição e evitar espalhamento. Considerando resposta a derramamentos e manuseio de sólidos, qual sequência de ação é a mais consistente?",True,True,True,3,Fácil
2f33c757c2-f2-d0-r12-q5,Produção e Processo (Medição Fiscal e Sistema de Alívio),Produtos químicos,Média,0.84,"Durante a parada de manutenção de um FPSO, será realizada a limpeza interna de um tanque que armazenou gasolina etilada. No planejamento surgem dúvidas sobre (i) como liberar a entrada de pessoal com segurança e (ii) como destinar a borra/sedimentos removidos. Qual alternativa descreve o plano de ação mais adequado?",True,True,True,3,Fácil
2f33c757c2-f2-d0-r13-q0,Produção e Processo (Medição Fiscal e Sistema de Alívio),Produtos químicos,Média,0.9,"Um FPSO vai concentrar o estoque de tambores de solvente e aditivo químico em um único paiol. A área disponível fica próxima a um ponto onde também se armazena hipoclorito de cálcio e há circulação frequente de materiais de manutenção. Para reduzir o risco de vazamento e de reação perigosa, qual configuração é mais adequada para esse armazenamento?",True,True,True,3,Fácil
2f33c757c2-f2-d0-r13-q5,Produção e Processo (Medição Fiscal e Sistema de Alívio),Produtos químicos,Média,0.85,"Durante a movimentação interna de um produto sólido em pó, um Big Bag rompe e há derramamento no deck. A equipe precisa decidir como recolher o material com menor risco de exposição e menor geração de poeira, preservando a possibilidade de reuso quando viável. Qual ação é mais adequada?",True,True,True,3,Fácil
2f33c757c2-f2-d0-r14-q0,Produção e Processo (Medição Fiscal e Sistema de Alívio),Produtos químicos,Média,0.89,"Em um FPSO, a equipe vai reorganizar o paiol de produtos químicos para reduzir risco de incêndio e limitar consequências de derramamentos. O estoque inclui tambores de um solvente, um aditivo orgânico e uma quantidade menor de um oxidante forte usado em atividades de limpeza. Qual combinação de arranjo e infraestrutura de armazenamento está mais alinhada com boas práticas para esse cenário?",True,True,True,3,Fácil
2f33c757c2-f2-d0-r14-q1,Produção e Processo (Medição Fiscal e Sistema de Alívio),Produtos químicos,Média,0.8,"Na preparação para limpeza interna de um tanque que irá receber um novo produto químico, a medição atmosférica inicial aponta concentração inferior a 40% do LIE. Na verificação visual, observa-se borra no fundo do tanque. A equipe solicita autorização para entrada com raspagem e limpeza. Qual conduta melhor controla o risco de atmosfera residual e de exposição dos trabalhadores durante a atividade?",False,True,False,1,Difícil
2f33c757c2-f2-d0-r14-q2,Produção e Processo (Medição Fiscal e Sistema de Alívio),Produtos químicos,Média,0.89,"Na área de processo de um FPSO, um operador relata odor forte durante transferência de um solvente para um tanque de serviço em uma região parcialmente confinada. A equipe de HSE quer ajustar o controle de engenharia para reduzir a exposição sem depender apenas de EPI. Qual combinação de medidas de ventilação é a mais coerente com esse objetivo?",True,True,True,3,Fácil
2f33c757c2-f2-d0-r14-q3,Produção e Processo (Medição Fiscal e Sistema de Alívio),Produtos químicos,Fácil,0.84,"Durante o transporte interno de um produto sólido em pó, um saco se rompe e parte do material se espalha no piso do módulo. A prioridade é recolher o produto com segurança e reduzir exposição por poeira. Qual resposta operacional atende melhor a esse cenário?",True,True,True,3,Fácil
2f33c757c2-f2-d0-r14-q4,Produção e Processo (Medição Fiscal e Sistema de Alívio),Produtos químicos,Média,0.89,"Em uma atividade de dosagem de aditivo inflamável a partir de uma linha flexível para um vaso de mistura, ocorreram pequenos choques por eletricidade estática em intervenções anteriores. A liderança quer reduzir a probabilidade de ignição sem alterar a química do processo. Qual conjunto de ações é mais apropriado?",True,True,True,3,Fácil
2f33c757c2-f2-d0-r15-q0,Produção e Processo (Medição Fiscal e Sistema de Alívio),Produtos químicos,Média,0.88,"Em um FPSO, será feito o armazenamento temporário de tambores de solvente inflamável para uma campanha de manutenção. Duas áreas de convés estão disponíveis. Área 1: ventilação natural, piso metálico com pontos de corrosão e proximidade de pallets de madeira e material de isolamento. Área 2: piso impermeável, sem materiais combustíveis ao redor e com dique/bacia de contenção para reter vazamentos; porém requer sinalização e segregação para não ficar próxima de oxidantes utilizados na unidade. Qual escolha está mais alinhada às boas práticas de armazenamento a bordo?",True,True,True,3,Fácil
2f33c757c2-f2-d0-r15-q4,Produção e Processo (Medição Fiscal e Sistema de Alívio),Produtos químicos,Média,0.82,"Durante o manuseio de um produto químico no FPSO ocorre um vazamento; parte escoa para uma canaleta de drenagem e há suspeita de atingir água superficial próxima (ex.: operação em área abrigada/porto). Além de conter e recolher o derramamento, qual encaminhamento está mais alinhado ao plano de emergência e à destinação de resíduos?",True,True,True,3,Fácil
2f33c757c2-f2-d0-r16-q0,Produção e Processo (Medição Fiscal e Sistema de Alívio),Produtos químicos,Média,0.92,Um FPSO vai receber um lote de tambores de solvente para limpeza e manutenção. A área proposta para estocagem fica próxima a um paiol de materiais diversos e tem drenagem para um sump. A equipe quer reduzir o risco de incêndio e a consequência de vazamentos por medidas de engenharia. Qual arranjo de armazenamento é mais consistente com boas práticas para esse tipo de produto?,True,True,True,3,Fácil
2f33c757c2-f2-d0-r16-q1,Produção e Processo (Medição Fiscal e Sistema de Alívio),Produtos químicos,Média,0.92,"Durante a preparação de uma solução com solvente em um compartimento fechado do FPSO, a equipe percebe odor forte e relatos de irritação, apesar de haver ventilação geral do ambiente. A atividade envolve abertura frequente de recipientes e transferência manual. Qual combinação de controles tende a ser a mais eficaz para reduzir a exposição, mantendo a operação dentro de limites aceitáveis?",True,True,True,3,Fácil
2f33c757c2-f2-d0-r16-q2,Produção e Processo (Medição Fiscal e Sistema de Alívio),Produtos químicos,Média,0.9,"Antes de receber um novo produto químico em um tanque do FPSO, a operação sugere aproveitar um tanque anteriormente usado para outro insumo, pois há demanda imediata. O comissionamento precisa decidir como reduzir o risco de reação indesejada e de incidente durante o recebimento. Qual sequência de decisão é a mais adequada?",True,True,True,3,Fácil
2f33c757c2-f2-d0-r16-q5,Produção e Processo (Medição Fiscal e Sistema de Alívio),Produtos químicos,Média,0.79,"Durante uma parada programada no FPSO, será feita a limpeza de um tanque que armazenou gasolina etilada. A equipe sugere encaminhar a borra e os sedimentos para o sistema regular de slops, junto com outros resíduos oleosos. Considerando conformidade ambiental e segurança, qual encaminhamento é o mais adequado?",True,True,True,3,Fácil
2f33c757c2-f3-d0-r17-q0,Produção e Processo (Medição Fiscal e Sistema de Alívio),Produtos químicos,Média,0.86,"Em um FPSO, está sendo avaliada uma regra automática de ajuste de dosagem de um químico que influencia a dinâmica do tambor de flash. A operação deseja uma única métrica numérica para comparar, ao longo do tempo, o desempenho simultâneo de nível e pressão em relação aos respectivos set points, de forma objetiva entre diferentes estratégias. Qual indicador é mais adequado, de acordo com o esquema de avaliação descrito?",False,True,True,2,Média
2f33c757c2-f3-d0-r17-q3,Produção e Processo (Medição Fiscal e Sistema de Alívio),Produtos químicos,Média,0.89,"Após introduzir uma mudança de dosagem, o time observa que o nível do tambor de flash segue o set point com boa resposta, mas a pressão apresenta erro acumulado maior no índice de desempenho. As variáveis manipuladas não atingiram saturação nem foram limitadas por incrementos. Dentro da lógica de um controlador com custo quadrático ponderado, qual ajuste de sintonia é mais consistente para aumentar a prioridade de manutenção da pressão, sem alterar diretamente os limites físicos das atuações?",True,True,True,3,Fácil
2f33c757c2-f3-d0-r17-q4,Produção e Processo (Medição Fiscal e Sistema de Alívio),Produtos químicos,Média,0.87,"Durante um teste de robustez no tambor de flash, uma perturbação na vazão de entrada provoca movimentos muito rápidos na variável manipulada (dosagem), embora nível e pressão voltem aos set points em tempo aceitável. A operação deseja diminuir a “energia”/agressividade dos movimentos de dosagem, preservando o máximo possível a capacidade de rejeitar a perturbação e retornar aos set points. Considerando os parâmetros de sintonia citados (pesos nas variáveis controladas, termo de supressão R e limites de atuação), qual ajuste vai mais ao encontro desse objetivo?",True,True,False,2,Média
2f33c757c2-f3-d0-r17-q5,Produção e Processo (Medição Fiscal e Sistema de Alívio),Produtos químicos,Média,0.83,"A equipe precisa comparar duas estratégias de dosagem de químicos que afetam simultaneamente nível e pressão em um vaso. Para decidir qual estratégia é “melhor” em desempenho agregado, deseja-se um indicador que: (i) combine as duas variáveis em uma única métrica; (ii) permita comparação apesar de faixas/unidades físicas distintas; e (iii) evidencie quando limites de atuação das variáveis manipuladas impedem a recuperação após perturbações. Qual abordagem atende melhor a esses três pontos?",True,True,False,2,Média
2f33c757c2-f3-d0-r18-q0,Produção e Processo (Medição Fiscal e Sistema de Alívio),Produtos químicos,Média,0.9,"Em um FPSO, a equipe compara duas políticas de dosagem de um químico que afeta a dinâmica do tambor de flash e, indiretamente, as malhas de nível e pressão. Como as respostas têm durações e amplitudes diferentes, deseja-se uma métrica única para decidir qual política mantém a operação mais próxima dos alvos. Considerando boas práticas de avaliação de desempenho em controle multivariável, qual métrica é mais adequada para essa comparação?",True,True,True,3,Fácil
2f33c757c2-f3-d0-r18-q1,Produção e Processo (Medição Fiscal e Sistema de Alívio),Produtos químicos,Fácil,0.92,"Durante o monitoramento da eficácia de um químico via indicadores operacionais, um engenheiro quer combinar em um único índice os desvios de pressão e nível do tambor de flash. A pressão tem faixa numérica muito maior do que a do nível. Qual é o principal motivo técnico para normalizar as variáveis antes de compor um índice de desempenho multivariável?",True,True,True,3,Fácil
2f33c757c2-f3-d0-r18-q2,Produção e Processo (Medição Fiscal e Sistema de Alívio),Produtos químicos,Média,0.78,"Uma regra automática de ajuste de dosagem de um químico foi implementada porque, durante transientes de processo, o tambor de flash apresentava desvios simultâneos de nível e pressão. Para verificar se a nova regra melhora a resposta dinâmica (e não apenas o comportamento em regime), qual protocolo de teste tende a trazer a evidência mais útil para comparação entre a regra antiga e a nova?",False,True,True,2,Média
2f33c757c2-f3-d0-r18-q3,Produção e Processo (Medição Fiscal e Sistema de Alívio),Produtos químicos,Média,0.88,"Em um cenário de ajuste de dosagem que influencia as malhas do tambor de flash, a operação está mais sensível a excursões de pressão do que a pequenas variações de nível, mas sem aceitar movimentos muito bruscos nas variáveis manipuladas associadas à dosagem. Considerando uma lógica de controle por otimização com função custo quadrática e restrições, qual ajuste de sintonia tende a refletir melhor essa prioridade operacional?",True,False,True,2,Média
2f33c757c2-f3-d0-r18-q5,Produção e Processo (Medição Fiscal e Sistema de Alívio),Produtos químicos,Média,0.86,"Após uma perturbação de carga (degrau de aumento na vazão de entrada) no tambor de flash, a equipe acompanha um índice de desempenho calculado separadamente para nível e para pressão (erro normalizado em relação ao set point) para decidir sobre ajuste de dosagem de um químico e/ou prioridades de controle. Qual interpretação é a mais consistente para orientar a ação?",True,True,True,3,Fácil
2f33c757c2-f3-d0-r19-q0,Produção e Processo (Medição Fiscal e Sistema de Alívio),Produtos químicos,Média,0.87,"Em um FPSO, a dosagem de antiespumante é uma alavanca operacional para estabilizar um tambor de flash, mitigando arraste que se manifesta em desvios de nível e pressão. A equipe vai comparar duas políticas de dosagem (A e B) na mesma janela, com variações de carga e mudanças de set point. Qual indicador tende a fornecer uma comparação mais consistente do desempenho global, quando o objetivo é manter nível e pressão próximos dos set points?",False,False,True,1,Difícil
2f33c757c2-f3-d0-r19-q2,Produção e Processo (Medição Fiscal e Sistema de Alívio),Produtos químicos,Média,0.85,"Em uma campanha de otimização de dosagem em um FPSO, deseja-se testar se o esquema de controle/dosagem consegue trazer o tambor de flash aos set points de nível e pressão quando o teste começa com o processo ainda se recuperando de uma perturbação (mudança de carga, retorno de parada). Qual justificativa técnica melhor sustenta um protocolo que aplica degraus simultâneos de set point logo no início, mesmo sem aguardar estado estacionário?",True,True,True,3,Fácil
2f33c757c2-f3-d0-r19-q3,Produção e Processo (Medição Fiscal e Sistema de Alívio),Produtos químicos,Média,0.88,"Após uma perturbação na vazão de entrada do tambor de flash, observa-se que a variável manipulada de dosagem de químico fica por longos intervalos saturada (no máximo ou no mínimo) e, ainda assim, os índices de desempenho (ID) de nível e/ou pressão permanecem altos. Qual interpretação e encaminhamento é mais coerente ao analisar simultaneamente ID e restrições de atuação?",True,True,True,3,Fácil
2f33c757c2-f3-d0-r19-q5,Produção e Processo (Medição Fiscal e Sistema de Alívio),Produtos químicos,Média,0.85,"Para embasar ajustes de dosagem de um químico que afeta a estabilidade do tambor de flash, a equipe planeja aplicar um ensaio de perturbação (degrau/variação na vazão de entrada) e comparar a resposta do sistema sob duas sintonias/políticas. Considerando simultaneamente o desempenho de controle (nível e pressão) e as limitações de atuação da dosagem (saturação e limites de incremento), qual conjunto de evidências tende a sustentar melhor a decisão?",True,True,True,3,Fácil
2f33c757c2-f3-d0-r20-q1,Produção e Processo (Medição Fiscal e Sistema de Alívio),Produtos químicos,Média,0.87,"Após adotar uma nova estratégia de ajuste de dosagem, a pressão do tambor de flash passou a oscilar menos, porém durante transientes o controlador frequentemente satura as variáveis manipuladas. Em um controle multivariável, como interpretar esse cenário e que ajuste faz mais sentido para acompanhar e melhorar a eficácia operacional?",True,True,True,3,Fácil
2f33c757c2-f3-d0-r20-q2,Produção e Processo (Medição Fiscal e Sistema de Alívio),Produtos químicos,Fácil,0.83,"Uma equipe está montando um índice agregado, calculado a cada semana, para acompanhar se ajustes de dosagem estão ajudando a manter nível e pressão próximos de seus respectivos set points. Nos primeiros testes, a parcela associada à pressão passou a dominar o valor do índice, tornando difícil perceber melhorias (ou pioras) no nível. Qual ajuste metodológico tende a atacar diretamente essa causa, preservando a ideia de um índice agregado comparável ao longo do tempo?",True,False,True,2,Média
2f33c757c2-f3-d0-r20-q4,Produção e Processo (Medição Fiscal e Sistema de Alívio),Produtos químicos,Média,0.89,"Durante a comparação de duas sintonias para suportar uma política de dosagem, a Sintonia 1 apresenta menor índice de desempenho agregado (ID) para pressão e nível, mas exige variações mais bruscas nas entradas manipuladas; a Sintonia 2 tem ID um pouco maior, mas com movimentos mais suaves e menor risco de atingir limites. Considerando os parâmetros típicos do controlador e seus trade-offs, qual ajuste tende a mover a Sintonia 1 na direção do comportamento da Sintonia 2 sem abandonar o controle multivariável?",True,True,True,3,Fácil
2f33c757c2-f3-d0-r21-q0,Produção e Processo (Medição Fiscal e Sistema de Alívio),Produtos químicos,Média,0.88,"Em um FPSO, a equipe deseja verificar se uma alteração na dosagem de antiespumante melhora a estabilidade de um tambor de flash (nível e pressão) de forma objetiva, comparando “antes vs. depois” mesmo sob condições operacionais diferentes. Em um arcabouço de avaliação de desempenho de controle, qual indicador é mais adequado para essa comparação?",False,False,True,1,Difícil
2f33c757c2-f3-d0-r21-q2,Produção e Processo (Medição Fiscal e Sistema de Alívio),Produtos químicos,Média,0.82,"Após trocar o fornecedor de um inibidor (mantendo a mesma faixa de dosagem), a equipe quer validar se o ajuste automático de dosagem permanece robusto quando o processo está fora de regime e sujeito a variações de carga. Qual plano de teste gera evidências mais úteis para comparar estratégias de controle/dosagem usando métricas objetivas de desempenho?",True,True,True,3,Fácil
2f33c757c2-f3-d0-r21-q4,Produção e Processo (Medição Fiscal e Sistema de Alívio),Produtos químicos,Média,0.86,"Uma equipe está comparando duas políticas de ajuste de dosagem (A e B) para um tambor de flash. Em testes equivalentes, A apresentou menor índice de desempenho para pressão e maior para nível; B apresentou o oposto. O time de segurança deseja reduzir a probabilidade de desvios de pressão mesmo que isso implique piora moderada no controle de nível. Qual decisão e ação de engenharia são mais coerentes com o uso de um controlador multivariável com pesos no custo?",True,True,True,3,Fácil
2f33c757c2-f3-d0-r22-q0,Produção e Processo (Medição Fiscal e Sistema de Alívio),Produtos químicos,Média,0.86,"Em um FPSO, a dosagem de antiespumante foi automatizada e passou a afetar indiretamente o controle de nível e pressão em um tambor de flash. A equipe quer um único indicador para comparar, de forma objetiva, duas políticas de dosagem sob diferentes perturbações operacionais. Qual abordagem é mais consistente para essa comparação?",False,True,True,2,Média
2f33c757c2-f3-d0-r22-q1,Produção e Processo (Medição Fiscal e Sistema de Alívio),Produtos químicos,Média,0.68,"Após uma perturbação de carga (aumento da vazão de entrada do tambor de flash), a pressão permanece com desvio persistente apesar do set point não ter mudado. Suspeita-se que a alavanca manipulada ligada à dosagem tenha esbarrado em limites operacionais, impedindo a recuperação. Qual evidência operacional é mais compatível com essa hipótese?",True,True,True,3,Fácil
2f33c757c2-f3-d0-r22-q2,Produção e Processo (Medição Fiscal e Sistema de Alívio),Produtos químicos,Média,0.81,"Uma unidade está ajustando a dosagem (variável manipulada) que afeta nível e pressão no tambor de flash. O objetivo é aumentar a prioridade de manter a pressão no set point, mas sem tornar a dosagem excessivamente agressiva (evitando variações bruscas). Qual combinação de ajustes na estrutura de controle é mais coerente com esse objetivo?",True,True,True,3,Fácil
2f33c757c2-f3-d0-r23-q0,Produção e Processo (Medição Fiscal e Sistema de Alívio),Produtos químicos,Média,0.85,"Em um FPSO, a equipe está comparando duas políticas de dosagem de um produto químico que afeta indiretamente a estabilidade operacional de um tambor de flash (via dinâmica de nível e pressão). Para decidir qual política é “mais eficaz” de forma objetiva, o time quer um indicador único que penalize desvios e permita comparação mesmo quando as variáveis têm naturezas e faixas distintas. Qual definição de indicador é a mais adequada para essa finalidade?",True,True,True,3,Fácil
2f33c757c2-f3-d0-r23-q1,Produção e Processo (Medição Fiscal e Sistema de Alívio),Produtos químicos,Fácil,0.85,"Durante a implantação de um painel de monitoramento da eficácia de químicos com base em variáveis de processo, o time pretende comparar o desempenho de controle de nível (m) e pressão (Pa) usando um mesmo indicador agregado de erro. Ao testar o cálculo, a pressão domina o índice e “mascara” o comportamento do nível, apesar de ambos estarem operacionalmente relevantes. Qual ajuste de metodologia tende a corrigir esse problema sem alterar a física do processo?",True,True,True,3,Fácil
2f33c757c2-f3-d0-r23-q2,Produção e Processo (Medição Fiscal e Sistema de Alívio),Produtos químicos,Média,0.85,"Ao ajustar a dosagem de um químico sob uma estratégia de controle multivariável no tambor de flash, a equipe decide aumentar o peso associado à pressão no custo quadrático, mantendo os demais parâmetros. Em operação, observa-se maior agressividade na ação das variáveis manipuladas e ocorrência mais frequente de aproximação dos limites de atuação. Qual interpretação e direção de ajuste são mais coerentes com esse comportamento?",False,True,True,2,Média
2f33c757c2-f3-d0-r23-q5,Produção e Processo (Medição Fiscal e Sistema de Alívio),Produtos químicos,Média,0.87,"Em um FPSO, a equipe deseja sair de uma avaliação indireta da eficácia de produtos químicos (inferida por métricas de desempenho de controle de nível/pressão, como índices de erro normalizados) e implantar um protocolo completo de monitoramento de eficácia no processo. Considerando o que tipicamente não é coberto quando se acompanha apenas indicadores de controle, qual conjunto de elementos adicionais é mais necessário para fechar o ciclo de monitoramento da eficácia química?",True,True,True,3,Fácil
2f33c757c2-f3-d0-r24-q0,Produção e Processo (Medição Fiscal e Sistema de Alívio),Produtos químicos,Média,0.88,"Em um FPSO, duas políticas de dosagem de um produto químico afetam a resposta dinâmica de um tambor de flash: em uma, a pressão varia pouco e o nível demora a acomodar; na outra, ocorre o inverso. Como nível e pressão têm faixas e unidades diferentes, a equipe quer uma única métrica de comparação que não seja dominada pela variável de maior magnitude. Qual abordagem atende melhor a esse objetivo?",False,True,True,2,Média
2f33c757c2-f3-d0-r24-q1,Produção e Processo (Medição Fiscal e Sistema de Alívio),Produtos químicos,Média,0.9,"Após um ajuste na dosagem vinculada ao controle de nível e pressão do tambor de flash, observa-se que, sob perturbações de carga, o controlador reage de forma agressiva, a variável manipulada de dosagem encosta com frequência em limites e o erro em relação aos set points permanece alto por bastante tempo. Para diferenciar “baixa eficácia do químico” de “restrição de atuação”, qual evidência operacional é mais diretamente útil?",True,True,True,3,Fácil
2f33c757c2-f3-d0-r24-q2,Produção e Processo (Medição Fiscal e Sistema de Alívio),Produtos químicos,Difícil,0.77,"Uma equipe quer validar uma regra de ajuste de dosagem (com limites de variação por ciclo) que opera acoplada ao controlador multivariável do tambor de flash. O objetivo é verificar o desempenho quando o processo ainda está em regime transitório e sujeito a variações de carga, situação típica em manobras de produção no FPSO. Qual plano de teste atende melhor a essa validação?",True,True,True,3,Fácil
2f33c757c2-f3-d0-r24-q3,Produção e Processo (Medição Fiscal e Sistema de Alívio),Produtos químicos,Média,0.87,"No tambor de flash de um FPSO, o time decidiu que, em certas janelas operacionais, preservar a pressão próxima ao set point tem prioridade sobre minimizar desvios de nível, porque a pressão está mais diretamente ligada a restrições de alívio e estabilidade do sistema. Considerando um controlador com custo quadrático e pesos para nível (Q) e pressão (Qs), qual ajuste tende a refletir essa priorização de forma mais direta, mantendo a lógica de comparar desempenhos por índices normalizados?",True,True,True,3,Fácil
2f33c757c2-f3-d0-r24-q4,Produção e Processo (Medição Fiscal e Sistema de Alívio),Produtos químicos,Difícil,0.85,"Duas sintonias de um controlador (e, portanto, duas políticas de dosagem via variáveis manipuladas) foram avaliadas sob a mesma perturbação de vazão de entrada. Na Sintonia A, o índice de desempenho (ID) de pressão diminuiu e o ID de nível aumentou; na Sintonia B ocorreu o inverso. Não houve violação de limites de segurança, porém em A as variáveis manipuladas operaram mais próximas de seus limites (max u/min u). Qual interpretação embasa melhor a escolha entre as sintonias para apoiar o ajuste de dosagem?",False,True,True,2,Média
2f33c757c2-f3-d0-r25-q0,Produção e Processo (Medição Fiscal e Sistema de Alívio),Produtos químicos,Média,0.87,"Em um FPSO, a equipe compara duas políticas de dosagem de um químico que afeta indiretamente a operação de um tambor de flash. As variáveis acompanhadas são nível e pressão. Para decidir qual política mantém melhor essas variáveis próximas aos set points ao longo do tempo, sem deixar que diferenças de escala/unidade façam uma variável dominar a outra, qual indicador é mais apropriado?",False,True,True,2,Média
2f33c757c2-f3-d0-r25-q1,Produção e Processo (Medição Fiscal e Sistema de Alívio),Produtos químicos,Fácil,0.88,"Durante a implantação de um indicador para monitorar a eficácia operacional de uma estratégia de dosagem (avaliada por desempenho de controle), a equipe decide normalizar a variável de pressão antes de calcular o índice de desempenho do tambor de flash. Qual motivação técnica sustenta melhor essa decisão?",True,True,True,3,Fácil
2f33c757c2-f3-d0-r25-q4,Produção e Processo (Medição Fiscal e Sistema de Alívio),Produtos químicos,Difícil,0.87,"Em uma campanha no tambor de flash do FPSO, a equipe suspeita de perda de eficácia de um químico (e.g., por mudança de qualidade do fluido) porque, após perturbações de carga, a pressão se afasta do set point e o sistema de alívio está próximo de atuar. O controlador multivariável permite ajustar pesos entre nível e pressão e também impõe limites de atuação e de Δu nas entradas (dosagens). Qual decisão de ajuste é mais consistente com reduzir risco associado à pressão, sem ignorar limitações físicas da dosagem?",True,True,True,3,Fácil
2f33c757c2-f3-d0-r26-q0,Produção e Processo (Medição Fiscal e Sistema de Alívio),Produtos químicos,Média,0.9,"Em um FPSO, a dosagem de um produto químico associada ao tambor de flash é ajustada para mitigar instabilidades percebidas sobretudo como afastamentos do nível e da pressão em relação às suas referências operacionais. A equipe deseja uma única métrica numérica para comparar, ao longo do tempo, duas políticas de ajuste de dosagem, garantindo que a variável com maior escala não domine o resultado. Qual opção atende melhor a esse objetivo?",False,True,True,2,Média
2f33c757c2-f3-d0-r26-q1,Produção e Processo (Medição Fiscal e Sistema de Alívio),Produtos químicos,Fácil,0.88,"Durante a implantação de um método para monitorar a eficácia de ajustes de dosagem que afetam o controle do tambor de flash, a equipe percebe que o cálculo do desempenho combina desvios de nível e pressão, que têm faixas físicas distintas. Qual justificativa técnica melhor sustenta a normalização da pressão antes de compor um índice de desempenho com as demais variáveis?",True,True,True,3,Fácil
2f33c757c2-f3-d0-r26-q2,Produção e Processo (Medição Fiscal e Sistema de Alívio),Produtos químicos,Média,0.88,"Em testes de ajuste de dosagem associados às variáveis manipuladas de um controlador multivariável do tambor de flash, uma nova sintonia reduziu o índice de desempenho (ID) de pressão e nível, mas surgiram saturações frequentes das entradas e incrementos de atuação (Δu) próximos do limite. Qual interpretação é mais consistente com o significado do ID e com as restrições de atuação?",True,True,True,3,Fácil
2f33c757c2-f3-d0-r26-q3,Produção e Processo (Medição Fiscal e Sistema de Alívio),Produtos químicos,Difícil,0.78,"Ao avaliar a eficácia de uma política de ajuste de dosagem que afeta simultaneamente nível e pressão em um tambor de flash, a operação quer um teste que reflita condições realistas, com transientes e variações de carga. Qual protocolo tende a gerar evidência mais robusta do efeito da política de dosagem no desempenho do controle?",True,True,True,3,Fácil
2f33c757c2-f3-d0-r26-q4,Produção e Processo (Medição Fiscal e Sistema de Alívio),Produtos químicos,Média,0.9,"Em um FPSO, a dosagem de um químico foi integrada como variável manipulada do controlador multivariável do tambor de flash. A prioridade operacional é reduzir desvios de pressão (por risco de alívio e impacto em malhas a jusante), mas a equipe também quer evitar variações bruscas de dosagem por limites de operação e confiabilidade do sistema de injeção. Qual combinação de ajustes de sintonia é mais alinhada a esse trade-off dentro do arcabouço descrito?",True,True,False,2,Média
2f33c757c2-f5-d0-r27-q0,Produção e Processo (Medição Fiscal e Sistema de Alívio),Produtos químicos,Média,0.85,"Durante a preparação de água para reinjeção em um FPSO, foram observados sinais de corrosão acelerada em trechos a jusante do sistema de tratamento, apesar do controle de óleo em água estar dentro da meta. A equipe suspeita que o potencial corrosivo esteja associado a gases dissolvidos. Qual ajuste de estratégia tende a atuar mais diretamente na causa provável antes da água seguir para a rede de reinjeção?",True,True,True,3,Fácil
2f33c757c2-f5-d0-r27-q1,Produção e Processo (Medição Fiscal e Sistema de Alívio),Produtos químicos,Média,0.86,"A água produzida efluente dos separadores/tratador está com desempenho conforme o esperado na remoção primária, porém o analisador de óleo-em-água imediatamente antes do ponto de descarte (overboard) ainda indica valor acima do limite ambiental. Considerando um arranjo típico em FPSO, qual encadeamento de etapas a jusante é mais consistente para reduzir o teor de óleo até a especificação de descarte?",True,False,False,1,Difícil
2f33c757c2-f5-d0-r27-q2,Produção e Processo (Medição Fiscal e Sistema de Alívio),Produtos químicos,Difícil,0.79,"Durante o inverno, um FPSO passou a observar tendência de formação de hidratos na linha/malha de exportação de gás durante paradas e partidas, aumentando o risco operacional. Já há injeção de MEG, porém a planta de regeneração opera próxima do limite e o reabastecimento offshore tem alto custo. Qual linha de decisão representa melhor um balanceamento técnico‑econômico para reduzir o risco de hidratos?",True,True,True,3,Fácil
2f33c757c2-f5-d0-r27-q3,Produção e Processo (Medição Fiscal e Sistema de Alívio),Produtos químicos,Média,0.79,"Durante uma campanha com elevado retorno de MEG contaminado, houve aumento de incrustação e instabilidade na remoção de água, com indícios de arraste de sais para equipamentos a jusante. Considerando um esquema típico de regeneração (separação trifásica do retorno, seguida de um estágio de flash operando a vácuo com contato com MEG recirculado e aquecido, e envio do vapor/condensado para uma coluna de destilação), qual etapa está mais diretamente ligada à precipitação e retenção física dos sais, de modo que sua perda de desempenho pode resultar no arraste observado?",True,True,True,3,Fácil
2f33c757c2-f5-d0-r28-q0,Produção e Processo (Medição Fiscal e Sistema de Alívio),Produtos químicos,Média,0.89,"Em um FPSO, a água destinada à reinjeção começou a apresentar aumento de taxa de corrosão em trechos a jusante do tratamento, apesar de a remoção de óleo estar estável. A análise indica maior presença de oxigênio dissolvido e tendência a crescimento microbiológico no sistema de reinjeção. Considerando os pontos de dosagem e a função dos químicos, qual ajuste tende a atacar a causa mais provável nesse cenário?",True,False,True,2,Média
2f33c757c2-f5-d0-r28-q2,Produção e Processo (Medição Fiscal e Sistema de Alívio),Produtos químicos,Média,0.86,"Na operação, a água efluente dos separadores e tratadores segue para hidrociclones e atinge teor de óleo compatível com a capacidade desse estágio, mas ainda acima do limite de descarte ao mar. A equipe precisa decidir qual ajuste de processo é mais aderente ao esquema típico de tratamento para atingir o limite legal, sem alterar o trem de separação primária. Qual opção tende a ser a mais adequada?",True,True,True,3,Fácil
2f33c757c2-f5-d0-r28-q3,Produção e Processo (Medição Fiscal e Sistema de Alívio),Produtos químicos,Difícil,0.87,"Em uma linha de exportação de gás que já apresentou episódios de baixa temperatura durante transientes, considera-se aumentar a dosagem/concentração de MEG como inibidor de hidratos. Porém, há impactos potenciais na capacidade de regeneração/reciclo do glicol e na logística de recomposição de químico a bordo. Qual opção expressa melhor o ponto técnico central desse balanço antes de elevar a dosagem?",True,True,True,3,Fácil
2f33c757c2-f5-d0-r28-q5,Produção e Processo (Medição Fiscal e Sistema de Alívio),Produtos químicos,Média,0.79,"Após ajustes no trem de compressão e desidratação, foram identificados indícios de corrosão interna no header de exportação de gás. A equipe pretende melhorar a efetividade do inibidor de corrosão para gás sem gerar perdas por remoção/arraste em etapas anteriores. Entre os pontos de injeção citados para o tratamento de gás, qual tende a ser a escolha mais consistente com esse objetivo?",True,True,True,3,Fácil
2f33c757c2-f5-d0-r29-q0,Produção e Processo (Medição Fiscal e Sistema de Alívio),Produtos químicos,Média,0.9,"Em um FPSO, a taxa de falhas por corrosão em trechos da rede de reinjeção de água aumentou após uma campanha de manutenção em que o sistema de tratamento foi reconfigurado. A amostragem indica presença de oxigênio dissolvido acima do esperado e sinais de atividade microbiológica. Qual ajuste de esquema de dosagem tende a atacar de forma mais direta as duas causas prováveis antes da água seguir para etapas subsequentes e para reinjeção?",True,True,True,3,Fácil
2f33c757c2-f5-d0-r29-q1,Produção e Processo (Medição Fiscal e Sistema de Alívio),Produtos químicos,Média,0.88,"Com o aumento do teor de óleo na água produzida que sai dos tratadores, o efluente após os hidrociclones passou a ficar acima do limite regulatório para descarte ao mar (overboard). A unidade precisa recuperar margem de remoção de óleo antes do ponto de descarga, sem modificar o arranjo básico de separação a montante. Qual ação operacional/processual é a mais coerente para voltar à conformidade ambiental?",True,False,True,2,Média
2f33c757c2-f5-d0-r29-q2,Produção e Processo (Medição Fiscal e Sistema de Alívio),Produtos químicos,Média,0.88,"Uma equipe de projeto recebeu a premissa de que a água de mar para injeção deve ter baixo teor de sulfato para mitigar riscos de incrustação/compatibilidade de reservatório. Para evitar CAPEX, propõe-se “aproveitar” o sistema de regeneração de MEG como solução de remoção de sulfato, argumentando que ele já faz remoção de sais por precipitação e separação. Qual avaliação técnica é mais consistente com a função e o escopo típicos desse sistema?",False,True,True,2,Média
2f33c757c2-f5-d0-r29-q5,Produção e Processo (Medição Fiscal e Sistema de Alívio),Produtos químicos,Média,0.85,"Na regeneração de MEG, observou-se aumento do consumo de MEG na injeção para controle de hidratos, acompanhado de piora da qualidade do MEG reciclado (maior teor de água e maior tendência a carregar contaminantes). Considerando o fluxo geral de regeneração descrito (separação trifásica, flash sob vácuo com recirculo de MEG quente, destilação e precipitação/separação de sais), qual diagnóstico/intervenção é mais diretamente direcionado ao mecanismo que remove água do MEG para permitir reciclo eficiente?",True,False,True,2,Média
2f33c757c2-f5-d0-r30-q0,Produção e Processo (Medição Fiscal e Sistema de Alívio),Produtos químicos,Média,0.88,"Em uma campanha de reinjeção de água produzida no FPSO, os indicadores de corrosão na rede de reinjeção pioraram apesar de o teor de óleo na água estar dentro do especificado após separação e remoção de óleo. A análise de causa aponta aumento de oxigênio dissolvido na água antes da bomba de reinjeção. Qual ajuste de esquema operacional é mais coerente para reduzir o potencial corrosivo antes da reinjeção?",True,True,True,3,Fácil
2f33c757c2-f5-d0-r30-q1,Produção e Processo (Medição Fiscal e Sistema de Alívio),Produtos químicos,Fácil,0.91,"Em operação normal de uma FPSO, a água produzida sai dos separadores/tratadores e é encaminhada aos hidrociclones. Mesmo com o ajuste de vazão e diferencial de pressão dos hidrociclones, o teor de óleo na água permanece acima do limite ambiental de descarte (embora menor do que na saída dos separadores). Considerando a necessidade de atender ao limite legal antes do overboard, qual etapa de polimento a jusante dos hidrociclones tende a ser a mais indicada para reduzir o óleo remanescente?",False,True,True,2,Média
2f33c757c2-f5-d0-r30-q2,Produção e Processo (Medição Fiscal e Sistema de Alívio),Produtos químicos,Difícil,0.86,"Na revisão da estratégia de prevenção de hidratos em uma malha de gás que atende exportação e gas lift, com pontos de injeção distribuídos, a equipe compara: (i) elevar a dosagem/concentração de MEG em trechos críticos e (ii) reduzir a dependência de químico com isolamento/aquecimento local. Qual argumento melhor justifica a necessidade de balancear as duas abordagens?",True,True,True,3,Fácil
2f33c757c2-f5-d0-r30-q3,Produção e Processo (Medição Fiscal e Sistema de Alívio),Produtos químicos,Média,0.76,"Em uma planta de regeneração de MEG, a equipe observa tendência de aumento de sólidos/sais no circuito e discute onde concentrar esforços de controle operacional. Considerando o fluxo típico em que o retorno de MEG contaminado passa por separação trifásica e por um vaso flash sob vácuo, com uma corrente de topo seguindo para destilação, qual interpretação é mais consistente para orientar o foco do controle de sais?",True,True,False,2,Média
2f33c757c2-f5-d0-r30-q4,Produção e Processo (Medição Fiscal e Sistema de Alívio),Produtos químicos,Média,0.86,"Mesmo com o ponto de orvalho do gás de exportação atendendo à especificação após a compressão, surgem indícios de corrosão em trechos a jusante. Considera-se que H2S residual, associado a condições de escoamento, esteja contribuindo para o problema em linhas de exportação e de gas lift. Qual arranjo de dosagem de químicos é mais consistente com uma filosofia de condicionamento que una desidratação e mitigação de H2S/corrosão exatamente nos pontos críticos do sistema?",True,True,True,3,Fácil
2f33c757c2-f5-d0-r31-q0,Produção e Processo (Medição Fiscal e Sistema de Alívio),Produtos químicos,Média,0.89,"Em um FPSO, a água destinada à reinjeção apresentou aumento de corrosão em trechos a jusante do vaso de tratamento, e a investigação apontou presença de oxigênio dissolvido e atividade microbiológica. Considerando os pontos típicos de aplicação de químicos no condicionamento de água, qual ação é mais coerente para reduzir o potencial corrosivo antes das etapas subsequentes e da reinjeção?",True,True,True,3,Fácil
2f33c757c2-f5-d0-r31-q1,Produção e Processo (Medição Fiscal e Sistema de Alívio),Produtos químicos,Média,0.84,"Após uma mudança no perfil de produção, a água separada nos tratadores passou a apresentar maior tendência à formação de emulsão e aumento de deposição em trechos de água. A equipe pretende ajustar o programa de químicos, mantendo o foco em condicionamento da água ainda na etapa de separação. Qual combinação de medidas e pontos de dosagem está mais alinhada a esse objetivo?",True,False,True,2,Média
2f33c757c2-f5-d0-r31-q2,Produção e Processo (Medição Fiscal e Sistema de Alívio),Produtos químicos,Fácil,0.89,"A água efluente do tratamento primário de água produzida segue para hidrociclones e atinge um teor de óleo adequado para a maioria das rotas internas, mas ainda acima do limite regulatório para descarte ao mar. A unidade está avaliando o que fazer com esse efluente quando a alternativa é descarte (overboard) em vez de reinjeção. Qual lógica de decisão é mais consistente com o esquema típico de tratamento descrito?",True,True,False,2,Média
2f33c757c2-f5-d0-r31-q5,Produção e Processo (Medição Fiscal e Sistema de Alívio),Produtos químicos,Média,0.82,"Durante o planejamento de uma campanha para mitigar incrustação ligada a sulfatos em um sistema offshore, foi sugerido que o arranjo de “remoção de sais” existente na regeneração de MEG poderia ser usado como justificativa de que já há um processo equivalente de remoção seletiva de sulfato aplicável ao condicionamento de água do mar para injeção. Qual alternativa expressa a avaliação técnica mais consistente ao distinguir esses dois contextos de processo?",True,True,True,3,Fácil
2f33c757c2-f5-d0-r32-q0,Produção e Processo (Medição Fiscal e Sistema de Alívio),Produtos químicos,Média,0.82,"Em um FPSO, a água destinada à reinjeção começa a apresentar aumento de corrosão em trechos a jusante do sistema de tratamento, associado a maior oxigênio dissolvido e indícios de atividade microbiológica. Considerando boas práticas de condicionamento antes da reinjeção, qual combinação de tratamento no desaerador tende a endereçar de forma mais direta as duas causas prováveis?",True,False,True,2,Média
2f33c757c2-f5-d0-r32-q1,Produção e Processo (Medição Fiscal e Sistema de Alívio),Produtos químicos,Média,0.85,"Durante uma campanha de estabilização de operação, a água efluente dos separadores e tratadores passa pelos hidrociclones, mas a medição de óleo na água ainda oscila acima do limite de descarte ao mar. Qual ajuste de esquema de tratamento tende a ser o mais coerente para atingir o requisito ambiental, sem depender apenas de ajustes finos de dosagem química?",True,True,True,3,Fácil
2f33c757c2-f5-d0-r32-q2,Produção e Processo (Medição Fiscal e Sistema de Alívio),Produtos químicos,Difícil,0.82,"Em um FPSO com exportação de gás, a equipe define uma estratégia de mitigação de hidratos combinando: (i) remoção de umidade do gás na etapa de condicionamento e (ii) dosagem de inibidor em locais com maior risco (poços, gas lift, manifold/linhas de exportação e gasoduto). Considerando integridade, CAPEX/OPEX e que a logística e o reciclo/regeneração do inibidor influenciam o custo operacional, qual proposta tende a ser mais equilibrada ao longo do tempo?",True,True,True,3,Fácil
2f33c757c2-f5-d0-r32-q3,Produção e Processo (Medição Fiscal e Sistema de Alívio),Produtos químicos,Média,0.84,"Um FPSO planeja reduzir o consumo de MEG novo implementando regeneração do MEG de retorno (contendo água, gás dissolvido, hidrocarbonetos e sais). Qual encadeamento de operações representa de forma mais consistente como a regeneração viabiliza o reciclo e, ao mesmo tempo, lida com a contaminação por sais?",True,False,True,2,Média
2f33c757c2-f5-d0-r33-q2,Produção e Processo (Medição Fiscal e Sistema de Alívio),Produtos químicos,Média,0.87,"No sistema de tratamento de água produzida para descarte ao mar em uma unidade offshore, a corrente já passa por separadores/tratadores e por hidrociclones, porém ainda requer uma etapa de “polimento” para assegurar conformidade com o limite legal de óleo em água imediatamente antes do overboard. Qual sequência de etapas melhor representa o arranjo típico para remoção do óleo remanescente?",True,False,True,2,Média
2f33c757c2-f5-d0-r33-q4,Produção e Processo (Medição Fiscal e Sistema de Alívio),Produtos químicos,Média,0.84,"Em um FPSO com uso intensivo de MEG para inibição de hidratos, a equipe deseja entender por que a planta de regeneração reduz descarte e custo operacional, mesmo com contaminação por água, gás dissolvido, hidrocarbonetos e sais. Considerando o fluxo geral descrito para regeneração de MEG, qual explicação é mais coerente?",True,True,True,3,Fácil
2f33c757c2-f5-d0-r34-q0,Produção e Processo (Medição Fiscal e Sistema de Alívio),Produtos químicos,Média,0.91,"Em um FPSO com sistema de reinjeção de água, a equipe de integridade observa aumento de taxa de corrosão em trechos a jusante do tratamento de água, mesmo com o teor de óleo já controlado. Ao revisar o esquema de dosagem, o objetivo imediato é reduzir o potencial corrosivo associado a gases dissolvidos antes do bombeio de reinjeção. Qual ponto de tratamento e pacote químico são mais coerentes com esse objetivo?",False,True,True,2,Média
2f33c757c2-f5-d0-r34-q1,Produção e Processo (Medição Fiscal e Sistema de Alívio),Produtos químicos,Fácil,0.89,"A água produzida de um FPSO passa por separadores e tratadores e segue para hidrociclones, mas o monitoramento ainda indica óleo em água acima do limite de descarte ao mar. Mantida a mesma vazão e características do fluido, qual ajuste de processo tende a ser o próximo passo mais consistente para atingir a conformidade ambiental?",True,True,False,2,Média
2f33c757c2-f5-d0-r34-q2,Produção e Processo (Medição Fiscal e Sistema de Alívio),Produtos químicos,Média,0.81,"Após uma campanha de produção, a unidade registra instabilidade operacional: aumento de espuma em cabeçalhos, piora na separação óleo/água e tendência de incrustação em linhas associadas à água separada. O supervisor quer revisar o mapa de pontos de dosagem para atacar as causas prováveis em cada trecho do processo. Qual combinação de dosagens por ponto de processo é a mais consistente com boas práticas para esse cenário?",False,False,False,0,Difícil
2f33c757c2-f5-d0-r34-q3,Produção e Processo (Medição Fiscal e Sistema de Alívio),Produtos químicos,Média,0.88,"Uma equipe está definindo a estratégia de prevenção de hidratos em uma malha que inclui poços, gas lift e uma linha de exportação de gás. Existem duas frentes possíveis: intensificar a inibição química (por exemplo, com MEG em pontos críticos) ou reduzir o risco por medidas térmicas/isolamento e menor dependência de químico. Qual critério de decisão é mais consistente para escolher a estratégia e a concentração de inibidor?",True,True,True,3,Fácil
2f33c757c2-f5-d0-r34-q5,Produção e Processo (Medição Fiscal e Sistema de Alívio),Produtos químicos,Difícil,0.77,"Em uma planta de regeneração de MEG em FPSO observa-se instabilidade: aumento de sólidos, maior arraste para etapas a jusante e impacto no reciclo, elevando descarte. A corrente de retorno contém MEG contaminado, água, gás dissolvido e hidrocarbonetos. Qual ajuste operacional é mais coerente com a lógica de regeneração para reduzir descarte e proteger as etapas de remoção de água?",True,False,False,1,Difícil
2f33c757c2-f5-d0-r35-q0,Produção e Processo (Medição Fiscal e Sistema de Alívio),Produtos químicos,Média,0.82,"Em um FPSO, a água destinada à reinjeção está apresentando aumento de corrosão em trechos a jusante do sistema de tratamento, apesar de o teor de óleo estar sob controle. A equipe avalia os pontos de dosagem de químicos e decide reforçar o tratamento no desaerador. Qual combinação de objetivo e química aplicada no desaerador é mais coerente para reduzir o potencial corrosivo antes da reinjeção?",False,True,True,2,Média
2f33c757c2-f5-d0-r35-q2,Produção e Processo (Medição Fiscal e Sistema de Alívio),Produtos químicos,Média,0.86,"Uma campanha de reinjeção de água produzida apresentou variabilidade de desempenho: em alguns dias, há maior tendência à formação de emulsão e, em outros, aumento de incrustação em linhas e equipamentos. A coordenação de processos precisa ajustar a estratégia de dosagem de desemulsificante (emulsão invertida) e inibidor de incrustação. Qual critério de ajuste é mais consistente com uma abordagem técnica robusta de seleção e dosagem desses químicos?",True,True,True,3,Fácil
2f33c757c2-f5-d0-r35-q3,Produção e Processo (Medição Fiscal e Sistema de Alívio),Produtos químicos,Média,0.84,"Após um aumento de produção, a planta passou a operar mais próxima da região de formação de hidratos em trechos a jusante da compressão de gás. A equipe discute duas ações: intensificar apenas a injeção de MEG como inibidor de hidratos ou reforçar a desidratação com TEG e manter injeções químicas nos pontos críticos. Qual justificativa sustenta melhor a segunda estratégia (TEG + injeções distribuídas) para o gás exportado e para o gás destinado a gas lift/combustível?",True,True,True,3,Fácil
2f33c757c2-f5-d0-r35-q4,Produção e Processo (Medição Fiscal e Sistema de Alívio),Produtos químicos,Difícil,0.76,"Em uma unidade com regeneração de MEG, foi observada elevação de sólidos em suspensão e tendência a deposição em equipamentos da seção de regeneração, coincidindo com aumento de contaminantes na corrente de retorno (MEG + água + gás dissolvido + hidrocarbonetos). Considerando o mecanismo descrito para regeneração, em que ponto do processo a precipitação de sais é mais esperada e qual lógica operacional explica esse comportamento?",True,True,True,3,Fácil
2f33c757c2-f5-d0-r35-q5,Produção e Processo (Medição Fiscal e Sistema de Alívio),Produtos químicos,Média,0.89,"Uma equipe sugere mitigar incrustação/souring ligados a sulfatos na água do mar de injeção aproveitando a planta existente de regeneração de MEG, citando que nela há “remoção de sais” por precipitação e separação (ex.: vaso flash sob vácuo). Qual avaliação técnica melhor orienta a decisão sobre atender ao condicionamento/especificação da água para reinjeção?",True,True,True,3,Fácil
2f33c757c2-f5-d0-r36-q0,Produção e Processo (Medição Fiscal e Sistema de Alívio),Produtos químicos,Média,0.85,"Em um FPSO, a taxa de corrosão e a presença de bactérias em ramais da rede de reinjeção de água aumentaram após mudanças de campanha (maior tempo de residência e mais recirculação). A equipe suspeita que o condicionamento para reduzir o potencial corrosivo antes da reinjeção não está ocorrendo no ponto mais efetivo do processo. Considerando o esquema típico de tratamento descrito, qual combinação de químicos e ponto de aplicação melhor endereça simultaneamente risco microbiológico e oxigênio dissolvido antes da reinjeção?",True,True,True,3,Fácil
2f33c757c2-f5-d0-r36-q1,Produção e Processo (Medição Fiscal e Sistema de Alívio),Produtos químicos,Média,0.9,"A corrente de água produzida enviada para descarte vem saindo dos hidrociclones com concentração de óleo abaixo da meta interna de operação, porém ainda acima do limite regulatório para lançamento ao mar. A equipe busca uma medida de processo que faça o “polimento” do óleo disperso remanescente imediatamente antes da linha de overboard, sem mudar os critérios aplicados às correntes de reinjeção. Qual etapa adicional é a mais compatível com esse arranjo?",True,True,False,2,Média
2f33c757c2-f5-d0-r36-q2,Produção e Processo (Medição Fiscal e Sistema de Alívio),Produtos químicos,Média,0.84,"Durante a otimização do tratamento químico, surgiu uma discussão sobre onde concentrar a dosagem de inibidores para reduzir perdas de performance no separador e problemas de deposição na água separada que seguirá para reinjeção. Considerando os pontos de dosagem e a lógica de condicionamento descritos, qual estratégia tende a ser mais consistente com o papel de cada químico no trem de separação?",True,True,True,3,Fácil
2f33c757c2-f5-d0-r37-q0,Produção e Processo (Medição Fiscal e Sistema de Alívio),Produtos químicos,Média,0.88,"Em um FPSO, a água separada nos tratadores está sendo destinada à reinjeção. Nas últimas semanas, houve aumento de indícios de corrosão na rede de reinjeção e as análises apontaram oxigênio dissolvido acima do esperado a montante das bombas de reinjeção. Considerando um esquema típico de condicionamento descrito para esse tipo de sistema, qual ação tende a atacar a causa mais provável do aumento do potencial corrosivo antes da reinjeção?",True,False,False,1,Difícil
2f33c757c2-f5-d0-r37-q1,Produção e Processo (Medição Fiscal e Sistema de Alívio),Produtos químicos,Fácil,0.91,"Durante uma campanha de otimização ambiental, a água produzida destinada a descarte ao mar vem saindo dos hidrociclones com teor de óleo abaixo do valor típico de entrada, porém ainda acima do limite legal de descarte. Mantidas as condições de operação dos separadores, qual arranjo de processo é o mais coerente para reduzir o óleo residual e atender ao limite de descarga?",True,True,True,3,Fácil
2f33c757c2-f5-d0-r37-q3,Produção e Processo (Medição Fiscal e Sistema de Alívio),Produtos químicos,Difícil,0.76,"Em um FPSO, identificou-se propensão à formação de hidratos durante a exportação de gás em cenários de baixa temperatura, principalmente em segmentos onde pode haver acúmulo/holdup de líquidos. A unidade conta com uma torre de desidratação por absorção com trietilenoglicol (TEG) a jusante da compressão e, adicionalmente, com pontos de injeção de monoetilenoglicol (MEG) em trechos selecionados, com unidade de regeneração para reciclo. Qual arranjo operacional combinado é mais consistente para reduzir o risco de hidratos a jusante, em linha com boas práticas de condicionamento de gás?",True,True,True,3,Fácil
2f33c757c2-f5-d0-r38-q0,Produção e Processo (Medição Fiscal e Sistema de Alívio),Produtos químicos,Média,0.85,"Em um FPSO com sistema de reinjeção de água, a equipe de integridade observou aumento de corrosão em trechos a jusante do tratamento de água, mesmo com o controle de óleo em água dentro do esperado. Considerando o esquema típico de pontos de dosagem, qual ajuste de tratamento é mais coerente para reduzir o potencial corrosivo antes do envio à reinjeção?",False,False,True,1,Difícil
2f33c757c2-f5-d0-r38-q1,Produção e Processo (Medição Fiscal e Sistema de Alívio),Produtos químicos,Média,0.91,"Em uma campanha de melhoria do tratamento de água produzida para descarte ao mar, a medição de óleo em água a jusante dos hidrociclones ainda permanece acima do valor regulatório, embora tenha havido queda significativa quando comparada à saída dos separadores/tratadores. Considerando o que normalmente se adota antes do ponto de overboard, qual ação de processo é a mais adequada para cumprir o limite ambiental?",True,False,True,2,Média
2f33c757c2-f5-d0-r38-q2,Produção e Processo (Medição Fiscal e Sistema de Alívio),Produtos químicos,Média,0.86,"Um FPSO opera com exportação de gás e registra eventos de queda de temperatura em trechos a jusante da compressão, aumentando o risco de hidratos. A operação avalia duas ações: (i) reduzir umidade do gás e (ii) inibir a formação de hidratos em pontos críticos do sistema. Qual combinação de estratégia e etapa de processo está mais consistente com esse objetivo?",True,True,False,2,Média
2f33c757c2-f5-d0-r38-q4,Produção e Processo (Medição Fiscal e Sistema de Alívio),Produtos químicos,Difícil,0.87,"Em um sistema offshore que utiliza MEG para mitigação de hidratos, a operação está limitada pela capacidade e pela logística de regeneração/reciclo do glicol. Ao mesmo tempo, a análise termodinâmica aponta risco de hidratos durante transientes (por exemplo, resfriamento na exportação e no gas lift). Qual decisão operacional melhor representa o trade-off entre redução de risco e restrições de regeneração?",True,True,True,3,Fácil
2f33c757c2-f5-d0-r39-q0,Produção e Processo (Medição Fiscal e Sistema de Alívio),Produtos químicos,Média,0.83,"Em um FPSO, a água destinada à reinjeção começou a apresentar aumento de taxa de corrosão em trechos a jusante do tratamento, sem mudança relevante no teor de óleo. A equipe suspeita que gases dissolvidos e atividade microbiológica estejam contribuindo para o potencial corrosivo. Qual combinação de tratamento químico e ponto de aplicação é a mais consistente para mitigar esse mecanismo antes da reinjeção?",True,True,True,3,Fácil
2f33c757c2-f5-d0-r39-q1,Produção e Processo (Medição Fiscal e Sistema de Alívio),Produtos químicos,Média,0.91,"A unidade opera em regime estável. A água produzida já passa por separadores/tratadores e, em seguida, por hidrociclones; ainda assim, o teor de óleo na água permanece acima do limite ambiental exigido para descarte ao mar (overboard). Considerando a lógica típica do trem de tratamento de água produzida, qual ajuste de processo é o mais consistente para cumprir o limite legal sem interromper o descarte?",True,True,True,3,Fácil
2f33c757c2-f5-d0-r39-q4,Produção e Processo (Medição Fiscal e Sistema de Alívio),Produtos químicos,Difícil,0.87,"Em uma FPSO, a linha de exportação e trechos de gas lift operam em faixa de pressão/temperatura com risco de formação de hidratos em alguns regimes. A equipe avalia aumentar a dosagem de MEG/outros inibidores ou adotar medidas térmicas/isolamento para reduzir o consumo de químicos. Qual alternativa melhor representa o trade-off operacional esperado?",True,True,True,3,Fácil
2f33c757c2-f5-d0-r40-q0,Produção e Processo (Medição Fiscal e Sistema de Alívio),Produtos químicos,Média,0.87,"Em um FPSO com reinjeção de água, foram observados aumento de taxa de corrosão e presença de oxigênio dissolvido acima do esperado na água destinada à reinjeção, embora o controle de teor de óleo esteja dentro da faixa operacional. Considerando os pontos típicos de tratamento químico e o objetivo de reduzir o potencial corrosivo antes da reinjeção, qual ajuste tende a ser mais consistente?",True,True,True,3,Fácil
2f33c757c2-f5-d0-r40-q1,Produção e Processo (Medição Fiscal e Sistema de Alívio),Produtos químicos,Média,0.89,"Em uma auditoria ambiental, verificou-se que a corrente de água produzida após a etapa de hidrociclones teve queda relevante no teor de óleo, porém ainda permanece acima da especificação para descarte ao mar. Considerando que a rota de overboard será mantida e que não se deseja modificar a filosofia de separação a montante, qual ajuste de arranjo de processo é o mais indicado para atingir a conformidade?",False,True,True,2,Média
2f33c757c2-f5-d0-r40-q2,Produção e Processo (Medição Fiscal e Sistema de Alívio),Produtos químicos,Difícil,0.85,"Em uma linha de exportação de gás foram observados episódios intermitentes de hidratos em baixa temperatura, embora a unidade de secagem por TEG esteja em serviço. Discute-se entre aumentar a inibição com MEG, atacar primeiro possíveis perdas de desempenho na depuração/remoção de líquidos e na desidratação associadas ao trem de compressão, ou priorizar ações térmicas para reduzir consumo de químico. Considerando a função do TEG (remoção de água), o papel do MEG (inibição por concentração) e o impacto de custo/logística/regeneração do glicol, qual encaminhamento é mais robusto?",False,True,False,1,Difícil
2f33c757c2-f5-d0-r40-q4,Produção e Processo (Medição Fiscal e Sistema de Alívio),Produtos químicos,Média,0.86,"Em uma revisão da filosofia de injeção química, sugeriu-se transferir a dosagem de sequestrante de H2S para o desaerador (para “centralizar” o tratamento) e retirar essa aplicação dos separadores/tratador de óleo. Considerando a finalidade típica de cada ponto de tratamento e os aditivos usualmente aplicados, qual opção é mais consistente?",False,True,True,2,Média
2f33c757c2-f5-d0-r41-q0,Produção e Processo (Medição Fiscal e Sistema de Alívio),Produtos químicos,Média,0.88,"Em um FPSO, a taxa de corrosão medida em spool pieces da rede de água para reinjeção aumentou após uma parada em que houve entrada de ar no sistema. A operação quer priorizar um ajuste de tratamento químico com maior probabilidade de reduzir rapidamente o potencial corrosivo antes da reinjeção. Qual intervenção está mais alinhada com o esquema operacional descrito?",True,True,True,3,Fácil
2f33c757c2-f5-d0-r41-q1,Produção e Processo (Medição Fiscal e Sistema de Alívio),Produtos químicos,Média,0.89,"Após uma intervenção nos tratadores, a água produzida destinada ao descarte ao mar (overboard) ainda deixa os hidrociclones com teor de óleo acima do limite ambiental. Mantendo o mesmo arranjo de separação primária, qual etapa complementar costuma ser aplicada para reduzir o óleo remanescente e atender à especificação de descarga?",False,True,False,1,Difícil
2f33c757c2-f5-d0-r41-q4,Produção e Processo (Medição Fiscal e Sistema de Alívio),Produtos químicos,Média,0.85,"Durante a partida de um trem de compressão, houve carry-over de líquidos e instabilidade de operação. A equipe também reporta preocupação com hidratos e corrosão a jusante, no sistema de exportação. Com base no arranjo descrito para tratamento de gás, qual combinação de medidas é mais coerente para endereçar esses riscos no encadeamento típico do processo?",True,False,False,1,Difícil
2f33c757c2-f5-d0-r41-q5,Produção e Processo (Medição Fiscal e Sistema de Alívio),Produtos químicos,Média,0.89,"Durante uma revisão de integridade da rede de injeção de água do mar, discutiu-se a necessidade de reduzir o teor de sulfato para mitigar incrustação. Um analista argumentou que a etapa de “remoção de sais” mencionada no processo de regeneração de MEG serviria como evidência de que a unidade já dispõe de um esquema equivalente de remoção seletiva de sulfato aplicado à água do mar destinada à injeção. Com base apenas nas informações fornecidas, qual avaliação é a mais defensável?",False,False,True,1,Difícil
2f33c757c2-f5-d0-r42-q1,Produção e Processo (Medição Fiscal e Sistema de Alívio),Produtos químicos,Média,0.88,"Uma linha de exportação de gás apresenta episódios recorrentes de tendência à formação de hidratos em partidas e após períodos de baixa vazão. O time considera aumentar a dosagem de MEG para mitigar o risco, mas há preocupação com impacto em logística e na unidade de regeneração. Qual análise operacional melhor equilibra as variáveis críticas para decidir entre aumentar a inibição química e reforçar medidas térmicas/isolamento?",True,True,True,3,Fácil
2f33c757c2-f5-d0-r42-q2,Produção e Processo (Medição Fiscal e Sistema de Alívio),Produtos químicos,Média,0.76,"Em uma planta de regeneração de MEG no arranjo PureMEG, observou-se aumento de sólidos e depósitos associados a sais. A equipe quer localizar o ponto do processo em que a separação de sais é efetivamente promovida para minimizar descarte e viabilizar o reciclo do MEG. Em qual etapa essa remoção é tratada de forma mais direta, e qual é o mecanismo predominante?",True,True,True,3,Fácil
2f33c757c2-f5-d0-r42-q3,Produção e Processo (Medição Fiscal e Sistema de Alívio),Produtos químicos,Fácil,0.91,"Durante uma campanha de integridade, foram detectados indícios de corrosão acelerada em parte da rede de reinjeção de água. A amostragem indica oxigênio residual acima do desejado após o tratamento. Considerando o papel do desaerador no esquema de tratamento, qual ação tende a atacar a causa mais provável com maior efetividade?",True,True,False,2,Média
2f33c757c2-f5-d0-r43-q0,Produção e Processo (Medição Fiscal e Sistema de Alívio),Produtos químicos,Média,0.88,"Após alguns meses de operação, o FPSO observa aumento de corrosão interna e presença de pites em trechos da rede de reinjeção de água, apesar de o controle de óleo na água estar dentro da especificação. A investigação aponta oxigênio dissolvido acima do esperado a montante das bombas de reinjeção. Qual ajuste tende a atacar de forma mais direta o mecanismo que explica esse quadro?",True,True,True,3,Fácil
2f33c757c2-f5-d0-r43-q1,Produção e Processo (Medição Fiscal e Sistema de Alívio),Produtos químicos,Fácil,0.89,"Em um FPSO, a água produzida destinada ao descarte ao mar está saindo da etapa de separação por hidrociclones com teor de óleo já melhor que o desempenho típico de projeto dessa unidade, porém ainda acima do limite legal de descarga. Considerando o encadeamento usual de remoção de óleo em água antes do overboard, qual medida operacional/arranjo é mais coerente para atingir a especificação ambiental?",True,True,True,3,Fácil
2f33c757c2-f5-d0-r43-q2,Produção e Processo (Medição Fiscal e Sistema de Alívio),Produtos químicos,Média,0.83,"Durante a preparação para reinjeção de água (seja água produzida ou água de mar tratada), a operação quer reduzir simultaneamente risco microbiológico e potencial corrosivo antes da rede de reinjeção. Pelo esquema típico de pontos de dosagem e funções dos químicos, qual combinação de tratamento e local tende a ser a mais consistente com esse objetivo?",False,True,True,2,Média
2f33c757c2-f5-d0-r44-q0,Produção e Processo (Medição Fiscal e Sistema de Alívio),Produtos químicos,Média,0.88,"Em um FPSO, a água produzida separada nos tratadores segue para polimento (hidrociclones e flotador) e, antes das bombas de reinjeção, passa por uma etapa dedicada de remoção de gases. A equipe observa corrosão crescente em trechos a jusante e levanta a hipótese de oxigênio dissolvido residual na água de reinjeção. Considerando esse esquema, qual estratégia de dosagem é mais coerente para minimizar o potencial corrosivo associado ao O2 antes de a água entrar na rede de reinjeção?",True,True,True,3,Fácil
2f33c757c2-f5-d0-r44-q1,Produção e Processo (Medição Fiscal e Sistema de Alívio),Produtos químicos,Fácil,0.91,"Na operação do FPSO, a água produzida que sai dos separadores/tratadores já passa pela etapa de hidrociclones, porém o monitoramento de óleo na água (OiW) ainda permanece acima da especificação ambiental para descarte ao mar. Considerando o arranjo típico de tratamento de água produzida, qual ação de processo é a mais indicada para reduzir o OiW a um patamar de conformidade antes da linha de descarga?",False,True,True,2,Média
2f33c757c2-f5-d0-r44-q3,Produção e Processo (Medição Fiscal e Sistema de Alívio),Produtos químicos,Média,0.82,"Uma FPSO está revisando a filosofia de dosagem química para tratar correntes de água produzida destinadas à reinjeção. O objetivo é cobrir os principais riscos citados (emulsão/incrustação, atividade microbiológica e oxigênio dissolvido) sem deslocar indevidamente pontos de injeção. Qual arranjo de pontos e produtos melhor se alinha ao esquema descrito?",True,True,True,3,Fácil
2f33c757c2-f5-d0-r44-q5,Produção e Processo (Medição Fiscal e Sistema de Alívio),Produtos químicos,Média,0.84,"Na unidade de regeneração de MEG, a corrente de retorno chega com maior contaminação por sais do que o previsto. O time de operação discute onde a precipitação/segregação de sais tende a ocorrer e qual implicação operacional isso traz. De acordo com o fluxo geral do processo descrito, qual interpretação é mais consistente?",False,True,True,2,Média
2f33c757c2-f5-d0-r45-q0,Produção e Processo (Medição Fiscal e Sistema de Alívio),Produtos químicos,Média,0.86,"Em um FPSO, a água destinada à reinjeção começou a apresentar aumento de corrosão em trechos a jusante do tratamento, apesar de o teor de óleo estar controlado. A equipe suspeita de oxigênio dissolvido e quer reposicionar/ajustar pontos de dosagem. Qual arranjo de tratamento e ponto de aplicação é mais coerente com um esquema de condicionamento para reduzir potencial corrosivo antes da reinjeção?",True,True,True,3,Fácil
2f33c757c2-f5-d0-r45-q1,Produção e Processo (Medição Fiscal e Sistema de Alívio),Produtos químicos,Fácil,0.9,"A água produzida já foi encaminhada aos hidrociclones, porém o óleo em água medido a jusante ainda está acima do limite ambiental para descarte ao mar (overboard). Considerando o esquema usual de tratamento de água produzida em FPSO, qual deve ser o próximo encaminhamento de processo para reduzir o óleo remanescente antes da descarga?",True,True,True,3,Fácil
2f33c757c2-f5-d0-r45-q2,Produção e Processo (Medição Fiscal e Sistema de Alívio),Produtos químicos,Média,0.87,"Durante a revisão anual do programa químico, foi sugerido padronizar as dosagens de inibidores e biocidas em função apenas da vazão (mg/L fixo), buscando simplificar a logística e reduzir variações operacionais. À luz de boas práticas de ajuste de dosagem para água produzida e/ou água de reinjeção, qual crítica técnica é mais consistente?",True,True,True,3,Fácil
2f33c757c2-f5-d0-r45-q3,Produção e Processo (Medição Fiscal e Sistema de Alívio),Produtos químicos,Média,0.89,"Com a queda de temperatura durante uma frente fria, foi emitido alerta de formação de hidratos em trechos ligados à exportação de gás e ao gas lift. A equipe quer uma mitigação que não dependa de um único ponto e que esteja coerente com o condicionamento do gás (incluindo desidratação). Qual estratégia de aplicação melhor atende a esse objetivo?",True,True,True,3,Fácil
2f33c757c2-f5-d0-r46-q0,Produção e Processo (Medição Fiscal e Sistema de Alívio),Produtos químicos,Média,0.83,"Em um FPSO, a água separada nos tratadores está sendo direcionada para reinjeção e foi observado aumento de taxa de corrosão em trechos a jusante do tratamento de água, apesar de o teor de óleo em água estar sob controle. A equipe suspeita que o problema esteja relacionado ao potencial corrosivo por gases dissolvidos e quer priorizar uma ação química/operacional de maior impacto antes de ajustar dosagens de outros aditivos. Qual medida é mais coerente com esse diagnóstico?",True,False,False,1,Difícil
2f33c757c2-f5-d0-r46-q1,Produção e Processo (Medição Fiscal e Sistema de Alívio),Produtos químicos,Média,0.9,"Durante uma campanha de operação estável, a água produzida passa pelos hidrociclones, mas o teor de óleo na saída ainda não atende ao limite de descarte ao mar exigido, embora esteja significativamente menor do que na saída dos separadores/tratadores. Considerando o encadeamento típico das etapas, qual ajuste de esquema tende a ser o mais eficaz para atingir a conformidade ambiental?",False,False,True,1,Difícil
2f33c757c2-f5-d0-r46-q3,Produção e Processo (Medição Fiscal e Sistema de Alívio),Produtos químicos,Média,0.78,"Após a compressão e desidratação por absorção com TEG, análises e inspeções indicaram tendência de corrosão em trecho do header de exportação de gás. A equipe quer ajustar o programa de químicos no gás sem alterar imediatamente o pacote de compressores. Qual ação e ponto de aplicação são mais alinhados ao objetivo de mitigar corrosão e lidar com contaminantes ácidos no gás tratado?",True,True,False,2,Média
2f33c757c2-f5-d0-r47-q0,Produção e Processo (Medição Fiscal e Sistema de Alívio),Produtos químicos,Média,0.82,"Em um FPSO, observou-se aumento de corrosão em trechos a jusante do sistema de condicionamento de água destinada à reinjeção. A equipe levanta como causas prováveis a presença de oxigênio dissolvido remanescente e a ação microbiológica. Considerando os pontos usuais de tratamento e a finalidade típica de cada produto químico, em qual ponto de dosagem a aplicação conjunta de biocida e removedor de O₂ tende a ser mais coerente para reduzir o potencial corrosivo antes do envio à rede de reinjeção?",True,True,True,3,Fácil
2f33c757c2-f5-d0-r47-q1,Produção e Processo (Medição Fiscal e Sistema de Alívio),Produtos químicos,Média,0.88,"Durante uma auditoria ambiental, a operação identificou que a água efluente, mesmo após redução de óleo em hidrociclones, ainda não atende ao limite de descarga overboard. Qual decisão de processo é mais adequada para atingir o limite legal sem depender apenas de ajustes de dosagem nos separadores?",True,True,True,3,Fácil
2f33c757c2-f5-d0-r47-q5,Produção e Processo (Medição Fiscal e Sistema de Alívio),Produtos químicos,Difícil,0.73,"No comissionamento de um sistema de condicionamento de água do mar para injeção, foi sugerido “aproveitar” a etapa de remoção de sais da regeneração de MEG para reduzir sulfato na água de injeção. Considerando a finalidade e o tipo de corrente tratada em cada sistema, qual avaliação é mais adequada?",True,False,True,2,Média
2f33c757c2-f5-d0-r48-q0,Produção e Processo (Medição Fiscal e Sistema de Alívio),Produtos químicos,Média,0.87,"Em um FPSO, a água separada nos tratadores será direcionada para reinjeção e a equipe observou aumento de taxa de corrosão em trechos a jusante do tratamento, com indícios de oxigênio dissolvido como fator contribuinte. Considerando um esquema de dosagem típico para reduzir potencial corrosivo e controlar atividade microbiológica antes da reinjeção, qual arranjo de ponto de aplicação e produtos é o mais coerente?",True,True,True,3,Fácil
2f33c757c2-f5-d0-r48-q1,Produção e Processo (Medição Fiscal e Sistema de Alívio),Produtos químicos,Fácil,0.87,"Durante uma campanha de operação, a água oleosa destinada ao descarte ao mar passou a apresentar teor de óleo acima do limite legal, apesar de os hidrociclones estarem operando dentro das condições usuais. Qual ajuste de esquema de tratamento é o mais consistente para reduzir o óleo residual até o atendimento ao limite de descarte?",True,False,True,2,Média
2f33c757c2-f5-d0-r48-q2,Produção e Processo (Medição Fiscal e Sistema de Alívio),Produtos químicos,Difícil,0.83,"Após oscilações de salinidade e aumento/redução do teor de óleo na água separada, a equipe vai revisar o programa químico da água produzida destinada à reinjeção. Busca-se proteger a integridade da rede de reinjeção e manter estabilidade operacional, evitando superdosagem. Qual estratégia de dosagem e de pontos de injeção tende a ser mais robusta nesse cenário?",True,True,True,3,Fácil
2f33c757c2-f5-d0-r48-q3,Produção e Processo (Medição Fiscal e Sistema de Alívio),Produtos químicos,Média,0.81,"Após uma queda de temperatura ambiente, aumentou o risco percebido de hidratos na rede de gás de exportação a jusante da compressão. A equipe deseja revisar a sequência de condicionamento do gás e os pontos de dosagem química para mitigar formação de hidratos e corrosão associada à água. Qual alternativa reflete melhor uma prática típica de condicionamento do gás nesse contexto?",True,False,True,2,Média
2f33c757c2-f5-d0-r49-q0,Produção e Processo (Medição Fiscal e Sistema de Alívio),Produtos químicos,Média,0.87,"Após uma parada de manutenção, um FPSO retoma a reinjeção de água e observa aumento de corrosão em trechos a jusante do sistema de tratamento, apesar de o teor de óleo na água estar dentro da especificação. A equipe suspeita que a condição corrosiva esteja ligada a gases dissolvidos e à microbiologia. Qual ajuste de estratégia é mais consistente para reduzir o potencial corrosivo antes da reinjeção?",True,True,True,3,Fácil
2f33c757c2-f5-d0-r49-q1,Produção e Processo (Medição Fiscal e Sistema de Alívio),Produtos químicos,Média,0.81,"Em regime permanente, a água produzida que sai dos tratadores segue para o sistema de remoção de óleo e permanece por longos períodos dentro do limite ambiental de OiW na linha de overboard. Em um transiente de produção, ocorre aumento de arraste de óleo para a fase aquosa e o teor de óleo na descarga passa a exceder o valor legal, embora o conjunto de hidrociclones esteja operando na sua faixa usual. Considerando a filosofia de tratamento descrita, qual leitura do evento e qual ação operacional são mais coerentes para voltar a atender o limite de descarga ao mar?",False,True,True,2,Média
2f33c757c2-f5-d0-r49-q2,Produção e Processo (Medição Fiscal e Sistema de Alívio),Produtos químicos,Difícil,0.89,"Um FPSO avalia estratégias para prevenção de hidratos em trechos críticos (exportação, gas lift e pontos de baixa temperatura). Há duas propostas: (i) elevar a concentração de MEG injetado para reduzir risco, mantendo o arranjo de regeneração; (ii) reduzir a dependência de MEG e migrar parte do controle para medidas térmicas/isolamento, aceitando menor carga na regeneração. Considerando custo, logística e reciclo, qual avaliação é mais consistente?",True,True,True,3,Fácil
2f33c757c2-f2-d1-r50-q0,Produção e Processo (Medição Fiscal e Sistema de Alívio),Produtos químicos,Média,0.85,"Em um FPSO, a área de utilidades passará a receber tambores de álcool etílico (hidratado/combustível) e óleo diesel para consumo operacional. A área disponível fica próxima a uma oficina, possui ralos de convés e atualmente é usada para estocar materiais diversos. Visando prevenir vazamentos e reduzir o risco de incêndio, qual conjunto de adequações de armazenamento está mais alinhado às boas práticas indicadas em FISPQ?",False,True,True,2,Média
2f33c757c2-f2-d1-r50-q2,Produção e Processo (Medição Fiscal e Sistema de Alívio),Produtos químicos,Média,0.91,"Na casa de bombas de um FPSO há manuseio eventual de álcool etílico para abastecer um sistema auxiliar. A equipe relata odor frequente e leve irritação e propõe exigir respirador para todos. À luz da hierarquia de controles e do controle de exposição ocupacional, qual encaminhamento é mais apropriado?",False,False,True,1,Difícil
2f33c757c2-f2-d1-r50-q3,Produção e Processo (Medição Fiscal e Sistema de Alívio),Produtos químicos,Média,0.87,"Em uma FPSO, será feito o transporte interno de óleo diesel da área de armazenamento até um ponto de abastecimento usando um recipiente móvel (ex.: bombona/IBC) e uma bomba portátil. Não existe procedimento específico definindo rota ou equipamento, mas a equipe quer reduzir risco de ignição e de vazamento durante a movimentação e a transferência. Qual conjunto de cuidados é mais aplicável mesmo sem esse detalhamento?",True,True,True,3,Fácil
2f33c757c2-f2-d1-r50-q5,Produção e Processo (Medição Fiscal e Sistema de Alívio),Produtos químicos,Média,0.87,"Chega ao FPSO um novo lote de produto químico para uso operacional, em embalagem diferente do padrão. A equipe observa que não há orientação local detalhada sobre tipo de embalagem, fechamento e etiquetagem. Até que o procedimento seja revisado, o supervisor precisa decidir como liberar (ou não) o recebimento e a estocagem. Qual decisão é mais tecnicamente defensável?",True,True,True,3,Fácil
2f33c757c2-f2-d1-r51-q0,Produção e Processo (Medição Fiscal e Sistema de Alívio),Produtos químicos,Média,0.86,"Durante a preparação de um paiol de produtos químicos em um FPSO, a equipe pretende armazenar álcool etílico e óleo diesel em uma mesma área dedicada. A proposta inicial inclui prateleiras metálicas e acesso liberado para facilitar a retirada. Qual conjunto de medidas de arranjo e infraestrutura melhor reduz o impacto de um vazamento e atende aos requisitos de armazenamento aplicáveis?",True,True,True,3,Fácil
2f33c757c2-f2-d1-r51-q1,Produção e Processo (Medição Fiscal e Sistema de Alívio),Produtos químicos,Média,0.74,"Durante uma revisão HAZOP, sugeriu-se reaproveitar uma linha e um tanque existentes para armazenar álcool etílico hidratado em uma área próxima ao armazenamento de reagentes com caráter oxidante usados em outra atividade. O proponente alegou que o local já tem sinalização e recursos de combate a incêndio. Qual avaliação é mais consistente com requisitos de compatibilidade química e controle de fontes de ignição nesse cenário?",True,False,True,2,Média
2f33c757c2-f2-d1-r51-q3,Produção e Processo (Medição Fiscal e Sistema de Alívio),Produtos químicos,Média,0.82,"Um time de operações precisa deslocar internamente tambores de álcool etílico do paiol até a área de consumo em diferentes turnos. Como não há procedimento prescritivo para o transporte interno, a equipe quer estabelecer um padrão mínimo seguro para reduzir risco de ignição, vazamentos e emissão de vapores durante o trajeto. Qual conjunto de decisões é mais consistente com medidas aplicáveis a esse cenário?",True,True,False,2,Média
2f33c757c2-f2-d1-r52-q0,Produção e Processo (Medição Fiscal e Sistema de Alívio),Produtos químicos,Média,0.84,"Durante uma ronda de HSE no paiol de químicos de um FPSO, a equipe nota que alguns tambores de óleo diesel e álcool etílico estão armazenados próximos a materiais combustíveis (paletes de madeira e panos contaminados). O supervisor pede a correção com maior ganho de redução de risco, sem depender de mudanças no processo. Qual conjunto de ações é mais consistente com boas práticas de armazenamento indicadas para esses produtos?",True,True,True,3,Fácil
2f33c757c2-f2-d1-r52-q2,Produção e Processo (Medição Fiscal e Sistema de Alívio),Produtos químicos,Média,0.88,"Durante o abastecimento de um tanque de serviço com álcool etílico a partir de recipientes transportados internamente, a equipe quer reduzir risco de ignição e entende que há risco de geração de cargas eletrostáticas na transferência. Qual abordagem é mais coerente para reduzir a probabilidade de ignição sem depender apenas de EPI?",True,True,True,3,Fácil
2f33c757c2-f2-d1-r52-q5,Produção e Processo (Medição Fiscal e Sistema de Alívio),Produtos químicos,Média,0.83,"Um novo produto químico chega à FPSO em recipiente industrial. A equipe pede orientação para movimentação interna e para requisitos de embalagem/fechamento. O responsável nota que as informações a bordo (baseadas em FISPQ) cobrem principalmente armazenamento, ventilação, incompatibilidades e resposta a vazamentos, mas não trazem detalhes de transporte interno nem de especificações de embalagem. Antes de autorizar o uso e a movimentação rotineira, qual decisão de gestão é mais robusta?",True,True,True,3,Fácil
2f33c757c2-f2-d1-r53-q0,Produção e Processo (Medição Fiscal e Sistema de Alívio),Produtos químicos,Média,0.82,"Durante a revisão de HAZOP, a equipe avalia a área de armazenamento de álcool etílico em um FPSO. O local proposto fica próximo a oficinas e possui boa ventilação natural, porém ainda não foi definida uma solução de contenção para derrames. Para reduzir o risco de vazamento e incêndio de forma alinhada a boas práticas e aos requisitos aplicáveis, qual combinação de medidas tende a ser priorizada no projeto/operação dessa área?",True,True,True,3,Fácil
2f33c757c2-f2-d1-r53-q1,Produção e Processo (Medição Fiscal e Sistema de Alívio),Produtos químicos,Fácil,0.9,"Em uma campanha de manutenção, foi solicitado armazenar temporariamente álcool etílico e um lote de reagentes oxidantes na mesma sala de químicos, em baias separadas. A argumentação é que, como cada produto fica em sua embalagem e há contenção no piso, o risco de interação é baixo. Qual avaliação técnica é mais consistente para decidir sobre essa coestocagem?",True,True,True,3,Fácil
2f33c757c2-f2-d1-r53-q2,Produção e Processo (Medição Fiscal e Sistema de Alívio),Produtos químicos,Média,0.9,"Durante a transferência interna de óleo diesel, operadores relatam odor intenso e irritação mesmo utilizando EPI. O ambiente possui ventilação geral, porém não há sistema de captação/remoção no ponto onde os vapores são gerados. Pela hierarquia de controle de exposição, qual encaminhamento é, em geral, o mais robusto?",True,False,True,2,Média
2f33c757c2-f2-d1-r53-q5,Produção e Processo (Medição Fiscal e Sistema de Alívio),Produtos químicos,Média,0.86,"Na preparação do comissionamento, a equipe de suprimentos pede critérios de aceitação para embalagens de químicos (material do recipiente, fechamento e rotulagem) e para o transporte interno no FPSO. Os trechos disponíveis para álcool etílico e diesel cobrem armazenamento, incompatibilidades e ventilação, mas não trazem requisitos específicos de embalagens e de transporte interno. Qual postura técnica tende a reduzir o risco de decidir com base em suposições?",True,True,True,3,Fácil
2f33c757c2-f2-d1-r54-q1,Produção e Processo (Medição Fiscal e Sistema de Alívio),Produtos químicos,Média,0.86,"Em uma modificação de sistema, foi sugerido utilizar a mesma linha metálica e os mesmos pontos de conexão para transferir, em uma campanha, etanol hidratado e, em outra, uma solução de limpeza de caráter fortemente oxidante. Considerando a compatibilidade química indicada em FISPQ e as medidas de prevenção de ignição durante manobras e intervenções, qual encaminhamento é o mais consistente?",True,True,True,3,Fácil
2f33c757c2-f2-d1-r54-q4,Produção e Processo (Medição Fiscal e Sistema de Alívio),Produtos químicos,Fácil,0.9,"Durante a transferência de óleo diesel no FPSO, ocorre um vazamento que se espalha pelo convés e está próximo de ralos/drenos, com possibilidade de alcançar o mar. Para reduzir impacto ambiental e garantir a destinação adequada do material contaminado, qual sequência de decisões é mais coerente para a resposta inicial ao derrame?",True,True,True,3,Fácil
2f33c757c2-f5-d1-r55-q0,Produção e Processo (Medição Fiscal e Sistema de Alívio),Produtos químicos,Média,0.89,"Durante uma parada parcial, um FPSO volta a operar com quedas de pressão em trechos do gasoduto e do gas lift, aumentando a tendência de formação de hidratos. A equipe discute usar MEG como inibidor termodinâmico e quer justificar a estratégia de injeção e seus efeitos de processo. Qual linha de raciocínio está mais alinhada com as propriedades do MEG e com a forma de aplicação indicada?",True,False,True,2,Média
2f33c757c2-f5-d1-r55-q1,Produção e Processo (Medição Fiscal e Sistema de Alívio),Produtos químicos,Média,0.85,"Após alguns meses de operação, o MEG retornado à superfície apresenta aumento de impurezas e oscilações na recuperação estimada pelo modelo de regeneração. Para “fechar” o balanço e definir setpoints fixos, um engenheiro sugere adotar diretamente resultados de simulações em que a corrente de alimentação da coluna foi representada apenas como uma mistura MEG–água. Qual avaliação é mais consistente com as premissas e limitações desse tipo de simulação quando aplicada ao retorno real de MEG?",False,True,True,2,Média
2f33c757c2-f5-d1-r55-q2,Produção e Processo (Medição Fiscal e Sistema de Alívio),Produtos químicos,Média,0.75,"Em uma campanha de injeção de água do mar, a equipe está preocupada com crescimento microbiológico e com corrosão associada ao oxigênio dissolvido. Pretende-se ajustar rapidamente a alocação de químicos, sem mudanças relevantes na arquitetura da planta. Qual opção está mais coerente com os destinos e funções previstos para o sistema de água de injeção/dessaeração (desaerador)?",True,True,True,3,Fácil
2f33c757c2-f5-d1-r55-q5,Produção e Processo (Medição Fiscal e Sistema de Alívio),Produtos químicos,Média,0.85,"Na linha de preparo de água do mar para injeção foi instalada uma etapa adicional de remoção de sulfato a montante do desaerador. Após uma alteração operacional, verificou-se elevação do oxigênio dissolvido medido a jusante do desaerador e aumento de crescimento microbiológico em tanques associados ao sistema. Sem introduzir novas famílias de produtos químicos (apenas redistribuindo/ajustando os já previstos), qual ajuste de estratégia tende a atuar diretamente sobre os dois problemas, nos pontos de aplicação mais adequados?",False,False,True,1,Difícil
2f33c757c2-f5-d1-r56-q0,Produção e Processo (Medição Fiscal e Sistema de Alívio),Produtos químicos,Média,0.88,"Durante a partida de um FPSO, a equipe identifica maior propensão à formação de hidratos em um trecho de gás com queda de pressão e resfriamento, e decide injetar MEG na cabeça do poço por bicos dedicados. Qual justificativa técnica melhor sustenta essa decisão com base nas propriedades do MEG e na forma de aplicação?",False,False,True,1,Difícil
2f33c757c2-f5-d1-r56-q2,Produção e Processo (Medição Fiscal e Sistema de Alívio),Produtos químicos,Difícil,0.82,"Foi observado aumento de corrosão interna e ocorrência de água livre em trechos de baixo escoamento do sistema de gás combustível. A equipe considera reforçar a injeção de produtos químicos. Considerando (i) os destinos típicos previstos para químicos em correntes gasosas e (ii) que o sistema de gás combustível é subdividido em malhas de alta e de baixa pressão, qual medida é mais consistente para reduzir, ao mesmo tempo, o risco de corrosão e o risco de formação de hidratos nesse sistema?",False,True,False,1,Difícil
2f33c757c2-f5-d1-r56-q3,Produção e Processo (Medição Fiscal e Sistema de Alívio),Produtos químicos,Média,0.85,"Uma unidade de regeneração de MEG está sendo avaliada por simulação para estimar recuperação, mas o estudo considerou a alimentação como mistura binária MEG-água, sem sais e sem hidrocarbonetos, sob a justificativa de etapas de filtração prévias. Para uma decisão de operação e garantia de desempenho em campo, qual interpretação é a mais adequada sobre a transferibilidade dos resultados dessa simulação?",True,True,True,3,Fácil
2f33c757c2-f5-d1-r56-q5,Produção e Processo (Medição Fiscal e Sistema de Alívio),Produtos químicos,Média,0.88,"Durante uma revisão de OPEX e de aspectos ambientais, avalia-se se o circuito de MEG deve operar com regeneração contínua ou com reposição frequente de produto novo e descarte do MEG usado. Considerando o que tipicamente retorna à superfície após a injeção/recuperação de MEG e o objetivo operacional da regeneração, qual justificativa técnica sustenta melhor a necessidade de uma planta de regeneração quando o MEG é empregado de forma contínua?",True,False,True,2,Média
2f33c757c2-f5-d1-r57-q0,Produção e Processo (Medição Fiscal e Sistema de Alívio),Produtos químicos,Média,0.85,"Em um FPSO, a equipe identifica tendência de formação de hidratos em trechos frios do sistema de produção, a montante da separação, associada à queda de temperatura no riser/flowline. Considerando o uso de MEG como inibidor termodinâmico e a intenção de mitigar o risco o mais próximo possível da origem, qual estratégia de injeção é mais coerente com um esquema operacional eficaz?",True,True,True,3,Fácil
2f33c757c2-f5-d1-r57-q1,Produção e Processo (Medição Fiscal e Sistema de Alívio),Produtos químicos,Fácil,0.89,"Durante a operação da unidade de condicionamento de água para injeção, foi identificado aumento de corrosão associada a oxigênio dissolvido e indícios de atividade microbiológica em tanques de drenagem. Para atacar os dois mecanismos no ponto mais apropriado do sistema, qual combinação de produtos químicos e destino é a mais coerente?",True,False,True,2,Média
2f33c757c2-f5-d1-r57-q2,Produção e Processo (Medição Fiscal e Sistema de Alívio),Produtos químicos,Média,0.89,"Uma equipe pretende usar resultados de simulação e testes de destilação de MEG (modelada como mistura binária MEG–água) para definir setpoints e expectativa de recuperação em uma planta de regeneração em operação contínua no FPSO, na qual o MEG retornado contém contaminantes. Qual interpretação técnica é mais adequada para evitar extrapolações indevidas?",True,True,True,3,Fácil
2f33c757c2-f5-d1-r57-q3,Produção e Processo (Medição Fiscal e Sistema de Alívio),Produtos químicos,Média,0.81,"Na revisão de um plano de injeção química do sistema de gás de um FPSO, foram observadas duas necessidades em paralelo: (i) indícios de corrosão em trechos a jusante da unidade de desidratação por TEG e (ii) possibilidade de formação de hidratos em trechos frios do sistema de exportação e na malha de gas lift. Considerando os destinos de injeção tipicamente adotados para cada produto químico, qual combinação de pontos de injeção atende melhor aos dois objetivos?",False,True,True,2,Média
2f33c757c2-f5-d1-r57-q4,Produção e Processo (Medição Fiscal e Sistema de Alívio),Produtos químicos,Fácil,0.86,"Em uma campanha de mitigação de hidratos, discute-se o impacto do inibidor no balanço de fases do sistema de gás, especialmente em trechos de menor pressão e na presença de consumidores sensíveis (como turbinas de gás combustível). Considerando as propriedades do MEG descritas para uso como inibidor termodinâmico, qual justificativa técnica favorece sua aplicação nesse contexto?",True,True,True,3,Fácil
2f33c757c2-f5-d1-r58-q0,Produção e Processo (Medição Fiscal e Sistema de Alívio),Produtos químicos,Média,0.87,"Em um FPSO, a água do mar tratada para injeção está saindo do desaerador com aumento de oxigênio dissolvido e, ao mesmo tempo, há relatos de maior formação de biofilme em trechos de baixa vazão do circuito. A equipe quer ajustar a estratégia de químicos sem mudar equipamentos. Qual combinação de ações é mais consistente com as funções e destinos típicos de injeção química nesse sistema?",True,True,True,3,Fácil
2f33c757c2-f5-d1-r58-q1,Produção e Processo (Medição Fiscal e Sistema de Alívio),Produtos químicos,Média,0.84,"Após mudanças na malha de controle da compressão, o FPSO passou a apresentar maior oscilação de vazão no circuito gasoso associado ao gás combustível e ao gas lift. Inspeções apontaram intensificação de indícios de corrosão interna em segmentos do gasoduto e no header de exportação/gas lift. Considerando que se pretende apenas ajustar/otimizar pontos de injeção química já previstos no projeto, qual alternativa faz a melhor correspondência entre o destino de aplicação e a função do produto químico para o mecanismo predominante nesse cenário?",True,True,False,2,Média
2f33c757c2-f5-d1-r58-q3,Produção e Processo (Medição Fiscal e Sistema de Alívio),Produtos químicos,Média,0.9,"No FPSO, discute-se operar de forma contínua com MEG como inibidor de hidratos. A área financeira sugere evitar a planta de regeneração, propondo repor o MEG por compra e descartar o fluido recuperado após o processo. Considerando o que normalmente retorna ao topside no circuito de MEG, qual justificativa técnico-operacional melhor sustenta a necessidade de regeneração em regime contínuo?",True,True,True,3,Fácil
2f33c757c2-f5-d1-r58-q4,Produção e Processo (Medição Fiscal e Sistema de Alívio),Produtos químicos,Média,0.84,"Um engenheiro pretende usar diretamente resultados de simulações de uma coluna de destilação por película, nas quais a alimentação foi modelada como mistura binária MEG–água (sem sais e sem hidrocarbonetos), para prever o desempenho da regeneração de MEG em uma planta real de FPSO, onde o retorno contém também sais dissolvidos e hidrocarbonetos. Qual avaliação é mais consistente ao extrapolar esses resultados para a operação real?",True,True,True,3,Fácil
2f33c757c2-f5-d1-r58-q5,Produção e Processo (Medição Fiscal e Sistema de Alívio),Produtos químicos,Difícil,0.78,"Em um teste de destilação por película para regeneração de MEG em uma unidade‑piloto, foram observadas oscilações de pressão na câmara e aumento de temperatura ao longo do tubo. A instrumentação disponível inclui: transdutor de pressão da câmara com limite de segurança definido, sensores de pressão no topo e na base do tubo, e pontos de temperatura externos T1 a T10. O aquecimento é feito por resistências comandadas por relé de estado sólido (SSR) via sinal de corrente. Considerando limites operacionais e a necessidade de boa observabilidade, qual abordagem operacional e de controle é mais consistente para manter a operação dentro dos limites e acompanhar o comportamento do processo?",True,True,True,3,Fácil
2f33c757c2-f5-d1-r59-q0,Produção e Processo (Medição Fiscal e Sistema de Alívio),Produtos químicos,Média,0.85,"Em um FPSO, o trem de condicionamento de água do mar para injeção inclui uma etapa de remoção de sulfato a montante e, em seguida, um desaerador antes do envio para as bombas de injeção. Após algumas semanas, observa-se aumento de corrosão em trechos associados ao circuito de água de injeção e tendência de crescimento biológico em pontos de baixa renovação. Considerando a lógica de alocação por destino e função, qual arranjo de dosagem é mais coerente para atacar as duas causas prováveis dentro do que tipicamente é tratado no desaerador?",True,False,False,1,Difícil
2f33c757c2-f5-d1-r59-q1,Produção e Processo (Medição Fiscal e Sistema de Alívio),Produtos químicos,Média,0.88,"Em operação no inverno, a unidade observa ao mesmo tempo: (i) tendência à formação de hidratos no trecho de exportação a jusante do manifold de exportação, associada a resfriamento e queda de pressão, e (ii) evidências de corrosão interna em trechos do sistema de gás combustível e no header de exportação. Considerando a lógica de alocação de pontos de injeção por destino/função, qual arranjo de produtos químicos e pontos de aplicação é mais adequado para mitigar ambos os riscos no lado do gás?",True,True,True,3,Fácil
2f33c757c2-f5-d1-r59-q2,Produção e Processo (Medição Fiscal e Sistema de Alívio),Produtos químicos,Média,0.83,"Durante a avaliação de injeção de MEG por bicos na cabeça do poço para mitigação de hidratos, um engenheiro identifica um trecho do sistema operando em baixa pressão, onde pode ocorrer flash de parte do escoamento. A preocupação é que o MEG seja carregado para a fase vapor, diminuindo a concentração de inibidor na fase líquida. Qual propriedade do MEG está mais diretamente ligada a esse risco e qual é a consequência operacional esperada?",False,True,True,2,Média
2f33c757c2-f5-d1-r59-q5,Produção e Processo (Medição Fiscal e Sistema de Alívio),Produtos químicos,Média,0.78,"Um campo entra em fase com aumento de H2S no fluido produzido, e a operação observa efeitos tanto em correntes associadas aos separadores quanto em pontos do sistema de utilidades. Considerando a alocação de injeção química por destino, qual escolha de pontos de aplicação para sequestrante de H2S é mais alinhada com a filosofia descrita para uma unidade offshore de produção?",True,True,True,3,Fácil
2f33c757c2-f5-d2-r60-q0,Produção e Processo (Medição Fiscal e Sistema de Alívio),Produtos químicos,Média,0.74,"Durante a operação de condicionamento de água do mar para injeção em um FPSO, a equipe percebe aumento de ΔP nos filtros finos logo após iniciar uma campanha de dosagem de químicos para controle de incrustação e microbiologia. A hipótese é que parte do químico esteja interagindo com sólidos e piorando a filtrabilidade antes da etapa de polimento. Considerando um esquema operacional típico e visando reduzir o risco de entupimento sem perder efetividade na proteção do sistema a jusante, qual arranjo de ponto de injeção tende a ser o mais adequado?",True,True,True,3,Fácil
2f33c757c2-f5-d2-r60-q1,Produção e Processo (Medição Fiscal e Sistema de Alívio),Produtos químicos,Média,0.69,"Após algumas semanas de injeção de água do mar, ensaios de acompanhamento em amostras indicam tendência de queda de permeabilidade, com suspeita de migração de finos. Em paralelo, os relatórios de qualidade da água mostram teor de sólidos em suspensão praticamente constante, porém piora no fator de filtrabilidade e alteração na distribuição/granulometria das partículas. Qual ação integrada é mais consistente com uma resposta de engenharia guiada por esses indicadores para reduzir o risco de dano de formação?",True,True,True,3,Fácil
2f33c757c2-f5-d2-r60-q2,Produção e Processo (Medição Fiscal e Sistema de Alívio),Produtos químicos,Média,0.86,"Ensaios de compatibilidade entre água do mar e água de formação indicaram alto risco de precipitação de sulfatos (p.ex., BaSO4 e SrSO4) ao longo do sistema de injeção. A equipe busca uma mitigação que atue no mecanismo principal e preserve flexibilidade operacional por ajuste de dosagem química. Qual estratégia atende melhor a esse objetivo?",True,True,True,3,Fácil
2f33c757c2-f5-d2-r60-q3,Produção e Processo (Medição Fiscal e Sistema de Alívio),Produtos químicos,Fácil,0.89,"Em um trem de condicionamento de água do mar, a torre de desaeração está operando dentro das condições de projeto, mas medições indicam presença de oxigênio residual acima do alvo de corrosão para a linha de injeção. Qual medida química é mais coerente para consumir o oxigênio residual como parte do controle de corrosão, sem substituir a etapa física de remoção de O2?",False,True,False,1,Difícil
2f33c757c2-f5-d2-r60-q5,Produção e Processo (Medição Fiscal e Sistema de Alívio),Produtos químicos,Média,0.8,"Na unidade de tratamento de gás de um FPSO, o comissionamento de um novo skid de químicos inclui tanques para inibidor de corrosão, antiespumante, biocida e sequestrante de H2S. A operação busca reduzir o risco de eventos de segurança no armazenamento/bombeamento e, ao mesmo tempo, minimizar paradas não planejadas por falta de produto. Qual combinação de características operacionais e de segurança melhor atende a esse objetivo?",True,True,True,3,Fácil
859cba6045-f0-d0-r1-q0,Produção e Processo (Medição Fiscal e Sistema de Alívio),Tratamento de água produzida para descarte,Média,0.84,"Em um FPSO, após uma mudança de regime do poço, a água produzida que entra no tratamento passa a chegar com emulsão mais resistente e maior teor de óleo disperso. A montante do polimento, o operador avalia dois separadores gravitacionais atmosféricos: um tanque de lavagem e um tanque de água livre (TAL). Mantidas vazão e condições gerais de operação, qual arranjo tende a aumentar mais o crescimento/coalescência de gotículas na etapa gravitacional e qual é o mecanismo predominante?",False,True,False,1,Difícil
859cba6045-f0-d0-r1-q2,Produção e Processo (Medição Fiscal e Sistema de Alívio),Tratamento de água produzida para descarte,Média,0.9,"Durante a revisão de projeto de um pacote de hidrociclones para água produzida, duas alternativas são comparadas: (i) um vaso de pressão compacto com vários hidrociclones integrados e (ii) hidrociclones montados em liners em paralelo. O histórico do campo indica tendência a incrustação e necessidade de intervenções frequentes. Considerando desempenho e disponibilidade operacional, qual decisão é mais alinhada com a experiência prática relatada e por quê?",True,True,False,2,Média
859cba6045-f0-d0-r1-q4,Produção e Processo (Medição Fiscal e Sistema de Alívio),Tratamento de água produzida para descarte,Fácil,0.82,"Em um FPSO, a água produzida apresenta ao mesmo tempo uma parcela significativa de óleo livre e outra de óleo disperso/emulsificado com alta estabilidade. Pretende-se cumprir o limite de OiW no descarte com tolerância a transientes de vazão e composição. Qual sequência de operações está mais alinhada aos mecanismos físicos normalmente explorados no tratamento (estratificação por densidade, coalescência/floculação, aceleração centrífuga e/ou captura por bolhas)?",True,True,False,2,Média
859cba6045-f0-d0-r1-q5,Produção e Processo (Medição Fiscal e Sistema de Alívio),Tratamento de água produzida para descarte,Média,0.86,"Uma unidade de tratamento de água produzida em FPSO apresentou histórico de não conformidade de OiW quando operava com vasos flash e skimmers. Em um retrofit, foi proposto transformar vasos flash em flotadores horizontais e incluir um vaso degaseificador, mantendo operação em paralelo em parte do sistema. Qual justificativa técnica melhor explica por que essa modificação pode aumentar a capacidade de lidar com óleo carregado na água?",True,True,True,3,Fácil
859cba6045-f0-d0-r2-q0,Produção e Processo (Medição Fiscal e Sistema de Alívio),Tratamento de água produzida para descarte,Média,0.87,"Durante o comissionamento do sistema de tratamento de água produzida de um FPSO, a água na descarga do separador primário ainda apresenta parcela relevante de óleo emulsionado. Existe espaço para inserir um separador gravitacional atmosférico antes da etapa de separação fina. Do ponto de vista do mecanismo de coalescência, qual opção é a que mais tende a aumentar o encontro de gotículas ao fazer a corrente atravessar um volume contínuo de água (água livre) antes de alcançar a região superior rica em óleo/emulsão?",False,True,True,2,Média
859cba6045-f0-d0-r2-q1,Produção e Processo (Medição Fiscal e Sistema de Alívio),Tratamento de água produzida para descarte,Fácil,0.81,"Em uma unidade de tratamento de água produzida de um FPSO foi especificado um TAL (tanque de água livre). Após partidas e paradas, observou-se maior arraste de óleo quando a vazão aumenta, sem mudança evidente no perfil de emulsão. Considerando o princípio de operação do TAL, qual descrição está mais alinhada ao mecanismo usado para promover a separação?",True,False,False,1,Difícil
859cba6045-f0-d0-r2-q3,Produção e Processo (Medição Fiscal e Sistema de Alívio),Tratamento de água produzida para descarte,Média,0.9,"Após a instalação de hidrociclones no tratamento de água produzida, a equipe avaliou duas configurações: (i) um vaso de pressão compacto com vários hidrociclones integrados e (ii) um conjunto de hidrociclones em liners paralelos. O campo apresenta tendência a incrustação e o FPSO tem histórico de restrições de acesso para manutenção. Qual escolha de arranjo tende a reduzir o impacto operacional quando ocorrerem incrustações, e por quê?",True,True,False,2,Média
859cba6045-f0-d0-r2-q4,Produção e Processo (Medição Fiscal e Sistema de Alívio),Tratamento de água produzida para descarte,Difícil,0.85,"Em um teste de performance de uma unidade de flotação do FPSO (operando com opção de FAD e assistência por nanobolhas/microbolhas), a eficiência de remoção de óleo emulsificado piorou depois que a vazão de alimentação foi aumentada, embora a dosagem de floculante tenha sido mantida. Para recuperar a eficiência sem assumir que a química seja a única alavanca, qual conjunto de variáveis faz mais sentido verificar primeiro?",False,True,True,2,Média
859cba6045-f0-d0-r3-q0,Produção e Processo (Medição Fiscal e Sistema de Alívio),Tratamento de água produzida para descarte,Média,0.78,"Na revisão do projeto de uma etapa atmosférica de separação óleo/água em um FPSO, avaliam-se duas configurações: tanque de lavagem e tanque de água livre (TAL). O objetivo é maximizar a remoção de óleo/emulsão antes do tratamento fino. Com base no princípio de funcionamento de cada vaso, qual alternativa melhor orienta a escolha quando se deseja intensificar a coalescência já na etapa gravitacional?",True,True,True,3,Fácil
859cba6045-f0-d0-r3-q1,Produção e Processo (Medição Fiscal e Sistema de Alívio),Tratamento de água produzida para descarte,Média,0.92,"Em uma planta de tratamento de água produzida de um FPSO, manteve-se o arranjo original com dois vasos flash seguidos por dois tanques skimmer. Após aumento de vazão e maior grau de emulsificação, a água a jusante ainda apresenta óleo carregado acima do esperado. Considerando as funções típicas dessas etapas, qual interpretação explica melhor por que apenas aumentar o tempo de residência nos skimmers pode não ser suficiente?",True,True,True,3,Fácil
859cba6045-f0-d0-r3-q3,Produção e Processo (Medição Fiscal e Sistema de Alívio),Tratamento de água produzida para descarte,Difícil,0.88,"Uma coluna de flotação assistida por nanobolhas/microbolhas (NBs/MBs) está sendo avaliada para reduzir óleo emulsificado na água produzida. Nos testes com vazão elevada, a eficiência caiu e a equipe discute ajustes operacionais. Qual opção combina ações e variáveis mais coerentes com os mecanismos de aumento de remoção por flotação com NBs/MBs?",True,False,True,2,Média
859cba6045-f0-d0-r4-q0,Produção e Processo (Medição Fiscal e Sistema de Alívio),Tratamento de água produzida para descarte,Média,0.79,"Em um FPSO, a água produzida chega ao tratamento primário com alta fração de emulsão óleo/água, e a equipe quer priorizar um equipamento atmosférico que aumente a coalescência logo na entrada, antes das etapas de separação fina. Considerando o princípio de funcionamento, qual escolha tende a favorecer mais esse mecanismo?",True,True,True,3,Fácil
859cba6045-f0-d0-r4-q1,Produção e Processo (Medição Fiscal e Sistema de Alívio),Tratamento de água produzida para descarte,Média,0.91,"Após o comissionamento, um FPSO opera com dois vasos flash seguidos de dois tanques skimmer, mas ainda observa óleo carregado na corrente de água para descarte. A equipe discute intervenções. Qual alternativa representa a lógica mais consistente para superar a limitação observada, mantendo a separação gravitacional como etapa de “descarregamento” e adicionando separação fina a jusante?",True,True,True,3,Fácil
859cba6045-f0-d0-r4-q2,Produção e Processo (Medição Fiscal e Sistema de Alívio),Tratamento de água produzida para descarte,Média,0.86,"Um sistema compacto foi proposto para o FPSO: um único vaso de pressão contendo vários hidrociclones integrados, com footprint reduzido. Em operação, a unidade apresentou incrustação recorrente, perda de desempenho e dificuldade de intervenção, gerando paradas e baixa disponibilidade. Para um retrofit que busque robustez operacional com manutenção mais ágil, qual arranjo tende a ser mais apropriado, mesmo com maior ocupação de área?",True,True,True,3,Fácil
859cba6045-f0-d0-r4-q4,Produção e Processo (Medição Fiscal e Sistema de Alívio),Tratamento de água produzida para descarte,Média,0.86,"Em um projeto de modificação de uma planta de tratamento de água produzida, decidiu-se converter vasos flash em flotadores horizontais operando em paralelo e incluir um vaso degaseificador no arranjo. Considerando o histórico de que flash + skimmer isolados foram insuficientes, qual justificativa técnica melhor sustenta esse conjunto de mudanças?",True,True,True,3,Fácil
859cba6045-f0-d0-r4-q5,Produção e Processo (Medição Fiscal e Sistema de Alívio),Tratamento de água produzida para descarte,Fácil,0.91,"Uma equipe está redesenhando o trem de tratamento de água produzida para descarte em um FPSO. Busca-se robustez: retirar primeiro a maior parte do óleo livre e, em seguida, reduzir o óleo disperso/emulsificado até o critério de descarte. Qual alternativa descreve melhor a lógica física dessa combinação entre separação gravitacional e etapas de separação fina (hidrociclones e flotação)?",True,True,True,3,Fácil
859cba6045-f0-d0-r5-q1,Produção e Processo (Medição Fiscal e Sistema de Alívio),Tratamento de água produzida para descarte,Média,0.89,"Em uma planta de tratamento de água produzida em FPSO, a configuração inicial com vasos flash seguidos por tanques skimmer não vem atendendo ao teor de óleo na água para descarte, mesmo após ajustes operacionais que aumentaram o tempo de residência. Considerando os mecanismos envolvidos, qual intervenção tende a atacar mais diretamente a parcela de óleo carregado/disperso que permanece após a separação gravitacional?",False,False,True,1,Difícil
859cba6045-f0-d0-r5-q2,Produção e Processo (Medição Fiscal e Sistema de Alívio),Tratamento de água produzida para descarte,Média,0.85,"No revamp do sistema de tratamento de água produzida de um FPSO, a equipe precisa definir o arranjo dos hidrociclones. O histórico do campo aponta alta propensão a incrustação, com necessidade recorrente de limpeza e troca de componentes. Qual configuração tende a oferecer maior facilidade de manutenção e menor impacto na operação quando houver incrustação?",False,True,True,2,Média
859cba6045-f0-d0-r5-q3,Produção e Processo (Medição Fiscal e Sistema de Alívio),Tratamento de água produzida para descarte,Média,0.86,"Uma unidade de flotação em coluna assistida por nanobolhas (NBs) foi instalada para reduzir óleo emulsificado na água produzida. Após aumento de vazão do sistema, a eficiência caiu e o operador precisa priorizar quais variáveis investigar/ajustar primeiro para recuperar desempenho sem alterar o tipo de tecnologia. Qual conjunto de parâmetros está mais diretamente ligado ao mecanismo de captura e ascensão na flotação por NBs/MBs?",False,True,True,2,Média
859cba6045-f0-d0-r5-q4,Produção e Processo (Medição Fiscal e Sistema de Alívio),Tratamento de água produzida para descarte,Difícil,0.84,"Na fase conceitual de um novo FPSO, avalia-se o trem de tratamento de água produzida para descarte. A alimentação apresenta variação no grau de emulsificação e presença de sólidos, e busca-se cumprir limite de óleo na água com alta disponibilidade operacional. Qual filosofia de projeto é mais consistente com os mecanismos de separação e com os riscos operacionais típicos?",False,False,True,1,Difícil
859cba6045-f0-d0-r5-q5,Produção e Processo (Medição Fiscal e Sistema de Alívio),Tratamento de água produzida para descarte,Média,0.85,"Após constatar limitações no esquema original de tratamento de água produzida, um FPSO estudou converter vasos flash existentes em flotadores horizontais, mantendo-os operando em paralelo, e acrescentar um vaso degaseificador ao processo. Qual interpretação melhor representa o objetivo técnico dessa alteração?",True,False,True,2,Média
859cba6045-f0-d0-r6-q0,Produção e Processo (Medição Fiscal e Sistema de Alívio),Tratamento de água produzida para descarte,Média,0.81,"Durante a avaliação de revamp do tratamento de água produzida em um FPSO, a equipe compara duas opções de separador gravitacional atmosférico para a etapa inicial de remoção de óleo: (i) tanque de lavagem e (ii) tanque de água livre (TAL). A alimentação chega com emulsão relativamente estável e a principal preocupação é favorecer coalescência já nessa etapa. Qual escolha e justificativa estão mais alinhadas ao princípio de funcionamento desses vasos?",False,False,True,1,Difícil
859cba6045-f0-d0-r6-q1,Produção e Processo (Medição Fiscal e Sistema de Alívio),Tratamento de água produzida para descarte,Média,0.79,"Em um FPSO, a água produzida passa por dois vasos flash e, em seguida, por tanques skimmer antes do descarte. Mesmo com níveis estáveis e instrumentação sem desvios, o teor de óleo na água tratada permanece acima da meta. Considerando a função típica de um skimmer e as limitações desse arranjo, qual interpretação melhor direciona o próximo passo de engenharia?",True,True,True,3,Fácil
859cba6045-f0-d0-r6-q2,Produção e Processo (Medição Fiscal e Sistema de Alívio),Tratamento de água produzida para descarte,Média,0.88,"Na seleção de hidrociclones para polimento da água produzida, duas configurações são consideradas: (1) vaso de pressão compacto com vários hidrociclones integrados e (2) banco de hidrociclones em liners paralelos, com elementos substituíveis individualmente. O histórico do campo indica tendência a incrustação e necessidade de intervenções frequentes. Qual decisão de projeto tende a melhorar a disponibilidade operacional, assumindo que há alguma folga de área no topside?",True,True,True,3,Fácil
859cba6045-f0-d0-r6-q3,Produção e Processo (Medição Fiscal e Sistema de Alívio),Tratamento de água produzida para descarte,Média,0.81,"Uma unidade de flotação em coluna para água produzida, com geração de micro/nanobolhas em linha de recirculação, passou a remover menos óleo emulsificado após um aumento de vazão de alimentação, mantendo-se a mesma dosagem de floculante. A inspeção não encontrou anomalias mecânicas. Qual conjunto de variáveis operacionais é mais coerente verificar e ajustar primeiro para recuperar a eficiência da flotação?",False,True,True,2,Média
859cba6045-f0-d0-r6-q5,Produção e Processo (Medição Fiscal e Sistema de Alívio),Tratamento de água produzida para descarte,Difícil,0.87,"Em um FPSO, verificou-se que o arranjo com vasos flash seguido de tanques skimmer não atingia o teor de óleo na água produzido para descarte. Avalia-se converter os vasos flash em flotadores horizontais e adicionar um vaso degaseificador, mantendo unidades em paralelo. Qual raciocínio de projeto melhor justifica por que essa combinação pode superar as limitações do esquema original?",True,True,True,3,Fácil
859cba6045-f0-d0-r7-q1,Produção e Processo (Medição Fiscal e Sistema de Alívio),Tratamento de água produzida para descarte,Média,0.88,"Após dois vasos flash seguidos de dois tanques skimmer, a água para descarte ainda apresenta teor de óleo acima do esperado, apesar de níveis e temperaturas estarem estáveis e haver formação de uma lâmina de óleo no topo dos skimmers. Qual interpretação orienta melhor a próxima decisão de projeto/operação?",True,False,True,2,Média
859cba6045-f0-d0-r7-q3,Produção e Processo (Medição Fiscal e Sistema de Alívio),Tratamento de água produzida para descarte,Média,0.91,"Durante a partida de uma unidade de flotação em coluna assistida por nanobolhas (NBs) para remover óleo emulsificado, a eficiência cai quando a vazão de água produzida aumenta, mesmo mantendo a mesma dosagem de floculante. Qual conjunto de variáveis de projeto/operação é o mais direto para reavaliar antes de concluir que a química é insuficiente?",False,False,True,1,Difícil
859cba6045-f0-d0-r7-q4,Produção e Processo (Medição Fiscal e Sistema de Alívio),Tratamento de água produzida para descarte,Difícil,0.84,"Em uma planta de água produzida de FPSO, vasos flash foram convertidos em flotadores horizontais e um vaso degaseificador foi incluído no processo. Qual justificativa técnica melhor conecta essas mudanças ao objetivo de reduzir óleo carregado na água para descarte?",True,True,True,3,Fácil
859cba6045-f0-d0-r8-q0,Produção e Processo (Medição Fiscal e Sistema de Alívio),Tratamento de água produzida para descarte,Média,0.81,"Durante o comissionamento do tratamento de água produzida de um FPSO, a equipe compara dois separadores gravitacionais atmosféricos candidatos para a etapa de remoção de óleo livre antes das unidades de separação fina. A preocupação é maximizar a coalescência de gotículas ainda emulsificadas já nessa etapa. Qual escolha e justificativa estão mais alinhadas com o princípio de funcionamento desses vasos?",True,True,False,2,Média
859cba6045-f0-d0-r8-q1,Produção e Processo (Medição Fiscal e Sistema de Alívio),Tratamento de água produzida para descarte,Média,0.88,"Em uma planta de tratamento de água produzida em um FPSO, dois vasos flash em série seguidos de dois tanques skimmer foram mantidos em operação, porém a água de saída ainda apresenta teor de óleo carregado acima do limite de descarte. Considerando a combinação adequada de mecanismos de separação ao longo da rota de processo, qual mudança tende a enfrentar melhor essa limitação?",True,True,True,3,Fácil
859cba6045-f0-d0-r8-q2,Produção e Processo (Medição Fiscal e Sistema de Alívio),Tratamento de água produzida para descarte,Média,0.88,"Após alguns meses de operação, a unidade compacta com vários hidrociclones integrados em um vaso de pressão começou a apresentar queda de desempenho e dificuldades de intervenção devido a incrustações recorrentes. A equipe avalia um retrofit para aumentar a disponibilidade e reduzir o impacto operacional das manutenções. Qual arranjo de hidrociclones melhor endereça esse objetivo e por quê?",True,True,True,3,Fácil
859cba6045-f0-d0-r8-q3,Produção e Processo (Medição Fiscal e Sistema de Alívio),Tratamento de água produzida para descarte,Difícil,0.88,"Uma unidade piloto de flotação em coluna com assistência de nanobolhas (NBs) apresenta variação significativa de eficiência na remoção de óleo emulsificado ao longo do dia, mesmo com vazão média semelhante. O operador suspeita que o problema não é apenas “mais reagente” ou “mais tempo”, mas uma combinação de variáveis de projeto/operação. Qual conjunto de parâmetros faz mais sentido priorizar na investigação para explicar a oscilação de desempenho?",True,True,True,3,Fácil
859cba6045-f0-d0-r9-q0,Produção e Processo (Medição Fiscal e Sistema de Alívio),Tratamento de água produzida para descarte,Média,0.89,"Em um FPSO, um separador trifásico na etapa de separação primária está com tempo de residência dentro do previsto e níveis aparentemente estáveis. Ainda assim, a água encaminhada ao tratamento de água produzida apresenta óleo disperso, e o gás de topo chega ao sistema de manuseio com arraste de gotículas de líquido. A equipe discute se esses sinais implicam, por si só, falha de controle de nível ou subdimensionamento do vaso. Qual interpretação está mais alinhada aos fundamentos da separação gravitacional primária?",True,False,False,1,Difícil
859cba6045-f0-d0-r9-q1,Produção e Processo (Medição Fiscal e Sistema de Alívio),Tratamento de água produzida para descarte,Média,0.84,"Na avaliação de alternativas para uma etapa gravitacional atmosférica antes do polimento da água produzida, o time considera um tanque de lavagem e um tanque de água livre (TAL). A alimentação prevista tem emulsão relativamente estável e a estratégia discutida é aumentar a chance de coalescência por contato com uma massa de água durante a subida. Qual opção atende melhor a essa intenção de mecanismo?",True,True,True,3,Fácil
859cba6045-f0-d0-r9-q2,Produção e Processo (Medição Fiscal e Sistema de Alívio),Tratamento de água produzida para descarte,Média,0.84,"Após alguns meses de operação, uma unidade compacta de tratamento de água produzida com múltiplos hidrociclones integrados em um vaso de pressão apresenta perda recorrente de desempenho e dificuldade de intervenção, associadas à incrustação. O time precisa propor um rearranjo que aumente a disponibilidade e reduza o impacto de manutenção quando elementos individuais falharem. Qual solução tende a estar mais alinhada com esse objetivo?",True,True,True,3,Fácil
859cba6045-f0-d0-r9-q3,Produção e Processo (Medição Fiscal e Sistema de Alívio),Tratamento de água produzida para descarte,Média,0.87,"Um FPSO operava com dois vasos flash seguidos por dois tanques skimmer, porém o teor de óleo na água produzida permaneceu acima do limite de descarte. No redesenho do trem, a equipe quer uma solução que some mecanismos (não baseada só em decantação). Qual arranjo é mais compatível com a prática de combinar separação gravitacional primária com etapas de separação fina (polimento)?",True,False,True,2,Média
859cba6045-f0-d0-r11-q1,Produção e Processo (Medição Fiscal e Sistema de Alívio),Tratamento de água produzida para descarte,Fácil,0.88,"Após alguns meses de operação, o FPSO observa que os vasos flash seguidos por tanques skimmer não estão reduzindo o óleo carregado na água a níveis aceitáveis para descarte. Antes de selecionar uma tecnologia adicional, qual interpretação do papel do tanque skimmer e do tempo de residência está mais alinhada ao projeto/funcionamento descrito?",True,True,True,3,Fácil
859cba6045-f0-d0-r11-q2,Produção e Processo (Medição Fiscal e Sistema de Alívio),Tratamento de água produzida para descarte,Média,0.85,"Um FPSO planeja instalar hidrociclones para polimento da água produzida após constatar que flash + skimmer não bastam. Duas opções são avaliadas: (i) um vaso de pressão compacto com múltiplos hidrociclones integrados e (ii) hidrociclones em liners paralelos com elementos substituíveis individualmente. Considerando desempenho ao longo do tempo e manutenção, qual decisão é mais robusta em um cenário com tendência a incrustação?",False,True,True,2,Média
859cba6045-f0-d0-r11-q3,Produção e Processo (Medição Fiscal e Sistema de Alívio),Tratamento de água produzida para descarte,Média,0.81,"Em uma coluna de flotação assistida por micro/nanobolhas para tratar água produzida com óleo disperso (emulsificado), observou-se oscilação no desempenho. Além da etapa de geração de bolhas, a equipe avalia que condições de alimentação e de condicionamento químico podem estar influenciando o resultado. Qual conjunto de variáveis está mais diretamente ligado à eficiência do processo, conforme parâmetros típicos de projeto/operação dessa etapa?",True,True,True,3,Fácil
859cba6045-f0-d0-r11-q5,Produção e Processo (Medição Fiscal e Sistema de Alívio),Tratamento de água produzida para descarte,Média,0.87,"Em um FPSO com histórico de desempenho insuficiente em flash + skimmer, a equipe estuda uma modificação: converter vasos flash em flotadores horizontais operando em paralelo e incluir um vaso degaseificador. Qual encadeamento de raciocínio melhor explica por que essa mudança pode melhorar o desempenho do tratamento de água produzida?",True,True,True,3,Fácil
859cba6045-f0-d0-r12-q0,Produção e Processo (Medição Fiscal e Sistema de Alívio),Tratamento de água produzida para descarte,Média,0.81,"No projeto de um separador gravitacional atmosférico para água produzida em um FPSO, deve-se escolher entre um tanque de lavagem e um tanque de água livre (TAL). A alimentação tem emulsão relativamente estável e o objetivo é aumentar a coalescência já nesta etapa. Qual opção está mais alinhada ao princípio de funcionamento de cada vaso?",False,True,False,1,Difícil
859cba6045-f0-d0-r12-q1,Produção e Processo (Medição Fiscal e Sistema de Alívio),Tratamento de água produzida para descarte,Média,0.89,"Em um FPSO em operação, o arranjo original de tratamento de água produzida (vasos flash seguidos de tanques skimmer) não vem atendendo à especificação de teor de óleo na água para descarte. A equipe avalia opções de retrofit. Qual encaminhamento é mais coerente com a função dos skimmers (remoção de óleo livre por segregação) e com a necessidade de tratar gotículas finas/dispersas na fase aquosa?",False,True,True,2,Média
859cba6045-f0-d0-r12-q2,Produção e Processo (Medição Fiscal e Sistema de Alívio),Tratamento de água produzida para descarte,Média,0.85,"Após instalar hidrociclones no tratamento de água produzida, um FPSO percebe queda recorrente de desempenho associada a incrustações e dificuldade de intervenção. Há duas opções de arranjo: (i) um vaso compacto pressurizado com vários hidrociclones integrados; (ii) um conjunto de hidrociclones em liners paralelos com elementos substituíveis individualmente. Considerando disponibilidade e manutenção, qual decisão é mais defensável?",True,True,True,3,Fácil
859cba6045-f0-d0-r12-q4,Produção e Processo (Medição Fiscal e Sistema de Alívio),Tratamento de água produzida para descarte,Média,0.87,"No projeto conceitual do tratamento de água produzida de um FPSO, deve-se definir a integração entre separação gravitacional e operações de separação fina (hidrociclones e flotação). A alimentação contém óleo livre e também fração relevante de óleo disperso/emulsificado. Qual estratégia de processo tende a atender a especificação de descarte com maior robustez operacional?",True,True,True,3,Fácil
859cba6045-f0-d0-r12-q5,Produção e Processo (Medição Fiscal e Sistema de Alívio),Tratamento de água produzida para descarte,Média,0.82,"Em um FPSO, uma campanha de modificações propõe converter vasos flash existentes em flotadores horizontais e adicionar um vaso degaseificador no trem de tratamento de água produzida. Considerando a lógica de desempenho do sistema e o tipo de limitação observado quando se operava apenas com flash + skimmer, qual interpretação melhor justifica essa arquitetura de retrofit?",True,True,True,3,Fácil
859cba6045-f0-d0-r13-q0,Produção e Processo (Medição Fiscal e Sistema de Alívio),Tratamento de água produzida para descarte,Média,0.81,"Em um FPSO, a água produzida que segue para tratamento apresenta óleo bastante emulsificado, e a equipe quer reforçar a coalescência logo na etapa gravitacional atmosférica, aproveitando contato íntimo entre gotículas e uma massa de água livre. Qual configuração tende a favorecer mais diretamente esse mecanismo?",True,True,True,3,Fácil
859cba6045-f0-d0-r13-q1,Produção e Processo (Medição Fiscal e Sistema de Alívio),Tratamento de água produzida para descarte,Média,0.86,"Na definição do pacote de hidrociclones para tratamento de água produzida em um FPSO, a equipe avalia dois conceitos: (i) um vaso pressurizado com vários ciclones montados internamente e (ii) módulos/cabos (liners) com ciclones instalados em paralelo. Considerando uma planta com recorrência de incrustação e foco em alta disponibilidade, qual escolha de arranjo tende a diminuir a severidade das intervenções quando houver deposição e necessidade de manutenção?",True,True,True,3,Fácil
859cba6045-f0-d0-r13-q3,Produção e Processo (Medição Fiscal e Sistema de Alívio),Tratamento de água produzida para descarte,Média,0.86,"Uma unidade de flotação em coluna para água produzida, assistida por micro/nanobolhas, começa a perder eficiência após aumento de vazão de alimentação. O objetivo é recuperar a remoção de óleo emulsificado sem alterar a qualidade de geração de bolhas (que permaneceu estável). Qual ajuste de processo ataca mais diretamente a causa provável dessa perda de desempenho, considerando parâmetros típicos de flotação?",True,True,True,3,Fácil
859cba6045-f0-d0-r13-q4,Produção e Processo (Medição Fiscal e Sistema de Alívio),Tratamento de água produzida para descarte,Fácil,0.89,"Em uma planta com dois vasos flash seguidos de tanques skimmer, observa-se que, apesar do controle do nível de interface e do ajuste do skimming, a água ainda sai com óleo disperso. Considerando a função típica de um skimmer no tratamento, qual interpretação e encaminhamento é mais consistente?",True,True,True,3,Fácil
859cba6045-f0-d0-r14-q0,Produção e Processo (Medição Fiscal e Sistema de Alívio),Tratamento de água produzida para descarte,Média,0.83,"Durante o comissionamento de um FPSO, a equipe observa que a água produzida na saída do separador primário ainda carrega óleo disperso e parte desse óleo parece permanecer emulsificado. No projeto, existem duas opções de separador gravitacional atmosférico a montante do tratamento fino: um tanque de lavagem e um tanque de água livre (TAL). Considerando o princípio de funcionamento de cada um, qual escolha tende a favorecer mais a coalescência por contato direto entre gotículas da emulsão e uma massa de água durante a subida do fluido?",True,True,True,3,Fácil
859cba6045-f0-d0-r14-q3,Produção e Processo (Medição Fiscal e Sistema de Alívio),Tratamento de água produzida para descarte,Média,0.86,"Um flotador em coluna para água produzida foi instalado a jusante de hidrociclones, com auxílio de floculação em linha. Em um teste de otimização, a equipe busca melhorar a remoção de óleo emulsificado sem alterar o tipo de equipamento. Com base nos parâmetros de processo reconhecidos como relevantes para eficiência de flotação, qual conjunto de ajustes é mais diretamente associado à melhoria de captura/remoção no flotador?",False,False,True,1,Difícil
859cba6045-f0-d0-r14-q4,Produção e Processo (Medição Fiscal e Sistema de Alívio),Tratamento de água produzida para descarte,Média,0.84,"Em um projeto piloto de flotação assistida por nanobolhas (NBs) em FPSO, a geração de NBs é feita em recirculação de água usando bomba centrífuga e constritores de fluxo (por exemplo, válvula agulha ou venturi) para trabalhar em regimes de alta vazão. Para comparar dois arranjos mecânicos de geração e decidir qual tende a sustentar melhor a eficiência de flotação, qual critério de monitoramento é o mais decisivo, por estar diretamente ligado ao mecanismo de captura de gotículas e à performance do processo?",True,True,False,2,Média
859cba6045-f0-d0-r14-q5,Produção e Processo (Medição Fiscal e Sistema de Alívio),Tratamento de água produzida para descarte,Média,0.84,"Após um aumento de produção, o FPSO passa a registrar piora no teor de óleo na água (OIW) na linha a montante do descarte, sem indicação de falha de instrumentação. Em ronda, observa-se que o nível total e a posição da interface no tanque skimmer seguem controlados dentro da faixa usual, porém a vazão pelo trem aumentou e a água de saída aparenta maior turbidez. Considerando o efeito do tempo de residência em equipamentos gravitacionais e o mecanismo de remoção por skimming da camada superior, qual diagnóstico e medida de curto prazo é mais coerente com o funcionamento esperado do sistema?",False,True,True,2,Média
859cba6045-f0-d0-r16-q1,Produção e Processo (Medição Fiscal e Sistema de Alívio),Tratamento de água produzida para descarte,Média,0.86,"Em uma unidade de tratamento de água produzida em FPSO, estão sendo comparados dois arranjos de hidrociclones: (i) um conjunto integrado em um único vaso de pressão compacto e (ii) módulos tipo liner operando em paralelo, com partes internas removíveis por módulo. O histórico operacional mostra recorrência de incrustação e intervenções de manutenção frequentes. Nesse contexto, qual configuração tende a manter maior disponibilidade operacional e por qual motivo principal?",True,True,True,3,Fácil
859cba6045-f0-d0-r16-q3,Produção e Processo (Medição Fiscal e Sistema de Alívio),Tratamento de água produzida para descarte,Média,0.82,"Em uma unidade piloto de flotação em coluna para tratamento de água produzida, a remoção de óleo emulsificado oscila: em certos períodos a eficiência cai sem variações relevantes na vazão de alimentação. A equipe confirma que a geração contínua de nanobolhas/microbolhas em recirculação está ativa, mas suspeita de sensibilidade a condições operacionais na própria coluna. Quais ajustes de variáveis operacionais tendem a ter relação mais direta com a eficiência de flotação nesse tipo de sistema?",False,True,True,2,Média
859cba6045-f0-d0-r16-q4,Produção e Processo (Medição Fiscal e Sistema de Alívio),Tratamento de água produzida para descarte,Média,0.87,"Em uma campanha de melhoria do tratamento de água produzida, vasos flash foram convertidos em flotadores horizontais operando em paralelo e um vaso degaseificador foi incluído no processo. Considerando a interação entre operações de separação e as limitações observadas quando flash/skimmer isolados não eram suficientes, qual racional técnico melhor justifica a inclusão do degaseificador junto com a flotação?",True,True,True,3,Fácil
859cba6045-f0-d0-r17-q2,Produção e Processo (Medição Fiscal e Sistema de Alívio),Tratamento de água produzida para descarte,Média,0.88,"Em um retrofit do sistema de tratamento de água produzida de um FPSO com forte restrição de área, foi adotada uma solução compacta: um vaso pressurizado reunindo múltiplos elementos de hidrociclone. Alguns meses após a partida, observou-se perda de eficiência associada a incrustações e a equipe relatou baixa acessibilidade para intervenção, exigindo paradas longas. Considerando esse mecanismo de degradação, qual arranjo tende a aumentar a disponibilidade operacional, ainda que demande maior ocupação de espaço?",True,True,True,3,Fácil
859cba6045-f0-d0-r17-q3,Produção e Processo (Medição Fiscal e Sistema de Alívio),Tratamento de água produzida para descarte,Média,0.89,"Uma unidade piloto de flotação em coluna, assistida por nanobolhas/microbolhas geradas em recirculação, vinha atendendo ao requisito de descarte. Após um aumento da vazão de água produzida, o teor de óleo na água clarificada aumentou, sem mudança relevante no grau de emulsificação da alimentação. Entre os parâmetros abaixo, qual está mais diretamente ligado a essa mudança de condição e deve ser o primeiro a ser reavaliado no flotador?",False,True,True,2,Média
859cba6045-f0-d0-r17-q4,Produção e Processo (Medição Fiscal e Sistema de Alívio),Tratamento de água produzida para descarte,Média,0.88,"Em uma planta onde vasos flash e tanques skimmer não apresentaram desempenho satisfatório no tratamento de água produzida, avaliou-se converter os vasos flash em flotadores horizontais e adicionar um vaso degaseificador, mantendo unidades em paralelo durante a transição. Qual justificativa técnica melhor relaciona essa modificação aos mecanismos necessários para reduzir o óleo na corrente aquosa até limites de descarte?",True,True,False,2,Média
859cba6045-f0-d0-r17-q5,Produção e Processo (Medição Fiscal e Sistema de Alívio),Tratamento de água produzida para descarte,Fácil,0.91,"Na investigação de um aumento de óleo na água de descarte de um FPSO, foram levantadas duas interpretações: (i) o esquema teria falhado por não existir uma única etapa que entregue, por si só, a especificação final de descarte; (ii) o esquema teria falhado por não combinar operações com princípios diferentes para lidar com óleo em formas distintas (óleo livre vs. óleo disperso/emulsificado). Qual interpretação é mais compatível com a arquitetura usual de tratamento de água produzida para descarte?",False,False,True,1,Difícil
859cba6045-f0-d0-r18-q0,Produção e Processo (Medição Fiscal e Sistema de Alívio),Tratamento de água produzida para descarte,Média,0.84,"Durante a partida de um FPSO após parada longa, a água produzida chega ao tratamento com emulsão mais estável e maior fração de óleo disperso. A equipe avalia dois separadores gravitacionais atmosféricos disponíveis para atuar como etapa de separação primária antes de processos mais finos. Considerando o princípio de funcionamento, qual configuração tende a oferecer maior estímulo à coalescência logo na entrada, favorecendo a remoção de óleo na região superior?",True,True,True,3,Fácil
859cba6045-f0-d0-r18-q1,Produção e Processo (Medição Fiscal e Sistema de Alívio),Tratamento de água produzida para descarte,Média,0.9,"Em uma unidade de tratamento de água produzida de um FPSO, a eficiência de remoção de óleo cai progressivamente por causa de incrustações recorrentes. O arranjo atual usa um vaso de pressão compacto com vários hidrociclones integrados. A meta é recuperar a disponibilidade operacional e reduzir o impacto de manutenção quando ocorrer incrustação. Qual alteração de arranjo é mais consistente com esse objetivo?",True,True,True,3,Fácil
859cba6045-f0-d0-r18-q2,Produção e Processo (Medição Fiscal e Sistema de Alívio),Tratamento de água produzida para descarte,Fácil,0.89,"Um FPSO opera com dois vasos flash seguidos por dois tanques skimmer, mas a análise de descarte ainda indica óleo carregado acima do esperado na água. A equipe quer uma etapa complementar de separação fina sem depender apenas de mais tempo de residência. Qual intervenção é mais alinhada a um mecanismo adicional de separação que se oponha à sedimentação natural e reduza o óleo disperso?",True,True,True,3,Fácil
859cba6045-f0-d0-r18-q3,Produção e Processo (Medição Fiscal e Sistema de Alívio),Tratamento de água produzida para descarte,Média,0.87,"Uma unidade piloto de flotação em coluna (com ar dissolvido e possibilidade de uso de nanobolhas/microbolhas) apresenta remoção insuficiente de óleo emulsificado em um FPSO. O operador observa formação de espuma pouco estável e arraste de gotas para o efluente. Considerando parâmetros de processo típicos que influenciam a eficiência de flotação, qual conjunto de alavancas faz mais sentido investigar/ajustar primeiro?",True,False,True,2,Média
859cba6045-f0-d0-r18-q4,Produção e Processo (Medição Fiscal e Sistema de Alívio),Tratamento de água produzida para descarte,Difícil,0.83,"Em uma modificação de processo em um FPSO, vasos flash existentes são convertidos em flotadores horizontais para reforçar o tratamento de água produzida. Em paralelo, inclui-se um vaso degaseificador e os flotadores passam a operar em paralelo. Qual justificativa técnica melhor explica esse conjunto de mudanças como resposta às limitações do arranjo original baseado em flash seguido de skimming?",True,True,True,3,Fácil
859cba6045-f0-d0-r19-q0,Produção e Processo (Medição Fiscal e Sistema de Alívio),Tratamento de água produzida para descarte,Média,0.82,"Em um FPSO, a água produzida que segue para tratamento contém emulsão estável e a equipe quer reforçar a coalescência usando um separador gravitacional atmosférico, mantendo baixa turbulência na zona de separação. Entre duas opções de vasos, qual configuração tende a aumentar mais o contato entre as gotículas da emulsão e a massa de água livre durante a subida, favorecendo coalescência antes da estratificação no topo?",True,True,True,3,Fácil
859cba6045-f0-d0-r19-q1,Produção e Processo (Medição Fiscal e Sistema de Alívio),Tratamento de água produzida para descarte,Média,0.91,"Após uma campanha de produção, observa-se que o esquema original de dois vasos flash seguidos de tanques skimmer não está reduzindo o óleo na água a níveis adequados para descarte. A equipe precisa propor um reforço de separação que ataque o óleo ainda carregado na água sem depender apenas de aumentar volumes e tempo de residência. Qual abordagem é mais coerente para elevar a eficiência global do tratamento?",True,True,True,3,Fácil
859cba6045-f0-d0-r19-q2,Produção e Processo (Medição Fiscal e Sistema de Alívio),Tratamento de água produzida para descarte,Média,0.86,"Um FPSO avalia duas arquiteturas de hidrociclones para água produzida: (i) um vaso de pressão compacto com múltiplos hidrociclones integrados e (ii) um banco de hidrociclones em liners paralelos, com elementos substituíveis individualmente. O histórico do campo indica tendência a incrustação e necessidade de intervenções frequentes. Considerando desempenho sustentado e disponibilidade, qual decisão de projeto tende a ser mais robusta?",True,False,True,2,Média
859cba6045-f0-d0-r19-q3,Produção e Processo (Medição Fiscal e Sistema de Alívio),Tratamento de água produzida para descarte,Média,0.87,"Uma unidade de flotação em coluna para água produzida apresenta desempenho variável na remoção de óleo emulsificado. A geração de bolhas está estável, mas a equipe suspeita que a condição hidráulica e o condicionamento químico estejam limitando a captura das gotículas. Qual conjunto de variáveis de processo faz mais sentido priorizar em uma rodada de otimização para atacar esse tipo de limitação?",True,True,True,3,Fácil
859cba6045-f0-d0-r19-q4,Produção e Processo (Medição Fiscal e Sistema de Alívio),Tratamento de água produzida para descarte,Média,0.86,"Durante um revamp de tratamento de água produzida em um FPSO, a equipe decide reutilizar vasos existentes para aumentar a eficiência de remoção de óleo antes do descarte. Em experiências anteriores, optou-se por transformar vasos flash em flotadores horizontais e incluir um equipamento adicional para lidar com gases na corrente. Qual arranjo é mais consistente com essa estratégia de modificação?",True,True,False,2,Média
859cba6045-f1-d0-r20-q0,Produção e Processo (Medição Fiscal e Sistema de Alívio),Tratamento de água produzida para descarte,Média,0.91,"Em um FPSO, duas campanhas de poços passaram a produzir óleos com separabilidade distinta. A operação observou que o mesmo desemulsificante, na mesma dosagem e no mesmo ponto de injeção, funciona bem em uma campanha, mas na outra gera separação mais lenta e água de saída mais turva. Considerando o que controla a estabilidade de emulsões e a lógica de seleção/dosagem de desemulsificantes, qual abordagem é mais consistente para redefinir produto e dosagem?",True,True,True,3,Fácil
859cba6045-f1-d0-r20-q1,Produção e Processo (Medição Fiscal e Sistema de Alívio),Tratamento de água produzida para descarte,Média,0.9,"Após uma alteração no controle de processo, foi instalada uma válvula de controle para impor perda de carga na linha entre um estágio de pré-separação e um tratador eletrostático. Nas semanas seguintes, houve piora da separação e aumento de carga no tratamento de água produzida. Qual explicação e qual ação de engenharia melhor endereçam o problema?",True,True,True,3,Fácil
859cba6045-f1-d0-r20-q2,Produção e Processo (Medição Fiscal e Sistema de Alívio),Tratamento de água produzida para descarte,Fácil,0.89,"Com o aumento do corte de água, a unidade passa a lidar com emulsões mais estáveis no tratador. A equipe discute intensificar o desemulsificante, ajustar o campo elétrico ou coordenar os dois recursos. Considerando os mecanismos de desestabilização e separação, qual justificativa melhor sustenta uma estratégia combinada e coordenada?",True,True,True,3,Fácil
859cba6045-f1-d0-r20-q3,Produção e Processo (Medição Fiscal e Sistema de Alívio),Tratamento de água produzida para descarte,Fácil,0.85,"Em uma parada curta, a operação propõe direcionar a água separada na desidratação do óleo diretamente para descarte, argumentando que “já saiu do óleo, então está tratada”. Do ponto de vista de integração de fluxos e garantia de qualidade de descarte/reuso, qual avaliação é mais adequada?",True,True,True,3,Fácil
859cba6045-f1-d0-r20-q5,Produção e Processo (Medição Fiscal e Sistema de Alívio),Tratamento de água produzida para descarte,Média,0.86,"Em uma dessalgagem eletrostática em dois estágios com controle de tensão tipo LRC, observa-se variação de desempenho ao alternar lotes de água de diluição com diferentes salinidades/composição iônica e com presença variável de sólidos. A equipe cogita compensar a mudança regulando apenas a tensão. Qual plano é mais consistente com uma resposta de engenharia robusta para estabilizar a separação e reduzir, indiretamente, o impacto nas correntes aquosas enviadas ao tratamento antes de descarte/reuso?",True,True,True,3,Fácil
859cba6045-f1-d0-r21-q1,Produção e Processo (Medição Fiscal e Sistema de Alívio),Tratamento de água produzida para descarte,Média,0.9,"Na investigação de uma emulsão persistente no óleo produzido (com surfactantes naturais e presença de sólidos), considera-se combinar injeção de desemulsificante e um tratador eletrostático para reduzir o teor de água no óleo e, simultaneamente, reduzir o arraste de óleo na fase aquosa enviada ao tratamento de água produzida. Qual justificativa descreve melhor o caráter complementar desses dois mecanismos?",True,True,True,3,Fácil
859cba6045-f1-d0-r21-q2,Produção e Processo (Medição Fiscal e Sistema de Alívio),Tratamento de água produzida para descarte,Média,0.86,"Após um tratador eletrostático no trem de óleo, a água separada apresenta traços de óleo e é encaminhada para o sistema de água produzida. Em paralelo, em uma configuração com dessalgagem eletrostática, existe uma salmoura de fundo com características próprias. Considerando boas práticas para garantir qualidade de descarte, qual encaminhamento e manejo de correntes é mais adequado?",True,True,True,3,Fácil
859cba6045-f1-d0-r21-q3,Produção e Processo (Medição Fiscal e Sistema de Alívio),Tratamento de água produzida para descarte,Média,0.9,"Em um retrofit para uma linha compacta (separador trifásico reduzido seguido de DeGasser, ElectroCoalescer e DeWater inline), o comissionamento indicou baixo desempenho e aumento de óleo na água descartada. A investigação apontou emulsão formada a montante, atribuída a uma válvula de controle na linha de óleo operando com grande perda de carga. Qual ação de engenharia é mais coerente para recuperar a separação no trem compacto?",True,True,True,3,Fácil
859cba6045-f1-d0-r21-q4,Produção e Processo (Medição Fiscal e Sistema de Alívio),Tratamento de água produzida para descarte,Difícil,0.84,"Em uma dessalgagem eletrostática de dois estágios com controle LRC (Low Range Control), a operação relatou piora na separação quando tentou aumentar a tensão de forma fixa para “forçar” a coalescência. Considerando que o processo pode alternar regiões de baixa e alta condutividade e envolve ciclos de dispersão/mistura/coalescência/separação, qual ajuste de filosofia operacional é mais coerente com o conceito do LRC?",True,True,True,3,Fácil
859cba6045-f1-d0-r22-q0,Produção e Processo (Medição Fiscal e Sistema de Alívio),Tratamento de água produzida para descarte,Média,0.85,"Em um FPSO, a equipe observa piora súbita na qualidade da água produzida para descarte (maior arraste de óleo) logo após a abertura de uma válvula de controle na linha de óleo entre o separador primário e o tratador eletrostático, para impor maior perda de carga entre estágios. Considerando os mecanismos de formação de emulsões e seus impactos a jusante, qual interpretação e ação inicial são mais consistentes?",True,True,False,2,Média
859cba6045-f1-d0-r22-q1,Produção e Processo (Medição Fiscal e Sistema de Alívio),Tratamento de água produzida para descarte,Fácil,0.88,"Após um aumento de sedimentos e sólidos no óleo produzido, o teor de água no óleo tratado começa a oscilar e a água separada passa a carregar mais gotas finas de óleo. A equipe considera ajustes no condicionamento do escoamento antes do estágio final de separação. Qual intervenção é mais alinhada ao mecanismo de desestabilização de emulsões descrito para desemulsificantes?",False,False,True,1,Difícil
859cba6045-f1-d0-r22-q4,Produção e Processo (Medição Fiscal e Sistema de Alívio),Tratamento de água produzida para descarte,Média,0.73,"Um FPSO considera trocar vasos maiores por uma configuração compacta: um vaso trifásico reduzido seguido de estágios ciclônicos inline (InLine DeGasser, InLine ElectroCoalescer e InLine DeWater). No comissionamento, ao elevar a vazão, a separação piora e o teor de óleo na água produzida aumenta. Qual diagnóstico e ação de mitigação melhor se alinham às premissas desse arranjo e às causas operacionais de emulsificação?",True,True,True,3,Fácil
859cba6045-f1-d0-r22-q5,Produção e Processo (Medição Fiscal e Sistema de Alívio),Tratamento de água produzida para descarte,Difícil,0.78,"Em uma dessalgagem eletrostática em dois estágios com controle LRC, a equipe tenta reduzir o óleo residual na água produzida ajustando a tensão aplicada. Após um aumento rápido da tensão, passa a haver mais gotas finas dispersas na fase aquosa, piorando a separação a jusante. Qual interpretação operacional explica melhor o efeito e orienta o ajuste?",True,True,True,3,Fácil
859cba6045-f1-d0-r23-q0,Produção e Processo (Medição Fiscal e Sistema de Alívio),Tratamento de água produzida para descarte,Média,0.87,"Após mudar a estratégia de controle de nível no primeiro separador, passou-se a usar uma válvula de controle com grande queda de pressão na linha de óleo entre a pré-separação e o tratador eletrostático. Nos dias seguintes, a emulsão ficou mais estável e o teor de óleo na água enviada ao tratamento de água produzida aumentou, dificultando atender ao descarte. Considerando a formação de emulsões por cisalhamento/perda de carga e a integração do processo, qual ação tende a atacar a causa mais provável?",True,True,True,3,Fácil
859cba6045-f1-d0-r23-q1,Produção e Processo (Medição Fiscal e Sistema de Alívio),Tratamento de água produzida para descarte,Média,0.88,"Em um FPSO, a água de diluição usada na lavagem/dessalga alternará entre (i) água de processo com adição de álcali (pH mais alto) e (ii) uma água com menor teor de sais. A equipe deseja manter a qualidade da água descartada (após o retorno da água removida do óleo para a água produzida) sem depender de ajustes “no feeling” a bordo. Qual abordagem está mais alinhada a boas práticas para escolher e dosar o desemulsificante nesse cenário?",True,True,True,3,Fácil
859cba6045-f1-d0-r23-q3,Produção e Processo (Medição Fiscal e Sistema de Alívio),Tratamento de água produzida para descarte,Média,0.83,"Em uma linha de tratamento com separador primário seguido de dessalga eletrostática em dois estágios, a água removida do óleo (incluindo a salmoura de fundo dos estágios) precisa ser tratada antes de descarte/reuso. Na investigação de um aumento de óleo na água tratada, foi identificada uma prática de rotina que misturava correntes de fundo diretamente na linha de descarte para “diluir” a concentração. Qual encaminhamento de correntes é mais aderente à lógica de integração de processo e ao objetivo de garantir qualidade de descarte?",True,True,True,3,Fácil
859cba6045-f1-d0-r23-q4,Produção e Processo (Medição Fiscal e Sistema de Alívio),Tratamento de água produzida para descarte,Média,0.84,"Um projeto de compactação substituiu vasos grandes por um vaso separador trifásico reduzido seguido por estágios ciclônicos inline (DeGasser, ElectroCoalescer e DeWater). Em operação, o desempenho caiu quando a produção passou a apresentar emulsificação mais intensa a montante, elevando o óleo na água produzida. Considerando as premissas desse arranjo, qual medida tende a recuperar desempenho com menor impacto estrutural no sistema?",True,False,True,2,Média
859cba6045-f1-d0-r24-q0,Produção e Processo (Medição Fiscal e Sistema de Alívio),Tratamento de água produzida para descarte,Média,0.88,"Em um FPSO, o teor de óleo na água produzida passa a exceder a especificação após o separador de produção começar a entregar uma emulsão água‑em‑óleo mais resistente. Observam‑se gotículas muito pequenas e pouca coalescência a montante do tratador eletrostático. À luz de como atuam os desemulsificantes, qual ação tem maior chance de recuperar a separação e reduzir o arraste de óleo para a fase aquosa?",True,True,True,3,Fácil
859cba6045-f1-d0-r24-q2,Produção e Processo (Medição Fiscal e Sistema de Alívio),Tratamento de água produzida para descarte,Difícil,0.88,"Uma arquitetura compacta (vaso trifásico reduzido seguido de estágios ciclônicos inline com DeGasser, ElectroCoalescer e DeWater) foi instalada para reduzir o inventário de vasos. Após a partida, o desempenho cai e a água produzida passa a sair com maior teor de óleo. A investigação indica que a alimentação do vaso inicial já chega com emulsão bem formada. Qual ação tende a atacar a causa mais provável, mantendo a qualidade de descarte?",True,False,False,1,Difícil
859cba6045-f1-d0-r24-q3,Produção e Processo (Medição Fiscal e Sistema de Alívio),Tratamento de água produzida para descarte,Fácil,0.86,"Após ajustes de desemulsificação e campo elétrico, o teor de água no óleo exportado melhora, mas a corrente aquosa separada passa a carregar mais óleo e segue para o sistema de água produzida. Para manter a conformidade ambiental do descarte, qual encaminhamento de processo é mais coerente com uma operação integrada?",False,True,True,2,Média
859cba6045-f1-d0-r25-q1,Produção e Processo (Medição Fiscal e Sistema de Alívio),Tratamento de água produzida para descarte,Fácil,0.86,"Em uma investigação de baixo desempenho na quebra de emulsão em um tratador, a equipe discute os mecanismos envolvidos na ação do desemulsificante e do campo elétrico. Qual explicação está mais alinhada com o mecanismo esperado para acelerar a separação óleo-água?",True,True,False,2,Média
859cba6045-f1-d0-r25-q3,Produção e Processo (Medição Fiscal e Sistema de Alívio),Tratamento de água produzida para descarte,Média,0.87,"Foi proposta uma configuração compacta para FPSO visando reduzir o volume de vasos: um separador trifásico de dimensões reduzidas seguido por estágios ciclônicos inline (desgaseificação, eletrocoalescência e desaguamento). No comissionamento, o desempenho ficou abaixo do esperado e as análises mostraram que a corrente já chegava ao vaso inicial com emulsão óleo‑água estável. Qual ação tende a ser mais crítica para tornar esse conceito compacto viável?",True,True,False,2,Média
859cba6045-f1-d0-r25-q4,Produção e Processo (Medição Fiscal e Sistema de Alívio),Tratamento de água produzida para descarte,Difícil,0.77,"Em uma dessalgagem eletrostática em dois estágios com controle de tensão por LRC, a condutividade da fase aquosa varia com a água de diluição/salmoura. Em alguns períodos observa-se dispersão excessiva de gotas; em outros, coalescência lenta, com maior arraste de água no óleo e maior carga de óleo na salmoura enviada ao tratamento. Qual ajuste operacional é mais coerente com a função do LRC e com os mecanismos de dispersão/mistura/coalescência no tratador?",True,True,True,3,Fácil
859cba6045-f1-d0-r25-q5,Produção e Processo (Medição Fiscal e Sistema de Alívio),Tratamento de água produzida para descarte,Média,0.87,"Após ajuste de desemulsificante para otimizar a exportação, um FPSO passou a registrar aumento de óleo na água produzida para descarte. Constatou-se que a água retirada do óleo (incluindo salmouras de fundo de tratadores eletrostáticos) está sendo misturada à corrente de água produzida, alterando a carga oleosa e o desempenho do tratamento. Qual estratégia integrada tende a ser mais robusta para manter a conformidade do descarte sem degradar a separação do óleo?",True,True,True,3,Fácil
859cba6045-f1-d0-r26-q4,Produção e Processo (Medição Fiscal e Sistema de Alívio),Tratamento de água produzida para descarte,Média,0.87,"Após ajustar a dosagem de desemulsificante e a operação do tratador eletrostático, o teor de água no óleo exportado melhorou, porém a água produzida a jusante do tratamento passou a sair com maior OiW (óleo na água). Considerando a integração das correntes do processo, qual leitura é mais consistente e qual ação é mais adequada para manter a qualidade de descarte/reúso?",True,True,True,3,Fácil
859cba6045-f1-d0-r27-q1,Produção e Processo (Medição Fiscal e Sistema de Alívio),Tratamento de água produzida para descarte,Média,0.85,"Uma unidade avalia substituir parte de vasos convencionais por uma solução compacta com estágios ciclônicos inline (DeGasser, ElectroCoalescer e DeWater). Em testes de campo, a performance caiu quando a mistura enviada ao vaso inicial estava fortemente emulsificada. Qual decisão de operação/projeto é mais coerente para recuperar desempenho sem ampliar significativamente o porte dos vasos?",True,True,True,3,Fácil
859cba6045-f1-d0-r27-q3,Produção e Processo (Medição Fiscal e Sistema de Alívio),Tratamento de água produzida para descarte,Média,0.88,"Após a instalação de uma nova válvula choke para controlar perda de carga entre estágios de separação em uma campanha com óleo mais viscoso, observou-se aumento de emulsões e piora na separabilidade a jusante, com reflexo na qualidade do óleo e no volume de água que retorna à linha de água produzida. Qual ajuste é mais alinhado com uma mitigação de causa provável desse comportamento?",True,True,True,3,Fácil
859cba6045-f1-d0-r27-q4,Produção e Processo (Medição Fiscal e Sistema de Alívio),Tratamento de água produzida para descarte,Difícil,0.71,"Em uma unidade de dessalgagem eletrostática equipada com controle de tensão LRC, deseja-se reduzir o teor de água no óleo e manter a separação estável mesmo quando a emulsão muda de comportamento ao longo do dia. Considerando que, entre eletrodos, podem coexistir regiões de menor condutividade (onde aumentos rápidos do gradiente de tensão tendem a dispersar gotas maiores) e regiões mais condutivas (onde o campo favorece coalescência e uniformização de gotas), qual estratégia de uso do LRC é a mais coerente com esses fenômenos ao longo do tempo de residência?",True,True,True,3,Fácil
859cba6045-f1-d0-r27-q5,Produção e Processo (Medição Fiscal e Sistema de Alívio),Tratamento de água produzida para descarte,Fácil,0.9,"Uma plataforma está revisando o fluxo de correntes para garantir conformidade ambiental no descarte de água produzida. Na prática, parte da água removida do óleo nos tratadores (incluindo correntes aquosas oriundas de etapas de dessalga) vinha sendo direcionada para um caminho alternativo com tratamento limitado, sob a premissa de que já saiu de uma etapa de separação do óleo. Qual arranjo de manejo de correntes é mais consistente com uma abordagem robusta para garantir qualidade de descarte/reuso?",True,True,True,3,Fácil
859cba6045-f1-d0-r28-q0,Produção e Processo (Medição Fiscal e Sistema de Alívio),Tratamento de água produzida para descarte,Média,0.9,"Em um FPSO, a concentração de óleo na água produzida destinada ao descarte começou a subir após uma campanha com mudança no blend de óleo e aumento de sólidos finos (areia/argila). O trem de separação (gravidade + tratador eletrostático) não foi alterado. Qual ação tende a atacar a causa mais provável do aumento de óleo na água, com maior chance de recuperar a separabilidade sem mudanças de hardware?",True,False,True,2,Média
859cba6045-f1-d0-r28-q1,Produção e Processo (Medição Fiscal e Sistema de Alívio),Tratamento de água produzida para descarte,Média,0.86,"Uma unidade offshore avalia substituir vasos grandes por uma arquitetura compacta: separação grosseira seguida por estágios ciclônicos inline (DeGasser, ElectroCoalescer e DeWater). Em testes de campo, o desempenho piora quando a vazão oscila e a válvula de controle a montante opera com grande queda de pressão. Qual interpretação melhor orienta a correção do problema?",True,True,True,3,Fácil
859cba6045-f1-d0-r28-q2,Produção e Processo (Medição Fiscal e Sistema de Alívio),Tratamento de água produzida para descarte,Difícil,0.83,"Na otimização de uma dessalgagem eletrostática em dois estágios com controle LRC de tensão, observa-se que aumentar a abertura da válvula misturadora (maior cisalhamento/mistura com a água de diluição) melhora a remoção de sais em algumas condições, mas em outras piora o desempenho e aumenta o óleo arrastado para a corrente aquosa enviada ao tratamento. Qual raciocínio é mais consistente para orientar os ajustes operacionais?",True,True,True,3,Fácil
859cba6045-f1-d0-r28-q3,Produção e Processo (Medição Fiscal e Sistema de Alívio),Tratamento de água produzida para descarte,Fácil,0.87,"Após a separação óleo/água no trem de produção, a água removida do óleo (incluindo salmouras de dessalga) pode conter fração oleosa e segue para a malha de água produzida, que deve cumprir requisitos ambientais de descarte. Qual arranjo de manejo de correntes está mais alinhado com uma operação integrada para preservar a qualidade do efluente final?",True,True,True,3,Fácil
859cba6045-f1-d0-r28-q5,Produção e Processo (Medição Fiscal e Sistema de Alívio),Tratamento de água produzida para descarte,Fácil,0.87,"Ao revisar a estratégia de redução de óleo na água produzida (para descarte/reuso), um engenheiro precisa explicar por que combinar desemulsificante e tratador eletrostático costuma ser mais robusto do que depender de apenas um deles. Qual descrição está tecnicamente mais consistente com os mecanismos envolvidos?",True,True,True,3,Fácil
859cba6045-f1-d0-r29-q0,Produção e Processo (Medição Fiscal e Sistema de Alívio),Tratamento de água produzida para descarte,Média,0.92,"Em um FPSO, a equipe observa que, após uma troca de lote de petróleo, o tratador eletrostático mantém desempenho apenas quando a dosagem de desemulsificante é aumentada, mesmo sem mudanças de temperatura. Considerando os mecanismos de desestabilização de emulsões, qual explicação suporta melhor o uso combinado de químico e campo elétrico para recuperar a separação?",True,True,True,3,Fácil
859cba6045-f1-d0-r29-q1,Produção e Processo (Medição Fiscal e Sistema de Alívio),Tratamento de água produzida para descarte,Média,0.86,"Durante uma campanha de otimização, o FPSO reduz o teor de água no óleo exportado por ajustes de processo no tratador eletrostático. Nos dias seguintes, o sistema de água produzida passa a operar mais carregado e o descarte fica mais sensível a variações. Qual encaminhamento é mais coerente com o manejo integrado das correntes geradas no condicionamento do óleo?",True,True,True,3,Fácil
859cba6045-f1-d0-r29-q2,Produção e Processo (Medição Fiscal e Sistema de Alívio),Tratamento de água produzida para descarte,Média,0.92,"Um FPSO vai iniciar a produção de um novo poço e precisa selecionar o desemulsificante, definir a dosagem e o ponto de injeção. A equipe pode preparar água de diluição com salinidade e composição iônica ajustáveis (inclusive variando a proporção entre sais). Qual abordagem é mais consistente com uma definição robusta do químico e da dose para atender a qualidade da água para descarte?",True,True,True,3,Fácil
859cba6045-f1-d0-r29-q3,Produção e Processo (Medição Fiscal e Sistema de Alívio),Tratamento de água produzida para descarte,Difícil,0.88,"Em um projeto de revitalização, parte da separação convencional foi substituída por uma arquitetura compacta: vaso trifásico reduzido seguido de estágios ciclônicos inline (InLine DeGasser, InLine ElectroCoalescer e InLine DeWater). Durante o comissionamento, a eficiência de remoção de água do óleo piora sempre que a planta opera próxima às condições de maior perda de carga na linha de óleo. Qual interpretação e ação corretiva é mais consistente com os requisitos dessa arquitetura?",True,True,True,3,Fácil
859cba6045-f1-d0-r29-q5,Produção e Processo (Medição Fiscal e Sistema de Alívio),Tratamento de água produzida para descarte,Difícil,0.85,"Em uma unidade de dessalgagem eletrostática em dois estágios, a equipe precisa reduzir o sal residual no óleo e, ao mesmo tempo, diminuir a instabilidade da separação. Observa-se que o desempenho muda com a salinidade/composição iônica da água de diluição e com o modo de mistura. Considerando que há trechos de baixa e alta condutividade entre eletrodos e que existe controle por modulação de tensão (LRC), qual estratégia é mais coerente para estabilizar a operação sem aumentar desnecessariamente a emulsificação?",True,False,True,2,Média
859cba6045-f1-d0-r30-q0,Produção e Processo (Medição Fiscal e Sistema de Alívio),Tratamento de água produzida para descarte,Média,0.89,"Em um FPSO, após uma campanha de otimização para reduzir o óleo na água descartada, a equipe aumenta a dosagem de desemulsificante no condicionamento do óleo antes do tratador eletrostático. Mesmo assim, observa-se piora na separação e aumento de arraste de óleo para a corrente aquosa. Ao mesmo tempo, foi registrada maior abertura de uma válvula de controle (com grande queda de pressão) na linha entre o separador primário e o tratador. Qual explicação é mais consistente com o comportamento observado e orienta melhor a correção do problema?",True,True,True,3,Fácil
859cba6045-f1-d0-r30-q1,Produção e Processo (Medição Fiscal e Sistema de Alívio),Tratamento de água produzida para descarte,Média,0.88,"Uma unidade deseja selecionar um desemulsificante para melhorar a remoção de água do óleo e, por consequência, reduzir a carga oleosa que retorna à corrente de água produzida antes do descarte. O time de processo recebeu propostas de diferentes produtos e precisa definir uma estratégia de seleção e de definição de dose/ponto de injeção que seja tecnicamente defensável. Qual abordagem atende melhor esse objetivo?",True,True,True,3,Fácil
859cba6045-f1-d0-r30-q2,Produção e Processo (Medição Fiscal e Sistema de Alívio),Tratamento de água produzida para descarte,Difícil,0.85,"Na integração entre a dessalgagem eletrostática em dois estágios e o sistema de água produzida, o FPSO passou a usar água de diluição com adição de álcali (pH mais alto) na lavagem do óleo. Após a mudança, observou-se variação na eficiência de separação e maior sensibilidade a ajustes de tensão no tratador, afetando a qualidade da água a ser tratada para descarte. Qual linha de raciocínio melhor sustenta as ações de engenharia a seguir?",True,True,True,3,Fácil
859cba6045-f1-d0-r30-q3,Produção e Processo (Medição Fiscal e Sistema de Alívio),Tratamento de água produzida para descarte,Média,0.86,"Um projeto propõe substituir parte de vasos convencionais por uma solução compacta com vaso separador trifásico reduzido seguido de estágios ciclônicos inline (DeGasser, ElectroCoalescer e DeWater). Em uma simulação de comissionamento, o desempenho cai quando a mistura chega ao vaso inicial com emulsão estável. Qual medida de processo é mais alinhada ao princípio de funcionamento dessa arquitetura e tende a recuperar a qualidade do efluente aquoso para tratamento/discarte?",True,False,True,2,Média
859cba6045-f1-d0-r30-q5,Produção e Processo (Medição Fiscal e Sistema de Alívio),Tratamento de água produzida para descarte,Difícil,0.83,"Um tratador eletrostático com controle de tensão do tipo LRC permite modular a tensão para sincronizar ciclos de dispersão, mistura, coalescência e separação ao longo do tempo de residência. Em um FPSO, a equipe nota que aumentar a tensão de forma fixa não melhora a qualidade da água separada e, em certos momentos, piora a separação, elevando a carga oleosa para o sistema de água produzida. Qual interpretação técnica é mais consistente com os mecanismos envolvidos e com o uso adequado do LRC?",True,True,True,3,Fácil
859cba6045-f1-d0-r31-q0,Produção e Processo (Medição Fiscal e Sistema de Alívio),Tratamento de água produzida para descarte,Fácil,0.91,"Em um FPSO, após aumento de BS&W no óleo e piora da qualidade da água produzida para descarte, a equipe decide revisar a estratégia de desemulsificação química. Ao discutir o mecanismo esperado do desemulsificante, qual explicação está mais alinhada com o funcionamento típico desses produtos no processo de separação óleo‑água?",True,True,True,3,Fácil
859cba6045-f1-d0-r31-q1,Produção e Processo (Medição Fiscal e Sistema de Alívio),Tratamento de água produzida para descarte,Média,0.87,"Uma unidade compacta (vaso trifásico reduzido seguido por estágios ciclônicos inline) foi proposta para um novo módulo de tratamento. Nos primeiros testes, a eficiência de remoção de água caiu quando a alimentação ao vaso inicial chegou mais emulsificada do que o esperado. Qual ação de engenharia/ operação a montante tende a ser mais crítica para viabilizar esse arranjo compacto?",True,True,True,3,Fácil
859cba6045-f1-d0-r31-q3,Produção e Processo (Medição Fiscal e Sistema de Alívio),Tratamento de água produzida para descarte,Média,0.9,"Em uma campanha com óleo médio/pesado, a engenharia inseriu uma válvula choke para impor uma quebra de pressão entre estágios e controlar a operação. Após a mudança, aumentou a dificuldade de separação e a água produzida passou a carregar mais óleo, pressionando o sistema de tratamento para descarte. Qual é a interpretação mais consistente e uma direção de mitigação coerente com o mecanismo envolvido?",True,True,True,3,Fácil
859cba6045-f1-d0-r31-q4,Produção e Processo (Medição Fiscal e Sistema de Alívio),Tratamento de água produzida para descarte,Difícil,0.79,"Em um tratador/dessalgador eletrostático com controle LRC de tensão, a equipe tenta reduzir água no óleo sem aumentar o arraste de óleo para a corrente aquosa que seguirá para tratamento e descarte. Considerando que o processo pode atravessar regiões de baixa e alta condutividade entre eletrodos (com efeitos distintos sobre dispersão e coalescência), qual estratégia operacional é mais consistente para melhorar o equilíbrio entre mistura necessária e separação final?",True,True,True,3,Fácil
859cba6045-f1-d0-r31-q5,Produção e Processo (Medição Fiscal e Sistema de Alívio),Tratamento de água produzida para descarte,Média,0.89,"Após ajustes de desemulsificante e do campo elétrico, aumentou a vazão de água removida do óleo nos tratadores. Em paralelo, o time ambiental observou que a corrente de água produzida para descarte ficou mais desafiadora, com maior carga oleosa intermitente. Ao revisar o manejo das correntes oleosas geradas no tratamento, qual encaminhamento é mais compatível com uma operação integrada focada na qualidade do descarte?",False,True,True,2,Média
859cba6045-f1-d0-r32-q0,Produção e Processo (Medição Fiscal e Sistema de Alívio),Tratamento de água produzida para descarte,Média,0.89,"Após uma modificação de processo em um FPSO, a equipe instalou uma válvula de controle para impor perda de carga entre dois estágios de condicionamento do óleo. Poucos dias depois, observou-se aumento consistente de óleo na corrente de água produzida enviada para tratamento de descarte, além de piora na separabilidade a jusante. Qual explicação e direção de correção são mais coerentes com esse comportamento?",True,False,False,1,Difícil
859cba6045-f1-d0-r32-q1,Produção e Processo (Medição Fiscal e Sistema de Alívio),Tratamento de água produzida para descarte,Fácil,0.88,"Durante a investigação de piora na qualidade do descarte, constatou-se que a etapa de separação está entregando à água produzida uma fração maior de gotículas de óleo finas e estáveis. A equipe considera aumentar a dose do desemulsificante usado no condicionamento do óleo. Qual mecanismo explica por que um desemulsificante corretamente selecionado e dosado pode reduzir a estabilidade dessas emulsões?",True,True,False,2,Média
859cba6045-f1-d0-r32-q4,Produção e Processo (Medição Fiscal e Sistema de Alívio),Tratamento de água produzida para descarte,Média,0.84,"Um projeto de revamp propõe substituir vasos grandes por uma solução compacta com separador trifásico reduzido seguido de estágios ciclônicos inline (DeGasser, ElectroCoalescer e DeWater). O objetivo é reduzir arraste de óleo para a água produzida e manter descarte dentro de norma. Qual condição de contorno deve ser tratada como crítica no desenho/operação para que essa arquitetura não degrade a qualidade do efluente aquoso?",False,False,True,1,Difícil
859cba6045-f1-d0-r33-q0,Produção e Processo (Medição Fiscal e Sistema de Alívio),Tratamento de água produzida para descarte,Fácil,0.87,"Em um FPSO, a análise do efluente aquoso que segue para o sistema de água produzida indica aumento de gotas de óleo finas e persistentes após mudanças na operação do tratador. A equipe suspeita de estabilização de emulsão óleo‑água. Qual explicação é mais coerente com o mecanismo esperado de um desemulsificante bem selecionado e dosado para melhorar a separação e reduzir o arraste de óleo para a água produzida?",True,True,True,3,Fácil
859cba6045-f1-d0-r33-q3,Produção e Processo (Medição Fiscal e Sistema de Alívio),Tratamento de água produzida para descarte,Média,0.83,"Um projeto de revamp propõe substituir parte da separação convencional por uma alternativa compacta com vaso separador trifásico reduzido seguido por estágios ciclônicos inline (DeGasser, ElectroCoalescer e DeWater). A principal preocupação operacional é manter a qualidade da água produzida para descarte, evitando sobrecarga de óleo no sistema de tratamento. Qual condição de contorno é mais crítica para que essa arquitetura compacta sustente desempenho de separação sem degradar a qualidade da água produzida?",False,False,False,0,Difícil
859cba6045-f1-d0-r33-q4,Produção e Processo (Medição Fiscal e Sistema de Alívio),Tratamento de água produzida para descarte,Difícil,0.79,"Em uma unidade de dessalgagem eletrostática com controle de tensão do tipo LRC, a equipe busca reduzir o óleo arrastado na corrente aquosa (que retorna à água produzida) sem degradar a dessalgagem. Observa-se que a variação de tensão modifica, ao longo do tempo de residência, o equilíbrio entre dispersão de gotas, mistura com a salmoura, coalescência e separação. Qual estratégia de ajuste é mais coerente com o princípio operacional do LRC e com a necessidade de evitar a geração persistente de gotas muito finas, que dificultam a separação na fase aquosa?",True,True,True,3,Fácil
859cba6045-f1-d0-r34-q0,Produção e Processo (Medição Fiscal e Sistema de Alívio),Tratamento de água produzida para descarte,Média,0.88,"Em uma FPSO, após a troca de um lote de petróleo, o tratador eletrostático passou a entregar óleo com teor de água acima do esperado, e a água de fundo está mais turva. A equipe propõe “corrigir” aumentando diretamente a dosagem do desemulsificante no ponto atual. Considerando boas práticas de seleção e dosagem, qual ação é mais robusta antes de fixar uma nova dosagem operacional?",True,True,True,3,Fácil
859cba6045-f1-d0-r34-q1,Produção e Processo (Medição Fiscal e Sistema de Alívio),Tratamento de água produzida para descarte,Fácil,0.88,"Durante uma campanha de otimização, o separador primário e o tratador eletrostático foram ajustados para remover mais água do óleo a montante. Houve ganho na qualidade do óleo exportado, mas o operador percebeu aumento de carga no sistema de água produzida. Qual interpretação operacional melhor conecta essas duas observações e orienta a garantia de qualidade de descarte?",True,True,True,3,Fácil
859cba6045-f1-d0-r34-q2,Produção e Processo (Medição Fiscal e Sistema de Alívio),Tratamento de água produzida para descarte,Média,0.85,"Uma proposta de retrofit prevê substituir um arranjo convencional por uma alternativa compacta com vaso separador trifásico reduzido seguido de estágios ciclônicos inline (DeGasser, ElectroCoalescer e DeWater). Em testes de comissionamento, o desempenho cai quando a mistura chega mais emulsificada. Qual medida de engenharia/operacional é mais coerente para sustentar a performance e, por consequência, a qualidade da água destinada a descarte?",True,False,True,2,Média
859cba6045-f1-d0-r34-q5,Produção e Processo (Medição Fiscal e Sistema de Alívio),Tratamento de água produzida para descarte,Média,0.84,"Após melhorias no condicionamento do óleo (remoção de gás, aquecimento e uso de campo elétrico), aumentou a quantidade de água separada a montante e, com isso, a taxa de óleo arrastado para a corrente aquosa subiu, pressionando o atendimento à qualidade de descarte. Entre as estratégias abaixo, qual é a mais compatível com o fluxo integrado de tratamento descrito e com o objetivo de proteger a qualidade da água de descarte?",False,False,False,0,Difícil
859cba6045-f1-d0-r35-q0,Produção e Processo (Medição Fiscal e Sistema de Alívio),Tratamento de água produzida para descarte,Média,0.87,"Em um FPSO, a água removida no tratador eletrostático retorna à corrente de água produzida e seguirá para tratamento antes do descarte. Em uma campanha de ajuste operacional, a equipe quer evidências de que o desemulsificante escolhido está atuando pelo mecanismo esperado, reduzindo a tendência de arraste de óleo para a água produzida. Qual resultado operacional é mais coerente com o mecanismo de ação descrito para desemulsificantes?",True,True,True,3,Fácil
859cba6045-f1-d0-r35-q1,Produção e Processo (Medição Fiscal e Sistema de Alívio),Tratamento de água produzida para descarte,Média,0.91,"Após uma mudança de poço, a unidade passa a produzir com maior teor de sólidos e com alteração perceptível de salinidade/composição iônica da água associada. A água removida do óleo está elevando a carga oleosa na linha de água produzida e pressionando o tratamento para descarte. Qual justificativa melhor sustenta reavaliar a seleção e a dosagem do desemulsificante antes de apenas aumentar a taxa de injeção?",True,True,True,3,Fácil
859cba6045-f1-d0-r35-q3,Produção e Processo (Medição Fiscal e Sistema de Alívio),Tratamento de água produzida para descarte,Difícil,0.87,"Em um revamp de FPSO, propõe-se substituir vasos maiores por uma solução compacta: um vaso separador trifásico de menor porte seguido por estágios ciclônicos inline (InLine DeGasser, InLine ElectroCoalescer e InLine DeWater). Para manter a carga de óleo na água que retorna à linha de água produzida dentro das especificações de descarte, qual condição/medida é mais crítica para que essa configuração opere com robustez?",True,True,True,3,Fácil
859cba6045-f1-d0-r35-q4,Produção e Processo (Medição Fiscal e Sistema de Alívio),Tratamento de água produzida para descarte,Difícil,0.8,"Em uma dessalgagem eletrostática em dois estágios, observa-se variabilidade no desempenho: em alguns períodos há boa separação por coalescência, em outros há aumento de emulsão e maior arraste de óleo para a salmoura/água enviada ao tratamento, sem alterações relevantes de vazão. Suspeita-se que o programa de tensão aplicado não esteja coerente com as etapas de dispersão, mistura, coalescência e separação ao longo do tempo de residência. Qual ajuste é mais consistente com o conceito de controle LRC (Low Range Control) para reduzir essa variabilidade?",True,True,True,3,Fácil
859cba6045-f2-d0-r36-q1,Produção e Processo (Medição Fiscal e Sistema de Alívio),Tratamento de água produzida para descarte,Média,0.87,"Em um FPSO, um analisador on-line de TOG por fluorescência UV vinha apresentando boa correlação com o laboratório. Após a troca do pacote de químicos no tratamento de água produzida, o analisador on-line passou a indicar TOG sistematicamente menor que o laboratório, sem evidências de mudança nas condições hidráulicas da linha. Considerando limitações típicas de quantificação de TOG, qual explicação técnica é mais consistente para a divergência observada?",True,True,True,3,Fácil
859cba6045-f2-d0-r36-q2,Produção e Processo (Medição Fiscal e Sistema de Alívio),Tratamento de água produzida para descarte,Média,0.87,"Ao investigar instabilidade em uma malha de controle associada ao tratamento de água produzida, o operador nota que, após uma intervenção de manutenção, os sinais exibidos no supervisório passaram a apresentar deriva lenta e o controlador PI está compensando com mudanças frequentes de atuação. Considerando boas práticas para instrumentação on-line e controle, qual sequência de ação é mais consistente antes de concluir que a sintonia do PI está inadequada?",True,True,True,3,Fácil
859cba6045-f2-d0-r36-q3,Produção e Processo (Medição Fiscal e Sistema de Alívio),Tratamento de água produzida para descarte,Fácil,0.78,"Em um ensaio de tanque voltado a melhorar a exatidão de medições relacionadas à condição de processo, a equipe discute como reduzir erros associados ao inventário inicial e ao procedimento de drenagem. Qual decisão operacional é mais consistente para reduzir o erro por desconhecimento de volume remanescente e aumentar a validade do teste?",True,True,True,3,Fácil
859cba6045-f2-d0-r37-q0,Produção e Processo (Medição Fiscal e Sistema de Alívio),Tratamento de água produzida para descarte,Média,0.87,"Em um ensaio de tanque para conferir medições ligadas ao manuseio de água produzida, a equipe busca reduzir a incerteza do resultado. Antes de iniciar o teste, existe inventário residual no tanque, porém esse volume inicial não está quantificado com boa confiabilidade. Considerando as fontes de erro mais comuns nesse tipo de ensaio, qual preparação tende a aumentar mais a exatidão do teste?",True,True,True,3,Fácil
859cba6045-f2-d0-r37-q1,Produção e Processo (Medição Fiscal e Sistema de Alívio),Tratamento de água produzida para descarte,Fácil,0.84,"Em uma malha de controle que atua na qualidade de descarte de água produzida, o supervisório (com aquisição de dados) é usado para acompanhar sinais e ajustar parâmetros do controlador PI. Após algumas semanas, a equipe nota divergências entre leituras on-line e medições pontuais e discute como restaurar a confiabilidade do monitoramento. Qual ação é a mais consistente com a manutenção da fidelidade dos sinais e da eficácia da malha de controle?",True,True,True,3,Fácil
859cba6045-f2-d0-r37-q3,Produção e Processo (Medição Fiscal e Sistema de Alívio),Tratamento de água produzida para descarte,Média,0.86,"Ao investigar picos de TOG no descarte, a equipe considera que o resultado pode estar sendo afetado pelo próprio ponto de coleta, já que a mistura água‑óleo pode apresentar segregação e acúmulo de óleo junto às paredes de dutos/equipamentos. Qual mudança na estratégia de amostragem tende a tornar a amostra mais representativa do escoamento?",True,True,True,3,Fácil
859cba6045-f2-d0-r38-q0,Produção e Processo (Medição Fiscal e Sistema de Alívio),Tratamento de água produzida para descarte,Média,0.87,"Em um FPSO, o analisador on-line de TOG por fluorescência UV no efluente de água produzida passa a indicar queda consistente de 35 mg/L para 10 mg/L após uma mudança de pacote de aditivos no tratamento químico. Em paralelo, amostras enviadas ao laboratório por método gravimétrico continuam indicando valores próximos de 30–40 mg/L. A operação suspeita de melhora real do processo e quer reduzir a frequência de amostragem. Qual ação inicial é mais consistente com as limitações conhecidas dos métodos instrumentais e com a necessidade de manter a fidelidade do sinal on-line?",False,True,True,2,Média
859cba6045-f2-d0-r38-q1,Produção e Processo (Medição Fiscal e Sistema de Alívio),Tratamento de água produzida para descarte,Média,0.83,"Durante uma investigação de não conformidade de TOG no descarte, a equipe percebe grande dispersão entre amostras coletadas no mesmo turno. O ponto de amostragem atual fica em um trecho reto de linha e há evidência de filme oleoso nas paredes internas. Qual ajuste de estratégia de amostragem tende a reduzir o viés de representatividade descrito e a variabilidade entre coletas?",True,True,True,3,Fácil
859cba6045-f2-d0-r38-q2,Produção e Processo (Medição Fiscal e Sistema de Alívio),Tratamento de água produzida para descarte,Difícil,0.88,"Dois FPSOs reportam TOG no descarte e a liderança corporativa quer ranquear desempenho ambiental. O FPSO A utiliza analisador on-line por infravermelho, com calibração baseada no óleo da própria plataforma. O FPSO B reporta TOG por método gravimétrico, com extração por solvente e passagem do extrato em sílica gel antes da pesagem. Embora os valores médios estejam próximos, as tendências ao longo do mês diferem. Qual interpretação é mais tecnicamente defensável para comparar os resultados entre as unidades?",False,False,True,1,Difícil
859cba6045-f2-d0-r38-q4,Produção e Processo (Medição Fiscal e Sistema de Alívio),Tratamento de água produzida para descarte,Média,0.84,"Em uma campanha de validação, comparou-se TOG em água produzida medido por gravimetria (extração por solvente, remoção do solvente e pesagem do resíduo) com a leitura de um analisador por infravermelho on-line. Mesmo com coletas no mesmo ponto e no mesmo turno, os resultados por gravimetria ficaram sistematicamente abaixo dos valores do infravermelho. Considerando limitações do método gravimétrico e do preparo/manuseio da amostra, qual hipótese explica melhor essa diferença?",False,True,False,1,Difícil
859cba6045-f2-d0-r38-q5,Produção e Processo (Medição Fiscal e Sistema de Alívio),Tratamento de água produzida para descarte,Média,0.87,"Em um FPSO, pretende-se controlar e acompanhar o descarte de água produzida combinando TOG on-line (leitura contínua) e análises de laboratório. Busca-se detectar excursões rapidamente e, ao mesmo tempo, sustentar a tomada de decisão considerando limitações de método, calibração e representatividade da amostra. Qual rotina está mais alinhada às boas práticas de integração entre controle de processo, amostragem e laboratório?",True,True,True,3,Fácil
859cba6045-f2-d0-r39-q2,Produção e Processo (Medição Fiscal e Sistema de Alívio),Tratamento de água produzida para descarte,Média,0.85,"Na linha de água produzida tratada para descarte, a equipe quer definir um ponto de coleta para amostras que serão usadas em análises de TOG no laboratório. Sabe-se que a mistura água-óleo não é homogênea e que óleo pode migrar e aderir a paredes de dutos, gerando viés na coleta. Qual estratégia tende a produzir amostras mais representativas do teor real em linha?",True,False,True,2,Média
859cba6045-f2-d0-r39-q5,Produção e Processo (Medição Fiscal e Sistema de Alívio),Tratamento de água produzida para descarte,Média,0.86,"Na determinação de TOG por método gravimétrico, o laboratório sugere submeter o extrato orgânico a uma etapa de “clean-up” em sílica gel antes da evaporação do solvente e da pesagem. Para fins de decisão de descarte, qual interpretação do valor reportado descreve melhor o impacto dessa etapa?",True,True,True,3,Fácil
859cba6045-f2-d0-r40-q0,Produção e Processo (Medição Fiscal e Sistema de Alívio),Tratamento de água produzida para descarte,Média,0.87,"Em um FPSO, um analisador on-line de TOG por infravermelho operou estável por meses, mas após alteração na dosagem de químicos na água produzida passou a divergir de resultados laboratoriais. A equipe suspeita de calibração. Qual ação tende a aumentar a confiabilidade do monitoramento sem tratar um método como “verdade” por definição?",True,True,True,3,Fácil
859cba6045-f2-d0-r40-q2,Produção e Processo (Medição Fiscal e Sistema de Alívio),Tratamento de água produzida para descarte,Média,0.89,"Em uma FPSO, o TOG é acompanhado por fluorescência UV (on-line) e por método gravimétrico em laboratório, após extração por solvente e passagem do extrato em sílica gel. As séries temporais acompanham a mesma tendência, mas há um desvio sistemático nos valores absolutos. Qual explicação é mais compatível com o escopo e as limitações de cada técnica?",True,True,True,3,Fácil
859cba6045-f2-d0-r40-q5,Produção e Processo (Medição Fiscal e Sistema de Alívio),Tratamento de água produzida para descarte,Difícil,0.82,"Após uma parada, o analisador on-line de TOG foi recalibrado usando óleo produzido da própria plataforma como padrão. Duas semanas depois, o laboratório indica aumento de TOG por gravimetria, mas o on-line permanece praticamente estável. A operação relata mudança na composição do óleo produzido e na dosagem de aditivos do tratamento. Qual combinação de hipótese e ação melhor explica e trata esse descompasso?",True,True,True,3,Fácil
859cba6045-f2-d0-r41-q0,Produção e Processo (Medição Fiscal e Sistema de Alívio),Tratamento de água produzida para descarte,Média,0.89,"Em um FPSO, o analisador on-line de TOG por fluorescência UV tem mostrado leituras estáveis e abaixo do limite interno de descarte. No mesmo intervalo, resultados gravimétricos do laboratório (amostras coletadas no período) indicam valores consistentemente mais altos. Antes de concluir qual medição está mais representativa do processo — e antes de descartar a hipótese de falha em um dos lados — qual encaminhamento é o mais consistente para investigar e tratar a divergência?",True,True,True,3,Fácil
859cba6045-f2-d0-r41-q1,Produção e Processo (Medição Fiscal e Sistema de Alívio),Tratamento de água produzida para descarte,Média,0.85,"Após o tratamento da água produzida, resultados de TOG mostram grande dispersão e picos ocasionais apesar de operação estável. A amostragem ocorre em trecho de baixa turbulência de uma linha longa, com histórico de filme oleoso aderido às paredes. Qual mudança na estratégia de coleta tende a reduzir viés e aumentar a representatividade, sem alterar o processo de separação?",True,False,True,2,Média
859cba6045-f2-d0-r41-q2,Produção e Processo (Medição Fiscal e Sistema de Alívio),Tratamento de água produzida para descarte,Média,0.84,"Uma malha de controle de nível associada ao tratamento de água produzida (com controlador PI) começou a apresentar oscilações e, ao mesmo tempo, a tendência de TOG medida on-line ficou menos coerente com o comportamento esperado dos separadores a montante. O time tem acesso ao supervisório (aquisição/armazenamento de sinais e ajuste de parâmetros). Qual ação inicial é mais alinhada a boas práticas para restabelecer a fidelidade do controle e dos diagnósticos de processo?",True,True,True,3,Fácil
859cba6045-f2-d0-r41-q4,Produção e Processo (Medição Fiscal e Sistema de Alívio),Tratamento de água produzida para descarte,Média,0.78,"Em um ensaio de tanque associado a medições de condição de processo para uma campanha de verificação, a equipe quer maximizar a exatidão do volume determinado e reduzir fontes de erro operacional. Qual conjunto de cuidados tende a reduzir erros sistemáticos no teste, especialmente aqueles associados a condições iniciais e ao remanescente no tanque?",True,True,True,3,Fácil
859cba6045-f2-d0-r41-q5,Produção e Processo (Medição Fiscal e Sistema de Alívio),Tratamento de água produzida para descarte,Média,0.88,"Uma rotina de monitoramento de TOG para descarte em um FPSO está sendo revisada. Atualmente existem leitura on-line e coletas para laboratório, porém os relatórios indicam oscilações de TOG sem correlação clara com mudanças operacionais. A liderança solicita um plano que aumente a confiabilidade das decisões e não dependa de um único método, reduzindo incertezas de amostragem e de análise e mantendo comparabilidade ao longo do tempo. Qual proposta é mais robusta?",True,True,True,3,Fácil
859cba6045-f2-d0-r42-q3,Produção e Processo (Medição Fiscal e Sistema de Alívio),Tratamento de água produzida para descarte,Média,0.87,"Após alguns meses de operação, a malha PI de nível do tanque de água oleosa passou a apresentar pequenas oscilações e o historiador indica deriva lenta do nível, sem mudanças relevantes no processo. Antes de retunar o controlador, qual ação é mais adequada segundo boas práticas de instrumentação e controle?",True,True,True,3,Fácil
859cba6045-f2-d0-r42-q4,Produção e Processo (Medição Fiscal e Sistema de Alívio),Tratamento de água produzida para descarte,Média,0.86,"Em uma campanha de TOG por gravimetria, observou-se subestimação justamente nos dias em que o óleo produzido apresentava maior fração de componentes leves. O método inclui extração com solvente, evaporação do solvente e pesagem do resíduo. Qual efeito analítico é mais compatível com esse padrão e como ele impacta a interpretação do resultado?",True,True,True,3,Fácil
859cba6045-f2-d0-r42-q5,Produção e Processo (Medição Fiscal e Sistema de Alívio),Tratamento de água produzida para descarte,Média,0.87,Uma equipe vai revisar o programa de monitoramento de TOG no descarte para reduzir a incerteza total (processo + amostragem + laboratório) e manter a comparabilidade dos resultados ao longo do tempo. Qual conjunto de medidas atua de forma integrada nas principais fontes de erro?,True,True,True,3,Fácil
859cba6045-f2-d0-r43-q1,Produção e Processo (Medição Fiscal e Sistema de Alívio),Tratamento de água produzida para descarte,Média,0.89,"Em uma campanha de verificação de TOG para descarte, foram observadas grandes diferenças entre frascos coletados no mesmo ponto de amostragem em linha. Suspeita-se de viés por arraste de uma película de óleo aderida às paredes do duto para dentro do frasco durante a tomada. Qual estratégia de amostragem tende a reduzir esse viés e aumentar a representatividade da amostra?",False,True,True,2,Média
859cba6045-f2-d0-r43-q3,Produção e Processo (Medição Fiscal e Sistema de Alívio),Tratamento de água produzida para descarte,Média,0.8,"Após manutenção em um trecho do sistema de água produzida, o controle de nível de um vaso a montante do descarte começa a oscilar, e o TOG na saída passa a apresentar picos intermitentes. A unidade utiliza um sistema de aquisição e supervisão para monitorar sinais e ajustar parâmetros de controladores PI. Qual abordagem é mais consistente para diagnosticar e estabilizar o problema com foco na confiabilidade dos sinais e na eficácia da malha?",True,True,True,3,Fácil
859cba6045-f2-d0-r43-q4,Produção e Processo (Medição Fiscal e Sistema de Alívio),Tratamento de água produzida para descarte,Fácil,0.88,"Na unidade offshore, discute-se substituir a rotina de coleta de amostras e análise em laboratório de TOG por um analisador em linha com leitura contínua, alegando ganho de rapidez para o controle do descarte de água produzida. Considerando limitações de instrumentação, calibração e amostragem, qual posição é mais consistente com as boas práticas de monitoramento de TOG?",True,True,True,3,Fácil
859cba6045-f2-d0-r44-q0,Produção e Processo (Medição Fiscal e Sistema de Alívio),Tratamento de água produzida para descarte,Média,0.91,"Em um FPSO, o analisador on-line de TOG por fluorescência UV no efluente de descarte passou a indicar uma queda consistente (≈30%) após uma mudança na dosagem de um desemulsificante. No mesmo período, análises laboratoriais por método gravimétrico não mostram a mesma redução. Qual encaminhamento técnico é mais consistente para reconciliar as leituras e manter controle confiável do descarte?",True,True,True,3,Fácil
859cba6045-f2-d0-r44-q1,Produção e Processo (Medição Fiscal e Sistema de Alívio),Tratamento de água produzida para descarte,Média,0.87,"Em campanhas de laboratório para TOG em água produzida, a operação nota valores altos pontuais nas amostras coletadas manualmente, sem tendência equivalente no analisador on-line. A hipótese é que haja arraste de um filme oleoso depositado na parede da linha próximo ao ponto de coleta, distorcendo a amostra. Qual ajuste na estratégia de amostragem mais provavelmente reduz esse viés sem perder representatividade do escoamento?",True,True,True,3,Fácil
859cba6045-f2-d0-r44-q2,Produção e Processo (Medição Fiscal e Sistema de Alívio),Tratamento de água produzida para descarte,Fácil,0.88,"Em uma malha de controle de nível do vaso que alimenta o tratamento de água produzida, o supervisório (aquisição e supervisão) mostra boa estabilidade do controlador PI, mas o nível indicado passa a divergir do nível observado em verificações pontuais e a operação relata decisões inconsistentes de abertura de válvulas. Qual ação de manutenção/gestão de instrumentação é mais alinhada a uma recuperação rápida da confiabilidade do controle?",True,True,True,3,Fácil
859cba6045-f2-d0-r44-q3,Produção e Processo (Medição Fiscal e Sistema de Alívio),Tratamento de água produzida para descarte,Média,0.85,"O laboratório de bordo decidiu incluir tratamento do extrato com sílica gel em sua rotina gravimétrica de TOG para “limpar” a amostra. Ao comparar resultados históricos (sem sílica) com os novos (com sílica), a equipe nota queda sistemática dos valores reportados. Qual interpretação é mais apropriada para comunicar à operação e ao meio ambiente?",True,False,True,2,Média
859cba6045-f2-d0-r44-q5,Produção e Processo (Medição Fiscal e Sistema de Alívio),Tratamento de água produzida para descarte,Média,0.91,"Dois FPSOs comparam desempenho de descarte de água produzida. A unidade A reporta TOG por infravermelho on-line calibrado com óleo local; a unidade B reporta TOG por gravimetria com extração por solvente e etapa de evaporação. Os relatórios mostram diferenças de 10–15 ppm entre unidades, apesar de condições de processo semelhantes. Qual é a avaliação mais tecnicamente defensável antes de concluir que uma unidade trata melhor que a outra?",True,True,True,3,Fácil
859cba6045-f2-d0-r45-q0,Produção e Processo (Medição Fiscal e Sistema de Alívio),Tratamento de água produzida para descarte,Média,0.91,"Em um FPSO, um analisador on-line de TOG por fluorescência UV na linha de descarte passou a indicar aumento persistente do teor de óleo, sem mudança operacional evidente (mesma vazão de água e mesmos equipamentos em serviço). Antes de concluir que houve piora real do tratamento e restringir o descarte, qual ação tende a tornar o diagnóstico mais confiável?",True,True,True,3,Fácil
859cba6045-f2-d0-r45-q1,Produção e Processo (Medição Fiscal e Sistema de Alívio),Tratamento de água produzida para descarte,Média,0.86,"Durante a revisão do procedimento de amostragem de água produzida para verificação de TOG no descarte, a equipe observou que amostras coletadas em um trecho de escoamento pouco turbulento apresentavam, com frequência, valores maiores do que os indicados por medições de tendência do processo. Considerando a não homogeneidade da mistura água-óleo e a migração de óleo para paredes, qual ajuste no arranjo de coleta tende a reduzir viés por representatividade?",True,True,True,3,Fácil
859cba6045-f2-d0-r45-q2,Produção e Processo (Medição Fiscal e Sistema de Alívio),Tratamento de água produzida para descarte,Difícil,0.86,"Em uma campanha de monitoramento, o TOG foi determinado por um método instrumental (infravermelho) e por método gravimétrico após extração por solvente. Para minimizar interferências, o extrato destinado à gravimetria foi tratado com sílica gel antes da evaporação do solvente e pesagem. Observou-se que os resultados gravimétricos ficaram sistematicamente menores do que os instrumentais, sem evidência de mudança no processo. Qual interpretação técnica é mais consistente com essa diferença?",True,True,True,3,Fácil
859cba6045-f2-d0-r45-q3,Produção e Processo (Medição Fiscal e Sistema de Alívio),Tratamento de água produzida para descarte,Média,0.79,"Em um ensaio de tanque para checagem de condição de processo, busca-se melhorar a exatidão das medições iniciais de volume/nível e, principalmente, reduzir o erro associado ao inventário que permanece no tanque antes do início do teste. Qual prática operacional atua mais diretamente sobre essa fonte de incerteza na condição inicial do ensaio?",True,False,True,2,Média
859cba6045-f2-d0-r46-q1,Produção e Processo (Medição Fiscal e Sistema de Alívio),Tratamento de água produzida para descarte,Média,0.88,"Durante uma auditoria interna, dois FPSOs compararam resultados de TOG de água produzida: ambos usam analisadores instrumentais on-line, mas as campanhas de laboratório usam métodos diferentes. No FPSO A, o laboratório reporta TOG gravimétrico após extração e tratamento com sílica gel; no FPSO B, o laboratório reporta TOG gravimétrico sem essa etapa. As leituras on-line são parecidas entre as unidades, porém o laboratório do FPSO A tende a reportar valores menores. Qual interpretação técnica sustenta melhor essa diferença sem assumir, de imediato, que um dos laboratórios está “errado”?",True,True,True,3,Fácil
859cba6045-f2-d0-r46-q3,Produção e Processo (Medição Fiscal e Sistema de Alívio),Tratamento de água produzida para descarte,Média,0.8,"Ao investigar divergências entre TOG on-line por infravermelho e TOG de laboratório por gravimetria, a equipe decide calibrar o analisador usando como padrão o próprio óleo produzido na plataforma. Após algumas semanas, o poço/reservatório conectado muda e também há alteração no pacote de aditivos do tratamento químico da água produzida. Nesse novo cenário, qual risco analítico passa a ser mais crítico para a confiabilidade das leituras do instrumento e para a comparação com os resultados de laboratório?",True,True,True,3,Fácil
859cba6045-f2-d0-r46-q5,Produção e Processo (Medição Fiscal e Sistema de Alívio),Tratamento de água produzida para descarte,Média,0.9,"Uma unidade de tratamento de água produzida tem picos intermitentes de TOG acima do limite de descarte. Para distinguir se os picos refletem o processo ou se decorrem de medição/amostragem, o time quer integrar monitoramento on-line, coleta e laboratório. Qual conjunto de ações tende a gerar dados mais confiáveis para decisão?",True,True,True,3,Fácil
859cba6045-f2-d0-r47-q0,Produção e Processo (Medição Fiscal e Sistema de Alívio),Tratamento de água produzida para descarte,Média,0.9,"Em um FPSO, o analisador on-line de TOG por fluorescência UV tem mostrado uma queda gradual do teor de óleo na água produzida ao longo de algumas semanas. No mesmo intervalo, foi introduzido um novo químico de tratamento e houve variação na composição do petróleo produzido por mudança de poços. Para avaliar se a tendência observada reflete uma melhoria real do processo ou um efeito de calibração/sensibilidade do método, qual abordagem tende a levar à conclusão mais robusta?",False,True,True,2,Média
859cba6045-f2-d0-r47-q1,Produção e Processo (Medição Fiscal e Sistema de Alívio),Tratamento de água produzida para descarte,Média,0.86,"Em uma campanha de verificação do tratamento de água produzida, o TOG medido em laboratório vem saindo sistematicamente maior do que o indicado pelo analisador on-line na linha de descarte. A coleta ocorre em um ponto com longo trecho a montante e baixa turbulência. Qual hipótese e ação corretiva melhor explicam esse padrão?",True,False,False,1,Difícil
859cba6045-f2-d0-r47-q2,Produção e Processo (Medição Fiscal e Sistema de Alívio),Tratamento de água produzida para descarte,Média,0.9,"Duas amostras de água produzida, obtidas sob condições operacionais semelhantes, apresentaram valores diferentes de TOG quando analisadas por técnicas distintas: uma por infravermelho e outra por gravimetria após extração com solvente e “clean-up” do extrato em sílica gel. Qual interpretação explica de forma mais consistente a divergência?",True,False,True,2,Média
859cba6045-f2-d0-r47-q4,Produção e Processo (Medição Fiscal e Sistema de Alívio),Tratamento de água produzida para descarte,Média,0.78,"Durante um ensaio de tanque para verificação de condição de processo (nível/volume e qualidade do fluido), a equipe notou que há variação entre operadores ao definir o ponto de transição do dreno (quando deixa de sair água e passa a sair óleo). Qual ajuste de procedimento tende a reduzir essa dependência de julgamento, mantendo o ensaio válido?",True,True,True,3,Fácil
859cba6045-f2-d0-r47-q5,Produção e Processo (Medição Fiscal e Sistema de Alívio),Tratamento de água produzida para descarte,Fácil,0.9,"Após uma parada de manutenção, a unidade retoma a operação e observa instabilidade na malha de controle associada ao tratamento de água (variações de nível/pressão e oscilação de vazão). Os sinais são supervisionados por um sistema de aquisição e supervisão que permite ajuste em tempo real. Qual ação tende a ser a mais coerente para recuperar a fidelidade dos sinais e a eficácia do controle, antes de reotimizar parâmetros do controlador?",True,True,True,3,Fácil
859cba6045-f2-d0-r48-q2,Produção e Processo (Medição Fiscal e Sistema de Alívio),Tratamento de água produzida para descarte,Média,0.87,"Dois FPSOs, com condições de produção semelhantes, comparam históricos de TOG no descarte para gestão operacional. A Unidade A determina TOG por gravimetria com tratamento do extrato em sílica gel; a Unidade B usa gravimetria sem sílica. A Unidade A reporta valores consistentemente menores. Qual conclusão é mais tecnicamente defensável ao comparar esses números?",True,True,True,3,Fácil
859cba6045-f2-d0-r48-q3,Produção e Processo (Medição Fiscal e Sistema de Alívio),Tratamento de água produzida para descarte,Fácil,0.9,"Em um laboratório de bordo, a equipe discute por que resultados de TOG por método gravimétrico (com extração em solvente e pesagem do extrato) podem divergir do valor “real” no efluente, mesmo com boa repetibilidade interna. Qual mecanismo de erro é mais consistente com esse tipo de método e com a forma de preparo da amostra?",False,False,False,0,Difícil
859cba6045-f2-d0-r48-q4,Produção e Processo (Medição Fiscal e Sistema de Alívio),Tratamento de água produzida para descarte,Média,0.74,"Uma malha de controle do tratamento de água produzida em planta-piloto utiliza controlador PI e sistema supervisório para monitoramento em tempo real. Após uma série de intervenções de manutenção, a variabilidade de nível e pressão aumentou e as ações do controlador passaram a parecer “nervosas”. Qual medida aborda a causa mais provável desse comportamento, preservando a fidelidade dos sinais usados pelo controle?",False,True,True,2,Média
859cba6045-f2-d0-r49-q1,Produção e Processo (Medição Fiscal e Sistema de Alívio),Tratamento de água produzida para descarte,Média,0.84,"Durante investigação de não conformidades de descarte, a equipe observou grande dispersão de TOG em amostras coletadas em um trecho reto de tubulação, próximo à parede e com escoamento relativamente estável. Alguns frascos apresentam TOG sistematicamente acima do esperado. Qual ajuste na estratégia de amostragem tende a melhorar a representatividade?",True,True,True,3,Fácil
859cba6045-f2-d0-r49-q3,Produção e Processo (Medição Fiscal e Sistema de Alívio),Tratamento de água produzida para descarte,Média,0.88,"Na malha de controle do tratamento de água produzida, o supervisório (aquisição de dados e ajuste de parâmetros de controladores PI) passou a indicar oscilação crescente de nível e pressão após uma parada de manutenção. Diante da sugestão de retunar imediatamente os PIs, qual sequência de diagnóstico é mais alinhada a boas práticas para manter a confiabilidade das medições e a eficácia da malha?",True,True,True,3,Fácil
859cba6045-f2-d0-r50-q0,Produção e Processo (Medição Fiscal e Sistema de Alívio),Tratamento de água produzida para descarte,Média,0.9,"Em um FPSO, o controle de descarga de água produzida passa a apresentar oscilações de vazão e variações de TOG on-line que não se confirmam no histórico recente. A equipe suspeita que o problema esteja mais relacionado à qualidade do sinal do que a uma mudança real do fluido. Qual ação inicial tende a ser mais consistente para recuperar a eficácia da malha de controle sem “mascarar” a causa?",True,True,True,3,Fácil
859cba6045-f2-d0-r50-q1,Produção e Processo (Medição Fiscal e Sistema de Alívio),Tratamento de água produzida para descarte,Média,0.89,"Em uma campanha de verificação de TOG para atendimento ao descarte, frascos coletados em um ponto de amostragem na linha apresentam, de forma intermitente, valores muito acima do analisador on-line, sem evidência de instabilidade do processo. Considerando que a mistura água–óleo pode não estar homogênea e que o óleo tende a migrar/aderir às paredes, qual ajuste no esquema de amostragem é mais coerente para reduzir viés na coleta?",True,True,False,2,Média
859cba6045-f2-d0-r50-q2,Produção e Processo (Medição Fiscal e Sistema de Alívio),Tratamento de água produzida para descarte,Difícil,0.87,"Em uma auditoria interna de descarte, o TOG medido por fluorescência UV on-line apresenta queda consistente ao longo de semanas, mas as análises gravimétricas periódicas não indicam a mesma redução. Não houve mudanças evidentes de pressão/nível/vazão, porém houve alteração no uso de aditivos na água produzida. Antes de concluir que houve melhora real do tratamento de água, qual interpretação técnica é mais robusta?",False,True,True,2,Média
859cba6045-f2-d0-r50-q3,Produção e Processo (Medição Fiscal e Sistema de Alívio),Tratamento de água produzida para descarte,Média,0.87,"Em uma rotina gravimétrica de TOG para água produzida, o laboratório de bordo passou a tratar o extrato com sílica gel para “aumentar a seletividade”. Após a mudança, os resultados reportados caíram, e surgiu a dúvida sobre como comparar com a série histórica (sem sílica) e com leituras instrumentais (ex.: infravermelho). Qual afirmação avalia corretamente o efeito técnico dessa alteração?",True,True,True,3,Fácil
859cba6045-f2-d0-r50-q5,Produção e Processo (Medição Fiscal e Sistema de Alívio),Tratamento de água produzida para descarte,Média,0.82,"Em um ensaio de verificação de condições de processo para avaliar o desempenho do tratamento de água produzida (segregação/remoção de óleo livre), equipes diferentes obtêm resultados divergentes ao repetir a drenagem e identificar quando “começa a sair óleo no dreno”. Para reduzir a influência do operador e aumentar a validade do teste, qual conjunto de medidas é mais adequado?",True,True,True,3,Fácil
859cba6045-f2-d0-r51-q1,Produção e Processo (Medição Fiscal e Sistema de Alívio),Tratamento de água produzida para descarte,Média,0.88,"Uma equipe precisa definir o ponto e o procedimento de amostragem de TOG na linha de descarte de água produzida. Em campanhas anteriores, algumas amostras mostraram picos de TOG que não se repetiam no analisador on-line, e suspeita-se de viés por óleo aderido às paredes do duto e arrastado para o frasco. Qual escolha de amostragem tende a reduzir esse viés e aumentar a representatividade da amostra?",True,True,True,3,Fácil
859cba6045-f2-d0-r51-q5,Produção e Processo (Medição Fiscal e Sistema de Alívio),Tratamento de água produzida para descarte,Média,0.88,"Duas plataformas comparam o desempenho no descarte de água produzida usando TOG por método instrumental calibrado com óleo local. Na Plataforma A, a amostra é coletada em ponto com boa mistura, com purga/condicionamento do ponto e análise no mesmo dia. Na Plataforma B, a coleta ocorre em um ramal com baixa renovação (deadleg), sem purga, e a amostra é enviada para análise após alguns dias. A Plataforma B reporta TOG persistentemente mais alto. Qual conclusão e próxima ação são mais tecnicamente defensáveis?",False,False,True,1,Difícil
859cba6045-f2-d0-r52-q0,Produção e Processo (Medição Fiscal e Sistema de Alívio),Tratamento de água produzida para descarte,Média,0.89,"Em um FPSO, o TOG da água produzida medido em laboratório apresenta picos esporádicos, embora vazão e pressão aparentem estar estáveis. Suspeita-se de variabilidade ligada ao ponto e ao procedimento de coleta, pois a mistura água‑óleo não é homogênea e pode ocorrer migração de óleo para as paredes do duto. Qual ajuste na estratégia de amostragem tende a reduzir viés e aumentar a representatividade?",True,True,True,3,Fácil
859cba6045-f2-d0-r52-q1,Produção e Processo (Medição Fiscal e Sistema de Alívio),Tratamento de água produzida para descarte,Média,0.87,"Durante a operação de um analisador on-line (integrado ao supervisório) usado para suportar o controle do descarte de água produzida, a equipe nota que o sinal tem boa repetibilidade, mas as ações de controle associadas (malha PI) nem sempre resultam no comportamento esperado. Considerando boas práticas para manter a fidelidade dos sinais e a eficácia do controle, qual conjunto de ações é mais coerente para investigar e mitigar o problema?",True,True,True,3,Fácil
859cba6045-f2-d0-r52-q2,Produção e Processo (Medição Fiscal e Sistema de Alívio),Tratamento de água produzida para descarte,Média,0.9,"Durante uma investigação do desempenho do tratamento de água produzida para descarte, o analisador de TOG por infravermelho (on-line) tem indicado valores consistentemente menores do que os obtidos por gravimetria no laboratório (amostras coletadas no sistema). Antes de concluir que houve alteração real na qualidade do efluente, qual interpretação é mais compatível com as limitações típicas desses métodos e com uma comparação tecnicamente responsável?",True,True,True,3,Fácil
859cba6045-f2-d0-r52-q3,Produção e Processo (Medição Fiscal e Sistema de Alívio),Tratamento de água produzida para descarte,Média,0.81,"Durante um ensaio operacional de drenagem e verificação da condição do fluido em um tanque, diferentes turnos obtiveram resultados divergentes apesar de seguirem procedimentos semelhantes. Foi identificada vulnerabilidade na interpretação do momento em que “começa a sair óleo no dreno”, permitindo influência do operador. Qual ajuste de procedimento tende a reduzir essa vulnerabilidade e aumentar a reprodutibilidade do teste?",True,True,True,3,Fácil
859cba6045-f2-d0-r52-q4,Produção e Processo (Medição Fiscal e Sistema de Alívio),Tratamento de água produzida para descarte,Média,0.87,"Uma plataforma quer reforçar a conformidade no descarte de água produzida combinando TOG por analisador on-line e análises laboratoriais. Considerando incertezas de calibração (mudança composicional do óleo e efeitos de aditivos), heterogeneidade da mistura e limitações do gravimétrico, qual desenho de monitoramento tende a ser mais robusto?",True,True,True,3,Fácil
859cba6045-f2-d0-r52-q5,Produção e Processo (Medição Fiscal e Sistema de Alívio),Tratamento de água produzida para descarte,Média,0.88,"Duas unidades offshore reportam TOG por método gravimétrico. Na Unidade A, o extrato é submetido a passagem por sílica gel antes da pesagem; na Unidade B, o extrato é pesado sem essa etapa. Em uma comparação entre plataformas, a Unidade A apresenta valores consistentemente menores de TOG. Antes de atribuir essa diferença a melhor eficiência de separação óleo‑água na Unidade A, qual explicação técnica é mais defensável?",True,True,False,2,Média
859cba6045-f2-d0-r53-q2,Produção e Processo (Medição Fiscal e Sistema de Alívio),Tratamento de água produzida para descarte,Média,0.85,"Durante a operação do sistema de tratamento de água produzida, a malha de controle associada a nível/pressão apresenta comportamento instável após manutenção em sensores. A equipe dispõe de um sistema de aquisição e supervisão que permite acompanhar sinais, ajustar parâmetros de controladores PI e registrar dados. Qual ação é mais consistente para recuperar fidelidade de sinais e eficácia da malha?",True,True,True,3,Fácil
859cba6045-f2-d0-r53-q3,Produção e Processo (Medição Fiscal e Sistema de Alívio),Tratamento de água produzida para descarte,Média,0.83,"Em um ensaio operacional para melhorar a exatidão de medições durante um teste de tanque associado ao sistema de água produzida, a equipe discute como preparar a condição inicial e quais cuidados adotará para o teste ser defensável. Qual combinação de medidas é mais alinhada a um teste válido e à mitigação das principais fontes de erro identificadas?",True,True,True,3,Fácil
859cba6045-f2-d0-r54-q2,Produção e Processo (Medição Fiscal e Sistema de Alívio),Tratamento de água produzida para descarte,Média,0.87,"Uma amostra de água produzida coletada para verificação de TOG apresentou valor bem acima do esperado, porém o comportamento do processo (pressão, vazão e desempenho de equipamentos de tratamento) não indicava piora. A coleta foi feita em uma derivação de baixa vazão próxima a um trecho longo de tubulação. Qual hipótese de viés de amostragem e ação corretiva são mais consistentes com boas práticas para obter uma amostra mais representativa?",True,True,True,3,Fácil
859cba6045-f2-d0-r54-q3,Produção e Processo (Medição Fiscal e Sistema de Alívio),Tratamento de água produzida para descarte,Média,0.88,"Na investigação de uma não conformidade de descarte, a equipe compara resultados de TOG obtidos por fluorescência UV (on-line) e por cromatografia/gravimetria (laboratório). Os valores não coincidem, embora as amostras tenham sido coletadas no mesmo período. Qual raciocínio é mais adequado para interpretar essa diferença sem concluir automaticamente que um dos resultados está “errado”?",True,True,False,2,Média
859cba6045-f2-d0-r54-q5,Produção e Processo (Medição Fiscal e Sistema de Alívio),Tratamento de água produzida para descarte,Difícil,0.9,"Para aumentar a confiabilidade do monitoramento de TOG no descarte, a gerência quer um programa integrado que combine analisador on-line, rotina de amostragem e verificação em laboratório. A intenção é distinguir degradação real do tratamento de variações introduzidas pela coleta, preservação e limitações dos métodos. Qual estratégia é mais robusta?",True,True,True,3,Fácil
859cba6045-f2-d0-r55-q1,Produção e Processo (Medição Fiscal e Sistema de Alívio),Tratamento de água produzida para descarte,Média,0.89,"Na investigação de uma não conformidade no descarte, duas amostras de água produzida coletadas no mesmo turno apresentaram TOG muito distintos. Suspeita-se de falta de homogeneidade no ponto de tomada e de influência de óleo aderido/filme nas paredes da linha. Qual prática de amostragem tende a reduzir esse viés e aumentar a representatividade da amostra?",True,True,False,2,Média
859cba6045-f2-d0-r55-q2,Produção e Processo (Medição Fiscal e Sistema de Alívio),Tratamento de água produzida para descarte,Média,0.84,"No laboratório de bordo, uma amostra de água produzida apresentou TOG maior por método instrumental (infravermelho) do que por método gravimétrico com extração em solvente e tratamento do extrato com sílica gel. O processo não teve mudanças aparentes. Qual interpretação técnica melhor explica por que os resultados podem divergir sem que haja erro grosseiro de execução?",True,True,True,3,Fácil
859cba6045-f2-d0-r55-q3,Produção e Processo (Medição Fiscal e Sistema de Alívio),Tratamento de água produzida para descarte,Média,0.73,"Em um ensaio de tanque em um FPSO para checar a medição de nível e a condição de processo, a equipe quer diminuir a incerteza ligada ao inventário remanescente no início do teste e ao teor água/óleo do líquido residual, reduzindo a influência de interpretações visuais do operador durante a drenagem. Qual conjunto de práticas torna o ensaio mais robusto?",True,True,True,3,Fácil
859cba6045-f2-d0-r55-q5,Produção e Processo (Medição Fiscal e Sistema de Alívio),Tratamento de água produzida para descarte,Média,0.9,"Após sucessivos valores elevados de TOG, verificou-se que o ponto de amostragem do efluente de água produzida fica em uma derivação com pouca renovação de fluxo, e os frascos frequentemente apresentam filme oleoso após a coleta. Qual mudança de abordagem tem maior potencial de reduzir a superestimação por adesão/migração de óleo e pela heterogeneidade local do ponto de coleta?",True,True,True,3,Fácil
859cba6045-f3-d0-r56-q1,Produção e Processo (Medição Fiscal e Sistema de Alívio),Tratamento de água produzida para descarte,Média,0.91,"Após uma frente de areia no poço, a água produzida começa a sair com turbidez elevada e presença de sólidos que têm provocado instabilidades e maior frequência de intervenções no trem de tratamento. A prioridade do operador é evitar que esses sólidos agravem entupimentos e reduzam a eficiência das etapas seguintes. Qual abordagem tende a ser mais efetiva como resposta operacional inicial?",False,True,True,2,Média
859cba6045-f3-d0-r56-q2,Produção e Processo (Medição Fiscal e Sistema de Alívio),Tratamento de água produzida para descarte,Média,0.89,"A unidade quer reduzir o descarte ao mar direcionando parte da água produzida para reúso industrial em equipamentos sensíveis a corrosão e incrustação (p.ex., trocadores e utilidades). Os testes apontam a salinidade como a principal barreira. Qual estratégia operacional melhor viabiliza esse reúso com risco controlado de incrustação?",True,False,True,2,Média
859cba6045-f3-d0-r56-q4,Produção e Processo (Medição Fiscal e Sistema de Alívio),Tratamento de água produzida para descarte,Média,0.91,"Em uma etapa de polimento por osmose reversa, observou-se aumento gradual da perda de carga e redução da recuperação de permeado. O registro operacional indica que, nas últimas semanas, a taxa de recuperação foi elevada para diminuir o volume de concentrado (rejeito). Considerando que o aumento do fator de concentração eleva o risco de incrustação por sais pouco solúveis (ex.: BaSO4), qual medida operacional é mais indicada para atacar a causa provável, preservando desempenho e integridade das membranas?",True,True,True,3,Fácil
859cba6045-f3-d0-r57-q0,Produção e Processo (Medição Fiscal e Sistema de Alívio),Tratamento de água produzida para descarte,Média,0.9,"Durante uma frente fria, um FPSO registra aumento intermitente de oleosidade na água produzida na saída do trem de separação, colocando o descarte ao mar momentaneamente fora da especificação. A unidade dispõe de linha de recirculação para tratamento, linha de retenção/neutralização e alternativa de encaminhamento para reúso/reinjeção (com requisitos mais restritos). Qual estratégia operacional tende a ser mais consistente para manter conformidade e reduzir risco ambiental durante os picos, sem impor imediatamente requisitos de qualidade mais severos ao sistema?",True,True,True,3,Fácil
859cba6045-f3-d0-r57-q2,Produção e Processo (Medição Fiscal e Sistema de Alívio),Tratamento de água produzida para descarte,Média,0.85,"Um FPSO passa a destinar parte da água produzida para reúso interno em utilidades com maior sensibilidade à salinidade, avaliando OR/EDR. Durante testes, ao buscar maior taxa de recuperação, surge aumento de perda de carga e queda de desempenho, com indícios de incrustação por sais pouco solúveis (incluindo risco de BaSO4). Qual ação operacional é mais coerente para reduzir o risco de incrustação e manter o desempenho do sistema de membranas?",True,False,True,2,Média
859cba6045-f3-d0-r57-q3,Produção e Processo (Medição Fiscal e Sistema de Alívio),Tratamento de água produzida para descarte,Média,0.84,"Em uma unidade de tratamento secundário biológico a bordo, a água produzida começa a sair fora da especificação por aumento de toxicidade e degradação insuficiente de matéria orgânica, coincidente com um transiente de processo que trouxe uma carga mais agressiva ao reator. Para voltar à conformidade sem simplesmente transferir o problema para outra rota, qual conjunto de medidas operacionais é mais consistente com a lógica de controle de processos biológicos e de gestão de efluente fora de especificação?",True,True,True,3,Fácil
859cba6045-f3-d0-r57-q4,Produção e Processo (Medição Fiscal e Sistema de Alívio),Tratamento de água produzida para descarte,Difícil,0.83,"Durante uma campanha de otimização, o FPSO compara três rotas para a água produzida: descarte ao mar, reúso industrial e reinjeção. Em um dado período, o efluente fica fora da especificação do destino por turbidez e compostos orgânicos solúveis remanescentes, e há alguma folga de capacidade em unidades de polimento. Considerando trade-offs típicos (energia, complexidade, riscos de corrosão/entupimento/incrustação e exigências regulatórias/operacionais do destino), qual decisão tende a ser mais defensável para recuperar a conformidade e manter flexibilidade de roteamento?",True,True,False,2,Média
859cba6045-f3-d0-r58-q0,Produção e Processo (Medição Fiscal e Sistema de Alívio),Tratamento de água produzida para descarte,Média,0.73,"Em um FPSO, a água produzida após o trem de separação passa a apresentar aumento repentino de óleo no efluente de descarte, associado à instabilidade do separador trifásico (arraste de óleo livre para a fase aquosa). Há folga nas etapas de polimento (p.ex., hidrociclones/DAF) e existe linha de retenção. Qual ação operacional é mais consistente para evitar não conformidade ambiental e manter a rastreabilidade do desvio?",True,True,True,3,Fácil
859cba6045-f3-d0-r58-q1,Produção e Processo (Medição Fiscal e Sistema de Alívio),Tratamento de água produzida para descarte,Média,0.88,"Após uma frente de produção com maior arraste de partículas, a unidade passa a registrar aumento de sólidos suspensos na água produzida e maior incidência de entupimentos em linhas e instrumentos a jusante. A equipe precisa reduzir rapidamente a carga sólida antes de tentar polimentos mais sensíveis e decidir o que fazer com a água fora de especificação de descarte. Qual encaminhamento operacional é mais coerente com a lógica de barreiras de tratamento?",True,False,True,2,Média
859cba6045-f3-d0-r58-q3,Produção e Processo (Medição Fiscal e Sistema de Alívio),Tratamento de água produzida para descarte,Média,0.87,"Em um sistema de osmose reversa para produção de água de reúso, ocorre aumento de pressão diferencial e perda de desempenho compatíveis com incrustação. A tendência mostra piora quando se aumenta a taxa de recuperação. Considerando que a recuperação afeta o fator de concentração no rejeito, qual ajuste operacional é mais coerente para reduzir o risco de scaling e estabilizar o desempenho?",True,True,False,2,Média
859cba6045-f3-d0-r58-q4,Produção e Processo (Medição Fiscal e Sistema de Alívio),Tratamento de água produzida para descarte,Difícil,0.84,"Um sistema de tratamento biológico opera como etapa secundária de polimento antes da disposição em mar. Após mudança na composição do afluente, observam-se queda de atividade microbiana e instabilidade, com piora do efluente e aumento do risco de não atender ao limite de descarte. Qual conjunto de medidas é mais indicado para recuperar o controle operacional e reduzir a probabilidade de não conformidade?",True,True,True,3,Fácil
859cba6045-f3-d0-r59-q2,Produção e Processo (Medição Fiscal e Sistema de Alívio),Tratamento de água produzida para descarte,Média,0.87,"Após normalizar a oleosidade, a água produzida ainda não atende ao padrão de reúso em trocadores de calor por causa da salinidade, e o time avalia implantar OR/EDR. Na discussão, propõe-se operar com recuperação muito alta para maximizar o volume de água recuperada. Qual avaliação operacional é mais consistente com os riscos e controles típicos da dessalinização por membranas?",True,True,True,3,Fácil
859cba6045-f3-d0-r59-q5,Produção e Processo (Medição Fiscal e Sistema de Alívio),Tratamento de água produzida para descarte,Média,0.85,"Durante uma restrição temporária de descarte, o FPSO avalia enviar água produzida para reinjeção. A corrente atende oleosidade para descarte, mas apresenta sólidos suspensos e turbidez variáveis, com histórico de entupimentos em linhas. Qual decisão operacional melhor alinha o tratamento à mudança de destino, reduzindo risco de perda de injetividade e de problemas em equipamentos?",True,True,True,3,Fácil
859cba6045-f3-d0-r60-q0,Produção e Processo (Medição Fiscal e Sistema de Alívio),Tratamento de água produzida para descarte,Média,0.84,"Em um FPSO, o analisador em linha indica que a oleosidade da água produzida na linha de descarte para o mar ultrapassou a especificação durante uma instabilidade operacional (variação de vazão e arraste de óleo). Existe uma linha dedicada de retenção/neutralização com capacidade disponível. Qual encaminhamento operacional tende a preservar melhor a conformidade ambiental enquanto a equipe identifica e corrige a causa do desvio?",True,True,True,3,Fácil
859cba6045-f3-d0-r60-q1,Produção e Processo (Medição Fiscal e Sistema de Alívio),Tratamento de água produzida para descarte,Fácil,0.88,"Após uma intervenção na planta, a água produzida passou a carregar sólidos grosseiros (trapos e pequenos fragmentos) que aumentaram a perda de carga em equipamentos de separação e pioraram a qualidade do efluente para descarte. Considerando uma resposta operacional voltada a recuperar a eficiência do tratamento com mudanças simples e robustas, qual ação é mais consistente com a lógica do tratamento primário?",True,True,False,2,Média
859cba6045-f3-d0-r60-q2,Produção e Processo (Medição Fiscal e Sistema de Alívio),Tratamento de água produzida para descarte,Média,0.83,"Uma unidade de tratamento biológico foi acionada para polimento da água produzida, mas o efluente segue fora da especificação por aumento de óleo suspenso remanescente e instabilidade do processo (variação de carga e sinais de inibição). Qual conjunto de ações operacionais é mais alinhado ao controle típico necessário para recuperar o desempenho do tratamento biológico?",True,True,True,3,Fácil
859cba6045-f3-d0-r60-q3,Produção e Processo (Medição Fiscal e Sistema de Alívio),Tratamento de água produzida para descarte,Média,0.89,"Durante uma restrição de descarte ao mar, a operação avalia encaminhar parte da água produzida para reúso industrial em equipamentos sensíveis (por exemplo, trocadores térmicos e geração de vapor). A qualidade atual atende oleosidade e sólidos, mas a salinidade permanece elevada. Qual estratégia adicional tende a ser mais coerente para viabilizar o reúso com menor risco de corrosão e deposição salina, considerando os impactos do próprio tratamento?",True,True,True,3,Fácil
859cba6045-f3-d0-r60-q4,Produção e Processo (Medição Fiscal e Sistema de Alívio),Tratamento de água produzida para descarte,Difícil,0.89,"Em um FPSO, a osmose reversa (OR) é usada para produzir água de reúso e reduzir descarte. Durante um período de maior geração de água, a equipe sugere elevar a taxa de recuperação (fração de permeado) para aumentar o volume recuperado. Considerando a operação de curto prazo, qual alternativa descreve melhor o risco dominante associado a esse aumento e a forma mais consistente de mitigá-lo?",True,False,True,2,Média
859cba6045-f3-d0-r60-q5,Produção e Processo (Medição Fiscal e Sistema de Alívio),Tratamento de água produzida para descarte,Média,0.86,"Após ajustes nos separadores, a água produzida passou a remover adequadamente óleo livre, mas ainda não atende a um destino mais restritivo (reúso/reinjeção) por turbidez residual e presença de orgânicos solúveis (associados a toxicidade). Quando o gargalo deixa de ser principalmente óleo livre, qual estratégia tende a ser mais consistente?",False,True,True,2,Média
f6f5e892b1-f0-d0-r1-q0,Produção e Processo (Medição Fiscal e Sistema de Alívio),Sistema de captação e tratamento de água do mar para injeção no reservatório,Média,0.87,"Em um FPSO em fase de detalhamento, a equipe está definindo a posição da caixa de mar (sea chest) e o trajeto da linha de sucção até a praça de bombas de captação de água do mar para injeção. A preocupação é reduzir problemas operacionais associados a baixa pressão na sucção (incluindo maior suscetibilidade a instabilidades) e facilitar intervenções. Qual decisão de arranjo é mais consistente com essas prioridades?",True,True,True,3,Fácil
f6f5e892b1-f0-d0-r1-q1,Produção e Processo (Medição Fiscal e Sistema de Alívio),Sistema de captação e tratamento de água do mar para injeção no reservatório,Fácil,0.89,"No comissionamento do sistema de água de injeção, uma bomba de reciclo descarrega para um vaso (ex.: vaso de saturação) que opera a 7,5 barg. Na vazão alvo, a queda de pressão entre a descarga da bomba e o vaso — incluindo a tubulação e um dispositivo de injeção/mistura instalado a jusante da bomba — é de 1,8 bar. Desconsiderando outras parcelas, qual pressão manométrica na descarga da bomba atende ao critério de dimensionamento/ajuste operacional?",True,True,True,3,Fácil
f6f5e892b1-f0-d0-r1-q4,Produção e Processo (Medição Fiscal e Sistema de Alívio),Sistema de captação e tratamento de água do mar para injeção no reservatório,Média,0.84,"No arranjo de alimentação das bombas de injeção, foi incluída uma bomba em standby compartilhando os mesmos coletores de sucção e de descarga. Observou-se que isso pode exigir mais válvulas, derivações e conexões no lado de sucção, afetando perdas de carga e facilidade de manutenção. Considerando simultaneamente intervenções (confiabilidade) e desempenho hidráulico na sucção, qual arranjo é mais defensável segundo boas práticas de projeto?",True,False,True,2,Média
f6f5e892b1-f0-d0-r1-q5,Produção e Processo (Medição Fiscal e Sistema de Alívio),Sistema de captação e tratamento de água do mar para injeção no reservatório,Média,0.88,"No dimensionamento da pressão requerida de uma bomba de superfície que alimenta um consumidor a jusante (vaso de processo ou dispositivo final de injeção), quais parcelas devem compor o balanço hidráulico para reduzir o risco de subdimensionamento por omissão de perdas relevantes?",True,True,True,3,Fácil
f6f5e892b1-f0-d0-r2-q0,Produção e Processo (Medição Fiscal e Sistema de Alívio),Sistema de captação e tratamento de água do mar para injeção no reservatório,Média,0.91,"Em um FPSO em fase de detalhamento, a equipe de utilidades compara duas localizações para a caixa de mar que alimentará as bombas de captação de água do mar: (i) uma posição mais afastada, que libera área na praça de bombas, mas adiciona comprimento à linha de sucção e aumenta o número de conexões/acessórios; (ii) uma posição junto à praça de bombas, com sucção mais curta e um arranjo de isolamento e drenagem mais simples para intervenções. Considerando os efeitos mais prováveis na operação e na manutenção, qual escolha tende a ser mais consistente?",True,True,True,3,Fácil
f6f5e892b1-f0-d0-r2-q1,Produção e Processo (Medição Fiscal e Sistema de Alívio),Sistema de captação e tratamento de água do mar para injeção no reservatório,Média,0.91,"Um conceito de captação de água do mar por tubo de profundidade será conectado ao flutuante para captar água mais fria. Antes de congelar o projeto do tubo e do conector ao flutuante, quais análises são mais diretamente relevantes para orientar o dimensionamento mecânico e os cuidados de instalação, dado que o tubo ficará sujeito a movimentos e ambiente marinho?",True,True,True,3,Fácil
f6f5e892b1-f0-d0-r2-q3,Produção e Processo (Medição Fiscal e Sistema de Alívio),Sistema de captação e tratamento de água do mar para injeção no reservatório,Média,0.94,"Em uma campanha de aumento de vazão de captação, a operação reporta ruído e instabilidade próximos à entrada das bombas, sugerindo baixa margem de sucção (NPSH disponível reduzido). Sem alterar a profundidade de captação, qual mudança de arranjo de tubulação tende a atuar mais diretamente na causa provável, à luz das recomendações de minimizar perdas na sucção e facilitar a integração com a caixa de mar?",False,False,True,1,Difícil
f6f5e892b1-f0-d0-r2-q5,Produção e Processo (Medição Fiscal e Sistema de Alívio),Sistema de captação e tratamento de água do mar para injeção no reservatório,Média,0.89,"Um FPSO precisa manter disponibilidade do sistema de captação para suportar consumidores a jusante (incluindo injeção/utilidades), mas a equipe de manutenção exige que intervenções na praça de bombas sejam possíveis com mínimo impacto operacional. Considerando o papel da caixa de mar e das linhas de sucção, qual proposta de arranjo tende a equilibrar melhor disponibilidade e manutenibilidade, coerente com as diretrizes de localização, isolamento e drenagem?",True,True,True,3,Fácil
f6f5e892b1-f0-d0-r3-q0,Produção e Processo (Medição Fiscal e Sistema de Alívio),Sistema de captação e tratamento de água do mar para injeção no reservatório,Média,0.86,"Durante a fase de detalhamento de um FPSO, a equipe avalia duas localizações possíveis para a caixa de mar (sea chest) que alimenta as bombas de captação para o sistema de água de injeção. A alternativa 1 coloca a caixa de mar afastada da praça de bombas, exigindo um trajeto de sucção longo e com diversos acessórios. A alternativa 2 coloca a caixa de mar junto à praça de bombas, com sucções curtas e melhor acesso para bloqueio e drenagem. Considerando desempenho hidráulico e manutenção, qual decisão tende a ser mais coerente?",True,True,True,3,Fácil
f6f5e892b1-f0-d0-r3-q1,Produção e Processo (Medição Fiscal e Sistema de Alívio),Sistema de captação e tratamento de água do mar para injeção no reservatório,Difícil,0.89,"Um projeto prevê captação de água do mar em profundidade por um tubo de aço conectado ao flutuante, com a extremidade inferior livre na cota de captação. Antes da liberação para fabricação e instalação, qual conjunto de avaliações é mais alinhado ao que se espera para garantir integridade estrutural desse arranjo diante dos movimentos da unidade e do ambiente?",True,True,True,3,Fácil
f6f5e892b1-f0-d0-r3-q2,Produção e Processo (Medição Fiscal e Sistema de Alívio),Sistema de captação e tratamento de água do mar para injeção no reservatório,Média,0.81,"Em uma linha de água (captação e tratamento), um conjunto de bombas alimenta um vaso a uma determinada pressão operacional. Para verificar se a pressão na descarga da bomba atende ao ponto de operação, a equipe precisa fechar o balanço de pressão entre a descarga da bomba e o vaso. Qual abordagem tende a levar a um dimensionamento consistente da pressão requerida na descarga da bomba?",False,True,True,2,Média
f6f5e892b1-f0-d0-r4-q0,Produção e Processo (Medição Fiscal e Sistema de Alívio),Sistema de captação e tratamento de água do mar para injeção no reservatório,Média,0.83,"Um FPSO precisa alimentar um sistema que demanda grandes vazões de água do mar com temperatura inferior à encontrada na superfície. A equipe avalia duas opções de captação: (i) captar próximo à superfície com uma tomada no costado e (ii) captar em maior profundidade e conduzir a água até a praça de bombas. Considerando também a necessidade de integrar a captação às bombas de forma operacionalmente acessível, qual solução é mais consistente?",True,True,True,3,Fácil
f6f5e892b1-f0-d0-r4-q1,Produção e Processo (Medição Fiscal e Sistema de Alívio),Sistema de captação e tratamento de água do mar para injeção no reservatório,Média,0.91,"Durante a revisão de projeto do tubo de captação em profundidade, o responsável pela integridade estrutural solicita evidências de que o conjunto suportará os movimentos do FPSO e o ambiente metoceânico ao longo da operação e também durante a instalação. Qual conjunto de análises/estudos atende melhor a essa preocupação e orienta o dimensionamento mecânico (materiais, ancoragens e conexão ao flutuante)?",True,False,True,2,Média
f6f5e892b1-f0-d0-r4-q2,Produção e Processo (Medição Fiscal e Sistema de Alívio),Sistema de captação e tratamento de água do mar para injeção no reservatório,Fácil,0.88,"Em um circuito de injeção/reciclo, a bomba descarrega para um vaso (por exemplo, um vaso de saturação). Entre a descarga da bomba e a entrada do vaso há elementos que promovem a introdução e a mistura de correntes no circuito. Para definir a pressão de descarga a ser especificada para a bomba de modo que a pressão requerida no vaso seja atendida, qual critério é o mais consistente?",True,True,False,2,Média
f6f5e892b1-f0-d0-r5-q0,Produção e Processo (Medição Fiscal e Sistema de Alívio),Sistema de captação e tratamento de água do mar para injeção no reservatório,Média,0.85,"Durante o detalhamento de um FPSO, a equipe está definindo a interface entre a captação de água do mar em profundidade e a praça de bombas. O objetivo é melhorar a operabilidade e reduzir a probabilidade de problemas na sucção. Considerando boas práticas derivadas do arranjo descrito (tubo conectado ao flutuante, topo ligado por tubulação rígida à caixa de mar), qual decisão de layout é a mais coerente?",False,True,True,2,Média
f6f5e892b1-f0-d0-r5-q3,Produção e Processo (Medição Fiscal e Sistema de Alívio),Sistema de captação e tratamento de água do mar para injeção no reservatório,Média,0.75,"Em uma etapa de operação com líquido de alta viscosidade, observa-se aquecimento fora do normal e desgaste acelerado em uma bomba de cavidade progressiva do circuito. Há sinais de trechos com escoamento muito baixo nas linhas, sugerindo períodos de operação a seco (perda de fluxo) com aquecimento do estator por contato com o rotor. Qual ação de engenharia/operação é mais alinhada com esse mecanismo de dano e com a mitigação recomendada?",True,True,True,3,Fácil
f6f5e892b1-f0-d0-r5-q4,Produção e Processo (Medição Fiscal e Sistema de Alívio),Sistema de captação e tratamento de água do mar para injeção no reservatório,Média,0.86,"No comissionamento da captação de água do mar para injeção, observa-se aumento de ruído e vibração na bomba conforme a vazão cresce. Pretende-se reduzir a severidade do fenômeno sem alterar a profundidade de tomada d’água e sem modificar o ponto/pressão de entrega. À luz da recomendação de reduzir restrições no lado de entrada e da interface com a caixa de mar (sea chest), qual medida de engenharia atua mais diretamente na causa mais provável dentro desse escopo?",True,True,True,3,Fácil
f6f5e892b1-f0-d0-r6-q0,Produção e Processo (Medição Fiscal e Sistema de Alívio),Sistema de captação e tratamento de água do mar para injeção no reservatório,Média,0.89,"Em um FPSO em fase de projeto, a equipe avalia duas posições possíveis para a caixa de mar (sea chest) que alimentará as bombas de captação para o sistema de água de injeção: (i) em um ponto mais afastado da praça de bombas, exigindo um trajeto de sucção mais longo e com mais acessórios; (ii) no costado junto à praça de bombas, com sucção curta e com facilidades de isolamento e drenagem para intervenções. Considerando os objetivos operacionais do arranjo, qual escolha e justificativa ficam mais coerentes?",True,True,True,3,Fácil
f6f5e892b1-f0-d0-r6-q1,Produção e Processo (Medição Fiscal e Sistema de Alívio),Sistema de captação e tratamento de água do mar para injeção no reservatório,Fácil,0.88,"Durante o dimensionamento de uma bomba de superfície que descarrega para um vaso a uma pressão operacional definida (por exemplo, um vaso de saturação no tratamento de água de injeção), a equipe precisa traduzir a exigência do processo em uma pressão mínima na descarga da bomba. Qual raciocínio expressa corretamente essa relação, considerando o que deve ser somado no balanço de pressão a jusante da bomba?",True,True,True,3,Fácil
f6f5e892b1-f0-d0-r6-q2,Produção e Processo (Medição Fiscal e Sistema de Alívio),Sistema de captação e tratamento de água do mar para injeção no reservatório,Média,0.87,"Em um comissionamento, após a instalação de um carretel provisório na sucção das bombas de captação (com dois cotovelos adicionais e um elemento de filtragem temporário), observa-se aumento de ruído e vibração na bomba, além de oscilação de vazão. Sem recorrer a critérios numéricos, qual explicação e ação corretiva ficam mais alinhadas com as diretrizes de projeto do sistema de sucção descritas para FPSO?",True,True,True,3,Fácil
f6f5e892b1-f0-d0-r6-q4,Produção e Processo (Medição Fiscal e Sistema de Alívio),Sistema de captação e tratamento de água do mar para injeção no reservatório,Média,0.86,"Na definição de disponibilidade do sistema de captação e alimentação para água de injeção em um FPSO, a operação deseja manter capacidade parcial durante intervenções, enquanto a manutenção pede facilidade de isolamento/drenagem. Considerando os princípios do arranjo (minimizar trajetos de sucção e facilitar intervenções na praça de bombas), qual arquitetura tende a atender melhor a esse objetivo, sem introduzir penalidades hidráulicas desnecessárias na sucção?",True,True,True,3,Fácil
f6f5e892b1-f0-d0-r6-q5,Produção e Processo (Medição Fiscal e Sistema de Alívio),Sistema de captação e tratamento de água do mar para injeção no reservatório,Fácil,0.9,"Em operação, observa-se queda gradual da vazão fornecida pelas bombas de captação ao sistema de água de injeção, mantendo-se a mesma rotação, após semanas sem limpeza de filtros/condicionadores na linha. A hipótese é maior incrustação e retenção de sólidos. Considerando como as perdas de carga entram no dimensionamento e na pressão requerida na descarga, qual interpretação melhor orienta a decisão de operação/manutenção?",True,True,True,3,Fácil
f6f5e892b1-f0-d0-r7-q0,Produção e Processo (Medição Fiscal e Sistema de Alívio),Sistema de captação e tratamento de água do mar para injeção no reservatório,Média,0.88,"Em um FPSO em fase de detalhamento, a equipe avalia duas localizações possíveis para a caixa de mar (sea chest) que alimenta as bombas de captação de água do mar: (i) próxima à praça de bombas, com linhas de sucção curtas; (ii) mais distante, exigindo linhas de sucção mais longas e com mais acessórios para contornar interferências. Considerando desempenho hidráulico e facilidade de intervenção, qual decisão tende a ser mais consistente com boas práticas de projeto descritas para esse arranjo?",False,True,True,2,Média
f6f5e892b1-f0-d0-r7-q2,Produção e Processo (Medição Fiscal e Sistema de Alívio),Sistema de captação e tratamento de água do mar para injeção no reservatório,Média,0.87,"Na partida, em alta vazão, das bombas de captação de água do mar, a operação relata ruído e vibração próximos à sucção, piorando quando a vazão é aumentada. Sem usar critérios numéricos, qual linha de raciocínio de projeto/arranjo é mais consistente para mitigar o problema, considerando como crítico o trecho de sucção (perdas de carga e trajeto até a caixa de mar)?",True,True,True,3,Fácil
f6f5e892b1-f0-d0-r7-q4,Produção e Processo (Medição Fiscal e Sistema de Alívio),Sistema de captação e tratamento de água do mar para injeção no reservatório,Média,0.86,"Na definição do arranjo das bombas de captação e sua integração com a caixa de mar, a operação solicita que seja possível intervir em uma bomba (inspeção/ manutenção) sem paralisar completamente a alimentação de água do mar para utilidades e/ou injeção. Considerando o que se enfatiza sobre localização da caixa de mar, trajetos de sucção e intervenções, qual solução de projeto tende a atender melhor esse objetivo operacional?",True,True,True,3,Fácil
f6f5e892b1-f0-d0-r7-q5,Produção e Processo (Medição Fiscal e Sistema de Alívio),Sistema de captação e tratamento de água do mar para injeção no reservatório,Média,0.89,"Em um skid do sistema de água (por exemplo, dosagem de aditivos no tratamento), opera uma bomba de cavidade progressiva com estator elastomérico em buna N. Após a troca do pacote de químicos, foram observados aumento de torque e aquecimento, além de sinais de que a folga rotor–estator diminuiu (maior interferência). Considerando o efeito de compatibilidade química típico de estatores de borracha em contato com aditivos, qual decisão de engenharia é mais consistente?",True,True,True,3,Fácil
f6f5e892b1-f0-d0-r8-q0,Produção e Processo (Medição Fiscal e Sistema de Alívio),Sistema de captação e tratamento de água do mar para injeção no reservatório,Fácil,0.9,"Em um FPSO, uma bomba de água do mar envia fluido para um vaso de saturação que opera a uma pressão especificada pelo processo. Para estimar a pressão mínima necessária na flange de descarga da bomba, a equipe deve considerar o trecho hidráulico entre a descarga e o bocal do vaso (tubos, singularidades como válvulas/conexões e um elemento de injeção/mistura instalado após a bomba). Qual critério de dimensionamento é o mais consistente para garantir a condição no vaso?",True,True,True,3,Fácil
f6f5e892b1-f0-d0-r8-q1,Produção e Processo (Medição Fiscal e Sistema de Alívio),Sistema de captação e tratamento de água do mar para injeção no reservatório,Média,0.83,"Na fase de arranjo geral de um FPSO, surgiu a proposta de deslocar a caixa de mar para uma região mais afastada da praça de bombas, para liberar espaço para outros equipamentos. O sistema terá duas bombas de captação (uma em operação e outra em condição de prontidão) e exigirá intervenções periódicas. Qual avaliação é mais alinhada a um projeto robusto das linhas de sucção e da operação/manutenção?",True,True,True,3,Fácil
f6f5e892b1-f0-d0-r8-q2,Produção e Processo (Medição Fiscal e Sistema de Alívio),Sistema de captação e tratamento de água do mar para injeção no reservatório,Difícil,0.9,"Uma unidade avalia captar água do mar em maior profundidade para atender aos requisitos de temperatura do sistema de resfriamento, conectando ao FPSO um tubo de aço com extremidade inferior livre na profundidade de captação. Antes de detalhar a suportação e a conexão ao casco, qual abordagem de engenharia melhor reduz o risco de falhas por carregamentos ambientais e movimentos do FPSO?",True,True,True,3,Fácil
f6f5e892b1-f0-d0-r8-q3,Produção e Processo (Medição Fiscal e Sistema de Alívio),Sistema de captação e tratamento de água do mar para injeção no reservatório,Média,0.7,"Durante uma campanha, uma bomba de cavidade progressiva transfere um fluido de alta viscosidade em um circuito de processo. Ocorrem interrupções de escoamento na sucção/descarga, seguidas de elevação de temperatura e dano no estator. Qual medida operacional/projetual atua mais diretamente no mecanismo de falha observado?",True,False,False,1,Difícil
f6f5e892b1-f0-d0-r8-q4,Produção e Processo (Medição Fiscal e Sistema de Alívio),Sistema de captação e tratamento de água do mar para injeção no reservatório,Média,0.89,"Em um FPSO, mudanças no arranjo de utilidades acrescentaram acessórios e alongaram a tubulação entre a caixa de mar (sea chest) e a sucção das bombas de captação de água do mar, elevando a perda de carga na aspiração. A equipe de processo teme redução da margem hidráulica na entrada da bomba (maior propensão à cavitação). Considerando princípios de dimensionamento por perdas de carga, qual ação de projeto é mais coerente para mitigar esse risco?",True,True,True,3,Fácil
f6f5e892b1-f0-d0-r8-q5,Produção e Processo (Medição Fiscal e Sistema de Alívio),Sistema de captação e tratamento de água do mar para injeção no reservatório,Média,0.8,"Em uma revisão de especificação de materiais de uma bomba de cavidade progressiva, decidiu-se empregar estator de borracha (buna N), mas o fluido contém aditivos com potencial de interação com elastômeros. Considerando a confiabilidade mecânica do conjunto rotor-estator, qual decisão de projeto é mais consistente para reduzir risco de falha por efeito de material?",True,True,True,3,Fácil
f6f5e892b1-f0-d0-r9-q0,Produção e Processo (Medição Fiscal e Sistema de Alívio),Sistema de captação e tratamento de água do mar para injeção no reservatório,Fácil,0.86,"Durante o detalhamento de um FPSO, a equipe discute a posição da caixa de mar (sea chest) em relação à praça de bombas de captação de água do mar. A unidade terá intervenções frequentes nas bombas e válvulas de sucção. Qual justificativa de arranjo é mais coerente para orientar a localização da caixa de mar nesse contexto?",True,True,True,3,Fácil
f6f5e892b1-f0-d0-r9-q2,Produção e Processo (Medição Fiscal e Sistema de Alívio),Sistema de captação e tratamento de água do mar para injeção no reservatório,Média,0.9,"Um FPSO pretende captar água do mar em profundidade por um tubo de aço conectado ao flutuante, com extremidade inferior livre na cota de captação. O projeto busca reduzir risco de falha mecânica durante a operação e também durante a instalação, quando o tubo já está conectado à plataforma. Qual combinação de análises é mais apropriada para sustentar o dimensionamento e os cuidados de instalação desse tubo?",False,False,True,1,Difícil
f6f5e892b1-f0-d0-r9-q3,Produção e Processo (Medição Fiscal e Sistema de Alívio),Sistema de captação e tratamento de água do mar para injeção no reservatório,Média,0.84,"Após a partida de um trem de captação de água do mar, observa-se instabilidade de vazão e ruído intermitente na região de sucção das bombas. Ainda não há um estudo detalhado de NPSH do conjunto, mas a equipe quer adotar uma medida de projeto/arranjo que, por princípio, aumente a margem hidráulica na sucção e reduza a propensão a problemas associados à sucção. Qual ação está mais bem fundamentada?",True,True,True,3,Fácil
f6f5e892b1-f0-d0-r9-q4,Produção e Processo (Medição Fiscal e Sistema de Alívio),Sistema de captação e tratamento de água do mar para injeção no reservatório,Difícil,0.85,"Em um FPSO, estuda-se captar água do mar em maior profundidade para atender à temperatura do sistema de resfriamento. Isso implica um tubo mais longo, com extremidade inferior livre e conexão rígida no topo até a caixa de mar (sea chest), impactando integridade mecânica e perdas na sucção das bombas. Qual abordagem integrada é mais consistente para reduzir o risco global do sistema?",True,True,True,3,Fácil
f6f5e892b1-f0-d0-r10-q1,Produção e Processo (Medição Fiscal e Sistema de Alívio),Sistema de captação e tratamento de água do mar para injeção no reservatório,Média,0.85,"Na checagem do dimensionamento de uma bomba de superfície que envia fluido para um vaso (ex.: vaso de saturação), deseja-se estimar qual pressão deve estar disponível no flange de descarga da bomba para que a pressão requerida seja atendida no vaso. Considerando a composição da pressão no ponto receptor e as perdas ao longo do caminho, qual opção representa melhor o requisito de pressão na descarga da bomba?",False,True,True,2,Média
f6f5e892b1-f0-d0-r10-q2,Produção e Processo (Medição Fiscal e Sistema de Alívio),Sistema de captação e tratamento de água do mar para injeção no reservatório,Média,0.9,"Um FPSO pretende substituir a captação superficial por captação em maior profundidade para obter água do mar em temperatura mais baixa, conectando um tubo de aço ao flutuante com extremidade inferior livre na profundidade de captação. Antes da mudança, qual conjunto de verificações tende a ser mais crítico para garantir a integridade do tubo quando conectado à unidade e sujeito aos movimentos da plataforma?",True,True,True,3,Fácil
f6f5e892b1-f0-d0-r10-q3,Produção e Processo (Medição Fiscal e Sistema de Alívio),Sistema de captação e tratamento de água do mar para injeção no reservatório,Média,0.85,"Na revisão de confiabilidade do sistema de captação de água do mar de um FPSO, foi identificado que uma mudança de traçado na linha de sucção aumentaria o número de acessórios e o comprimento até a bomba. A equipe está preocupada com a margem operacional na sucção e com a propensão a fenômenos indesejáveis associados a maiores perdas de carga. Qual medida de projeto é mais alinhada para mitigar esse tipo de efeito na sucção, mantendo a interface com a caixa de mar?",True,True,True,3,Fácil
f6f5e892b1-f0-d0-r10-q4,Produção e Processo (Medição Fiscal e Sistema de Alívio),Sistema de captação e tratamento de água do mar para injeção no reservatório,Fácil,0.76,"Em uma campanha de limpeza, um FPSO observou dano prematuro em uma bomba de cavidade progressiva que operava com fluido de elevada viscosidade. A investigação apontou períodos de falta de escoamento nas linhas de sucção e descarga, com aquecimento do estator pelo contato com o rotor. Qual ação operacional/de projeto tende a atacar diretamente o mecanismo que leva ao dano descrito?",True,True,True,3,Fácil
f6f5e892b1-f0-d0-r10-q5,Produção e Processo (Medição Fiscal e Sistema de Alívio),Sistema de captação e tratamento de água do mar para injeção no reservatório,Média,0.88,"No detalhamento da tubulação entre a caixa de mar (sea chest) e as bombas de captação de um FPSO, deseja-se reduzir a perda de carga no lado de sucção e, ao mesmo tempo, viabilizar manutenção com bloqueio do trecho e esvaziamento controlado. Qual arranjo tende a oferecer o melhor compromisso entre desempenho hidráulico e facilidade de intervenção?",True,True,True,3,Fácil
f6f5e892b1-f0-d0-r11-q0,Produção e Processo (Medição Fiscal e Sistema de Alívio),Sistema de captação e tratamento de água do mar para injeção no reservatório,Média,0.86,"Em um FPSO em fase de detalhamento, surgiu a proposta de deslocar a caixa de mar para um ponto mais afastado da praça de bombas para liberar espaço para outros equipamentos. A justificativa é que o diâmetro maior da linha compensaria o aumento de comprimento. Considerando boas práticas de arranjo mencionadas para a interface caixa de mar–bombas, qual avaliação tende a ser mais consistente?",True,False,True,2,Média
f6f5e892b1-f0-d0-r11-q1,Produção e Processo (Medição Fiscal e Sistema de Alívio),Sistema de captação e tratamento de água do mar para injeção no reservatório,Fácil,0.87,"Uma bomba de água do mar alimenta um vaso a uma pressão operacional definida. Na revisão do data sheet, a equipe discute como calcular a pressão requerida na descarga da bomba para garantir operação no vaso. Qual expressão representa melhor a lógica de dimensionamento indicada?",True,False,False,1,Difícil
f6f5e892b1-f0-d0-r11-q4,Produção e Processo (Medição Fiscal e Sistema de Alívio),Sistema de captação e tratamento de água do mar para injeção no reservatório,Média,0.73,"Em um FPSO, a bomba de captação de água do mar passa a apresentar ruído e vibração típicos de cavitação quando a vazão é elevada. A equipe sugere como medida principal aumentar a pressão/altura manométrica especificada na descarga, sem modificar o arranjo de entrada. À luz das boas práticas de projeto da ligação com a sea chest (caixa de mar) e de redução de perdas de carga, qual encaminhamento inicial é mais coerente?",True,True,False,2,Média
f6f5e892b1-f0-d0-r11-q5,Produção e Processo (Medição Fiscal e Sistema de Alívio),Sistema de captação e tratamento de água do mar para injeção no reservatório,Média,0.89,"Na seleção preliminar das bombas de captação conectadas à caixa de mar (sea chest), a equipe estima as perdas de carga do circuito (atrito em sucção/descarga, perdas localizadas em conexões e válvulas, equipamentos de superfície e dispositivos a jusante, como elementos de injeção/mistura). Em um workshop, é sugerido “diminuir perdas” instalando vários pontos de drenagem e válvulas de isolamento em série na linha de sucção, bem próximo à bomba, para facilitar intervenções de manutenção. Qual avaliação melhor equilibra operabilidade/manutenção e desempenho hidráulico, de acordo com os princípios descritos?",False,True,True,2,Média
f6f5e892b1-f0-d0-r12-q0,Produção e Processo (Medição Fiscal e Sistema de Alívio),Sistema de captação e tratamento de água do mar para injeção no reservatório,Média,0.87,"Durante a revisão de layout da captação de água do mar em um FPSO, há duas propostas para a posição da caixa de mar (sea chest): (i) próxima à praça de bombas, com linha de sucção curta; (ii) mais afastada, liberando espaço na praça de bombas, porém exigindo maior extensão de sucção com mais acessórios para cruzar estruturas. Considerando a confiabilidade operacional e a manutenção das bombas de captação, qual justificativa técnica sustenta melhor a escolha da opção (i)?",True,True,True,3,Fácil
f6f5e892b1-f0-d0-r12-q2,Produção e Processo (Medição Fiscal e Sistema de Alívio),Sistema de captação e tratamento de água do mar para injeção no reservatório,Média,0.87,"Um FPSO vai instalar um tubo de captação em profundidade para fornecer água do mar mais fria ao sistema (atendendo especificações de temperatura), com a extremidade inferior livre na profundidade de captação. Antes da instalação definitiva, o time precisa selecionar as análises que mais diretamente orientam o dimensionamento mecânico (materiais, ancoragens e conector ao flutuante) e os cuidados de instalação. Qual conjunto é o mais alinhado a esse objetivo?",True,False,True,2,Média
f6f5e892b1-f0-d0-r12-q3,Produção e Processo (Medição Fiscal e Sistema de Alívio),Sistema de captação e tratamento de água do mar para injeção no reservatório,Média,0.85,"Após uma intervenção, foram adicionados um spool com válvula adicional e um novo conjunto de acessórios próximo à sucção das bombas de captação na praça de bombas. Poucos dias depois, surgiram oscilações de vazão e ruído característico na bomba, levando a equipe a suspeitar de degradação das condições de sucção. Sem recorrer a critérios numéricos, qual ação de engenharia está mais consistente com a diretriz de projeto para reduzir o risco associado a perdas na sucção?",True,True,True,3,Fácil
f6f5e892b1-f0-d0-r12-q4,Produção e Processo (Medição Fiscal e Sistema de Alívio),Sistema de captação e tratamento de água do mar para injeção no reservatório,Média,0.86,"Na fase de FEED do sistema de captação e bombeamento de água do mar para injeção/serviços, a operação exige que seja possível retirar uma bomba de captação para manutenção sem comprometer a capacidade de abastecimento das demais, e que intervenções possam ocorrer com isolamento e drenagem controlados. Ao mesmo tempo, deseja-se evitar degradação de sucção por rotas longas e excessos de acessórios. Qual arranjo de alto nível atende melhor a esses objetivos com base nas diretrizes de interface com a caixa de mar e a praça de bombas?",True,True,True,3,Fácil
f6f5e892b1-f0-d0-r13-q0,Produção e Processo (Medição Fiscal e Sistema de Alívio),Sistema de captação e tratamento de água do mar para injeção no reservatório,Média,0.88,"Em um FPSO, as bombas de captação de água do mar passaram a apresentar ruído característico e vibração intermitente quando a vazão aumenta para atender maior demanda de injeção. Em campo, observa-se um trecho de sucção relativamente longo entre a caixa de mar e as bombas, com diversos acessórios. Considerando boas práticas para a interface caixa de mar–praça de bombas e o efeito de perdas de carga na sucção, qual intervenção de engenharia tende a atuar mais diretamente na causa provável do problema?",True,True,True,3,Fácil
f6f5e892b1-f0-d0-r13-q2,Produção e Processo (Medição Fiscal e Sistema de Alívio),Sistema de captação e tratamento de água do mar para injeção no reservatório,Fácil,0.87,"Um sistema de injeção de água em um FPSO possui um vaso a jusante (por exemplo, um vaso associado ao condicionamento do fluido), e a equipe está revisando a especificação de pressão de descarga de uma bomba de reciclo/injeção após constatar que a pressão no vaso não estava sendo atingida na operação. Para revisar o requisito de pressão na descarga da bomba de forma coerente com o dimensionamento descrito, qual raciocínio deve ser aplicado?",True,True,True,3,Fácil
f6f5e892b1-f0-d0-r13-q3,Produção e Processo (Medição Fiscal e Sistema de Alívio),Sistema de captação e tratamento de água do mar para injeção no reservatório,Média,0.77,"Em uma linha de bombeio com fluido de alta viscosidade, uma bomba de cavidade progressiva apresentou aquecimento anormal e falha do estator após períodos de baixa vazão. A apuração apontou que, em certos intervalos, ocorre estagnação do líquido nas linhas de sucção e/ou descarga, levando a bomba a girar sem escoamento efetivo (operação a seco), com aquecimento por atrito rotor–estator. Qual ação operacional/de projeto atua mais diretamente para evitar esse mecanismo de dano?",True,True,True,3,Fácil
f6f5e892b1-f0-d0-r13-q5,Produção e Processo (Medição Fiscal e Sistema de Alívio),Sistema de captação e tratamento de água do mar para injeção no reservatório,Fácil,0.87,"Um FPSO avalia alternativas de arranjo para bombas de captação de água do mar que alimentam utilidades e, por extensão, a injeção. A premissa do projeto é facilitar operação/manutenção na praça de bombas, permitir isolamento e drenagem para intervenções e, ao mesmo tempo, não penalizar desnecessariamente o circuito de sucção (perdas de carga e condições hidráulicas na entrada das bombas). Qual arranjo tende a ser mais coerente com essas premissas?",True,True,False,2,Média
f6f5e892b1-f0-d0-r14-q0,Produção e Processo (Medição Fiscal e Sistema de Alívio),Sistema de captação e tratamento de água do mar para injeção no reservatório,Média,0.88,"Em um FPSO em fase de detalhamento, a equipe propõe mover a caixa de mar (sea chest) alguns metros para liberar espaço na praça de bombas. A mudança aumentaria o comprimento da linha de sucção e exigiria mais curvas e válvulas até as bombas de captação. Considerando o impacto mais provável no desempenho e na operabilidade do sistema, qual encaminhamento de projeto é mais consistente?",True,True,True,3,Fácil
f6f5e892b1-f0-d0-r14-q2,Produção e Processo (Medição Fiscal e Sistema de Alívio),Sistema de captação e tratamento de água do mar para injeção no reservatório,Média,0.89,"Após alguns meses de operação, observa-se que a vazão de captação cai em certos regimes de mar. A investigação indica aumento de vibração no tubo de captação em profundidade e sinais de carregamento cíclico na região do conector ao flutuante. Considerando o que deve ter sido tratado ainda na fase de projeto para mitigar esse tipo de risco, qual medida é mais alinhada às análises mencionadas para esse sistema?",True,False,True,2,Média
f6f5e892b1-f0-d0-r14-q4,Produção e Processo (Medição Fiscal e Sistema de Alívio),Sistema de captação e tratamento de água do mar para injeção no reservatório,Média,0.75,"Em uma bomba de cavidade progressiva transferindo fluido muito viscoso, observou-se redução intermitente de vazão tanto a montante quanto a jusante da bomba, seguida de elevação de temperatura e dano antecipado do estator (sinais compatíveis com contato rotor–estator por perda de filme/lubrificação). Qual ação de operação/projeto está mais coerente com esse mecanismo e com a mitigação indicada?",True,True,True,3,Fácil
f6f5e892b1-f0-d0-r14-q5,Produção e Processo (Medição Fiscal e Sistema de Alívio),Sistema de captação e tratamento de água do mar para injeção no reservatório,Fácil,0.89,"Uma bomba de reciclo/injeção descarrega para um vaso. Entre o bocal de descarga da bomba e o ponto de entrada no vaso há trecho de tubulação com dispositivos de injeção e um elemento de mistura. Em revisão de projeto, discute-se se as perdas de carga nesses elementos a jusante devem ser consideradas na pressão de descarga especificada para a bomba. Qual definição é mais consistente para a requisito de pressão na descarga da bomba?",True,True,True,3,Fácil
f6f5e892b1-f0-d0-r15-q0,Produção e Processo (Medição Fiscal e Sistema de Alívio),Sistema de captação e tratamento de água do mar para injeção no reservatório,Fácil,0.87,"Durante a fase de detalhamento de um FPSO, a equipe discute a posição da caixa de mar (sea chest) que alimentará as bombas de captação de água do mar para o sistema de injeção. Há duas propostas: (i) instalar a caixa de mar mais afastada da praça de bombas para simplificar o traçado estrutural no costado, e (ii) manter a caixa de mar próxima à praça de bombas, com rotas de sucção curtas e pontos de isolamento/drenagem acessíveis. Considerando o impacto em perdas de carga e manutenibilidade, qual decisão é mais coerente com as diretrizes do projeto descritas?",True,True,True,3,Fácil
f6f5e892b1-f0-d0-r15-q1,Produção e Processo (Medição Fiscal e Sistema de Alívio),Sistema de captação e tratamento de água do mar para injeção no reservatório,Média,0.84,"Um FPSO adotará captação por tubo de profundidade para obter água do mar a uma temperatura compatível com o sistema de resfriamento, conectando o topo do tubo à caixa de mar no costado. Antes da instalação, o time precisa definir quais análises são mais críticas para orientar o dimensionamento mecânico e os cuidados de instalação do tubo conectado ao flutuante. Qual conjunto de análises está mais alinhado com os riscos citados para esse tipo de tubo?",True,False,True,2,Média
f6f5e892b1-f0-d0-r15-q3,Produção e Processo (Medição Fiscal e Sistema de Alívio),Sistema de captação e tratamento de água do mar para injeção no reservatório,Média,0.85,"Durante uma revisão de layout do sistema de captação de água do mar, propôs-se inserir, entre a caixa de mar (sea chest) e a sucção das bombas, um arranjo adicional com mais curvas, um trecho extra de tubulação e um equipamento de superfície para condicionamento do escoamento, mantendo-se o restante do circuito como está. A justificativa apresentada é que a perda de carga total do sistema já seria majoritariamente definida pela etapa de injeção no ponto final. Considerando as recomendações de projeto para a interface com a caixa de mar e para o dimensionamento hidráulico (incluindo perdas em tubulações, acessórios e equipamentos), qual crítica técnica é a mais consistente?",True,True,True,3,Fácil
f6f5e892b1-f0-d0-r16-q0,Produção e Processo (Medição Fiscal e Sistema de Alívio),Sistema de captação e tratamento de água do mar para injeção no reservatório,Média,0.87,"No detalhamento de um FPSO, a equipe está definindo a posição da caixa de mar e o traçado da linha de sucção das bombas de captação de água do mar. Há preocupação com confiabilidade das bombas e com a possibilidade de isolar e drenar trechos para manutenção. Qual arranjo tende a ser mais consistente com esses objetivos, considerando perdas de carga na sucção e facilidades operacionais?",True,True,True,3,Fácil
f6f5e892b1-f0-d0-r16-q1,Produção e Processo (Medição Fiscal e Sistema de Alívio),Sistema de captação e tratamento de água do mar para injeção no reservatório,Média,0.86,"Em uma linha de injeção/reciclo associada ao tratamento de água, uma bomba descarrega para um vaso (por exemplo, um vaso de saturação). Durante um revamp, a pressão de operação do vaso aumenta e também é instalado um dispositivo adicional a jusante da descarga da bomba, elevando as perdas entre a bomba e o vaso. Para reavaliar a pressão requerida na descarga da bomba, qual abordagem é a mais adequada?",True,True,True,3,Fácil
f6f5e892b1-f0-d0-r16-q4,Produção e Processo (Medição Fiscal e Sistema de Alívio),Sistema de captação e tratamento de água do mar para injeção no reservatório,Média,0.81,"A água do mar captada alimentará um sistema crítico (utilidades e/ou injeção). Considerando que haverá manutenção periódica na praça de bombas e que pode ser necessário isolar e drenar trechos ligados à caixa de mar, sem adotar critérios numéricos de disponibilidade, qual arranjo tende a manter maior continuidade de serviço durante intervenções planejadas, sem exigir linhas de sucção excessivamente longas?",True,True,True,3,Fácil
f6f5e892b1-f0-d0-r16-q5,Produção e Processo (Medição Fiscal e Sistema de Alívio),Sistema de captação e tratamento de água do mar para injeção no reservatório,Fácil,0.86,"Após alguns meses de operação, observa-se aumento de sólidos em suspensão na água do mar e piora de desempenho (menor vazão entregue) mantendo-se a mesma condição de rotação/controle das bombas. Considerando que as perdas de carga do circuito incluem, entre outros fatores, contribuições associadas ao transporte de partículas sólidas, qual explicação é a mais coerente para o comportamento observado?",True,True,True,3,Fácil
f6f5e892b1-f1-d0-r17-q0,Produção e Processo (Medição Fiscal e Sistema de Alívio),Sistema de captação e tratamento de água do mar para injeção no reservatório,Média,0.79,"No tratamento de água produzida para reinjeção, está em decisão o ponto de instalação do desarenador em relação ao separador multitubular (“harpa”). Busca-se simultaneamente baixo teor de óleo residual (TOG) na água e boa estabilidade de controle sob variações de carga. Admitindo que a eficiência do desarenador permanece dentro do aceitável mesmo com presença de gás, qual arranjo tende a entregar o melhor compromisso entre qualidade da água e controlabilidade?",True,True,False,2,Média
f6f5e892b1-f1-d0-r17-q1,Produção e Processo (Medição Fiscal e Sistema de Alívio),Sistema de captação e tratamento de água do mar para injeção no reservatório,Difícil,0.76,"Durante uma campanha, a água de formação chega ao sistema com fração significativa de gás. Após inserir um desarenador em uma configuração onde a corrente líquida sai da harpa para o desarenamento, observam-se oscilações de controle e piora da separação água‑óleo no separador tubular (pipe separator). Qual intervenção/estratégia é mais coerente para recuperar controlabilidade e, ao mesmo tempo, embasar a decisão sobre o posicionamento do desarenador?",True,True,True,3,Fácil
f6f5e892b1-f1-d0-r17-q2,Produção e Processo (Medição Fiscal e Sistema de Alívio),Sistema de captação e tratamento de água do mar para injeção no reservatório,Média,0.86,"Após o desarenamento, a planta utiliza hidrociclones de‑oiling em série para reduzir o teor de óleo residual na água destinada à injeção. Em uma condição de operação, o TOG a jusante dos hidrociclones sobe e a equipe suspeita de desbalanceamento operacional dos ciclones. Qual ação tem maior aderência com o mecanismo de controle previsto para os hidrociclones?",False,True,True,2,Média
f6f5e892b1-f1-d0-r17-q3,Produção e Processo (Medição Fiscal e Sistema de Alívio),Sistema de captação e tratamento de água do mar para injeção no reservatório,Fácil,0.82,"Durante operações de fluidização do leito de sedimentos e jateamento/remoção de areia do outlet vessel, a água que deixa o vaso pode carregar elevado teor de sedimentos, e a bomba de injeção é a única fonte motriz disponível. Nesse contexto, por que se torna crítica a verificação de desempenho do segundo desarenador instalado na corrente que deixa o outlet vessel?",True,True,True,3,Fácil
f6f5e892b1-f1-d0-r17-q4,Produção e Processo (Medição Fiscal e Sistema de Alívio),Sistema de captação e tratamento de água do mar para injeção no reservatório,Média,0.86,"Em testes de qualificação, a combinação de separadores atendeu aos requisitos de remoção de água, mas a qualidade final da água piorou quando se utilizou determinada geometria de outlet vessel, sugerindo regiões internas de mistura. Antes de replicar o arranjo em escala de implantação, qual abordagem tende a endereçar mais diretamente a causa provável da piora de qualidade?",True,True,True,3,Fácil
f6f5e892b1-f1-d0-r17-q5,Produção e Processo (Medição Fiscal e Sistema de Alívio),Sistema de captação e tratamento de água do mar para injeção no reservatório,Média,0.81,"Uma operação de injeção deve atender simultaneamente ao limite de óleo na água e à proteção da bomba contra a entrada de sólidos, inclusive durante transientes operacionais como jateamento e fluidização. Considerando a arquitetura do sistema descrita (desarenamento, hidrociclones de de‑oiling, outlet vessel e bomba com VSD), qual combinação de monitoramento e estratégia de controle é mais consistente com esse objetivo?",True,True,True,3,Fácil
f6f5e892b1-f1-d0-r18-q0,Produção e Processo (Medição Fiscal e Sistema de Alívio),Sistema de captação e tratamento de água do mar para injeção no reservatório,Média,0.81,"Em um FPSO, após uma modificação de arranjo, a equipe observa aumento do teor de óleo na água encaminhada para injeção (TOG), apesar de os hidrociclones de de-oiling estarem com parâmetros usuais. A mudança realizada foi realocar o desarenador em relação ao separador multitubular (“harpa”). Qual explicação é mais consistente com esse comportamento?",True,True,True,3,Fácil
f6f5e892b1-f1-d0-r18-q1,Produção e Processo (Medição Fiscal e Sistema de Alívio),Sistema de captação e tratamento de água do mar para injeção no reservatório,Média,0.8,"Durante operação com presença significativa de gás, a equipe percebe queda na eficiência de remoção de areia no desarenador e, ao mesmo tempo, instabilidade de controle associada ao diferencial de pressão introduzido pelo equipamento. Considerando o esquema descrito para integração com a harpa, qual ação tende a ser necessária para recuperar a controlabilidade do conjunto?",True,True,True,3,Fácil
f6f5e892b1-f1-d0-r18-q2,Produção e Processo (Medição Fiscal e Sistema de Alívio),Sistema de captação e tratamento de água do mar para injeção no reservatório,Fácil,0.88,"A linha de água isenta de sólidos alimenta duas baterias de hidrociclones de de‑oiling em série para reduzir óleo residual antes da injeção. Em uma campanha, o TOG na água efluente se aproxima do limite especificado, sem evidências de degradação mecânica nos hidrociclones. Qual variável de processo o operador tipicamente manipula para ajustar a razão de perdas de carga nos hidrociclones e, com isso, buscar recuperar o desempenho de separação?",True,True,False,2,Média
f6f5e892b1-f1-d0-r18-q3,Produção e Processo (Medição Fiscal e Sistema de Alívio),Sistema de captação e tratamento de água do mar para injeção no reservatório,Média,0.86,"Em testes, um FPSO observou que o arranjo pipe separator + harpa + outlet vessel atingia a remoção de água requerida quando adequadamente configurado, mas a qualidade final da água piorava em determinada geometria de outlet vessel. Qual interpretação e encaminhamento de engenharia melhor endereçam esse tipo de desvio?",True,True,True,3,Fácil
f6f5e892b1-f1-d0-r18-q4,Produção e Processo (Medição Fiscal e Sistema de Alívio),Sistema de captação e tratamento de água do mar para injeção no reservatório,Média,0.88,"Em operações de fluidização do leito de sedimentos e jateamento, a corrente de água que sai do outlet vessel pode apresentar variações bruscas de carga sólida, e a bomba de injeção é o meio de pressurização disponível nessa condição. Existe um segundo desarenador instalado nessa linha. Qual alternativa combina corretamente o objetivo técnico e a justificativa para que a checagem de desempenho desse desarenador seja considerada crítica nessas operações?",True,True,True,3,Fácil
f6f5e892b1-f1-d0-r19-q0,Produção e Processo (Medição Fiscal e Sistema de Alívio),Sistema de captação e tratamento de água do mar para injeção no reservatório,Média,0.8,"Durante o comissionamento do trem de tratamento de água para injeção em um FPSO, a equipe precisa decidir onde instalar o desarenador em relação ao separador multitubular (harpa). O objetivo é manter a qualidade da água (baixo óleo residual) e, ao mesmo tempo, preservar a estabilidade de controle do sistema. Considerando o impacto do posicionamento, qual escolha tende a oferecer o melhor compromisso inicial, desde que a eficiência do desarenador com presença de gás seja aceitável?",True,True,True,3,Fácil
f6f5e892b1-f1-d0-r19-q2,Produção e Processo (Medição Fiscal e Sistema de Alívio),Sistema de captação e tratamento de água do mar para injeção no reservatório,Média,0.85,"Após a etapa de desarenamento, a corrente segue para duas baterias de hidrociclones de de-oiling em série. Em determinado período, o TOG na água tratada se aproxima do limite interno de operação e o operador decide intervir no controle dos hidrociclones. Qual ação está mais alinhada com a arquitetura de controle e escoamento do sistema descrito?",False,True,False,1,Difícil
f6f5e892b1-f1-d0-r19-q4,Produção e Processo (Medição Fiscal e Sistema de Alívio),Sistema de captação e tratamento de água do mar para injeção no reservatório,Média,0.87,"Em testes de qualificação do trem pipe separator + harpa + outlet vessel, observou-se que uma determinada configuração de outlet vessel piorou a qualidade da água, atribuída à indução de regiões internas de mistura. Se a meta é elevar a confiabilidade do atendimento à especificação (óleo residual e carga de partículas), qual encaminhamento de engenharia é mais consistente antes de congelar o projeto do vaso?",True,True,True,3,Fácil
f6f5e892b1-f1-d0-r20-q1,Produção e Processo (Medição Fiscal e Sistema de Alívio),Sistema de captação e tratamento de água do mar para injeção no reservatório,Média,0.8,"Em um projeto de injeção de água, prevê-se operação com presença significativa de gás na corrente que alimenta o desarenador. A equipe considera instalar o desarenador a montante da harpa por benefícios de estabilidade de controle e menor impacto na separação óleo‑água, mas reconhece que o gás pode reduzir a eficiência de remoção de areia. Qual decisão melhor equilibra desempenho de desarenamento e controlabilidade do sistema, à luz das incertezas de eficiência em escoamento multifásico?",True,True,True,3,Fácil
f6f5e892b1-f1-d0-r20-q4,Produção e Processo (Medição Fiscal e Sistema de Alívio),Sistema de captação e tratamento de água do mar para injeção no reservatório,Média,0.78,"Durante a fluidização para remoção de sedimentos do outlet vessel, a água drenada do vaso pode apresentar picos de sólidos. Como a bomba de injeção é a única fonte motriz disponível e pode succionar essa corrente, qual conjunto de ações melhor protege a bomba e garante o atendimento ao critério de não permitir partículas maiores que <NUMBER> na água de injeção?",True,True,True,3,Fácil
f6f5e892b1-f1-d0-r20-q5,Produção e Processo (Medição Fiscal e Sistema de Alívio),Sistema de captação e tratamento de água do mar para injeção no reservatório,Média,0.86,"Em testes em condições representativas, verificou-se que a configuração interna (geometria) de um outlet vessel pode degradar a qualidade da água tratada. Ao recomendar uma avaliação prévia da geometria do vaso por simulação computacional (CFD), qual risco de processo essa recomendação busca mitigar?",True,True,True,3,Fácil
f6f5e892b1-f1-d0-r21-q0,Produção e Processo (Medição Fiscal e Sistema de Alívio),Sistema de captação e tratamento de água do mar para injeção no reservatório,Difícil,0.8,"No comissionamento do sistema de tratamento de água para injeção em um FPSO, a instalação de um desarenador em uma das linhas associadas ao separador multitubular (""harpa"") passou a causar oscilações de controle e aumento de óleo remanescente na água no trem de separação. Considerando como o ponto de instalação do desarenador em relação à harpa influencia a interação entre fases e a controlabilidade (perdas de carga entre correntes), qual rearranjo tende a mitigar esse efeito e melhorar a estabilidade operacional?",False,True,True,2,Média
f6f5e892b1-f1-d0-r21-q2,Produção e Processo (Medição Fiscal e Sistema de Alívio),Sistema de captação e tratamento de água do mar para injeção no reservatório,Média,0.89,"Após uma alteração de setpoints, o analisador de TOG começou a indicar aumento do óleo residual na água tratada, mesmo sem mudanças de vazão total. O trem de remoção de óleo residual é composto por duas baterias de hidrociclones de‑oiling em série. Qual ação de controle tem maior potencial de corrigir o desempenho de separação nos hidrociclones sem modificar o arranjo físico do sistema?",False,True,False,1,Difícil
f6f5e892b1-f1-d0-r21-q3,Produção e Processo (Medição Fiscal e Sistema de Alívio),Sistema de captação e tratamento de água do mar para injeção no reservatório,Fácil,0.91,"Durante uma operação de jateamento e remobilização de sedimentos no outlet vessel, a água que sai desse vaso passou a apresentar picos de sólidos, aumentando o risco de abrasão e dano na bomba de injeção (única fonte motriz disponível na operação). Considerando a função do segundo desarenador instalado nessa linha, qual combinação de objetivo e razão operacional melhor explica por que essa verificação é crítica?",True,True,True,3,Fácil
f6f5e892b1-f1-d0-r21-q4,Produção e Processo (Medição Fiscal e Sistema de Alívio),Sistema de captação e tratamento de água do mar para injeção no reservatório,Média,0.9,"Em testes com fluidos reais, a linha pipe separator + harpa + outlet vessel atingiu as metas de remoção quando bem configurada, porém a geometria do outlet vessel usado nos ensaios foi associada à formação de zonas internas de recirculação/mistura, degradando a qualidade da água. Em um novo projeto, qual ação de engenharia é mais efetiva para tratar a causa-raiz observada?",True,True,True,3,Fácil
f6f5e892b1-f1-d0-r21-q5,Produção e Processo (Medição Fiscal e Sistema de Alívio),Sistema de captação e tratamento de água do mar para injeção no reservatório,Média,0.84,"Após a instalação de um desarenador a jusante da harpa, a resistência hidráulica no caminho da fase líquida aumentou. Em operação, observou-se diferença de pressão entre os ramos de gás e de líquido que deixam a harpa, afetando a estabilidade do controle e a eficiência de separação. Qual ação de controle/operacional atua mais diretamente na causa desse desbalanceamento?",True,True,False,2,Média
f6f5e892b1-f1-d0-r22-q0,Produção e Processo (Medição Fiscal e Sistema de Alívio),Sistema de captação e tratamento de água do mar para injeção no reservatório,Média,0.81,"No comissionamento do tratamento de água para injeção em um FPSO, estão sendo comparadas duas posições para o desarenador em relação ao separador multitubular (“harpa”): a montante ou a jusante. Haverá períodos com presença relevante de gás na corrente. Pensando na controlabilidade do sistema e na qualidade da água destinada à injeção, qual configuração faz mais sentido adotar como base, antes de definir a mitigação do efeito do gás na remoção de areia?",True,True,True,3,Fácil
f6f5e892b1-f1-d0-r22-q1,Produção e Processo (Medição Fiscal e Sistema de Alívio),Sistema de captação e tratamento de água do mar para injeção no reservatório,Média,0.86,"Durante uma campanha de testes, a instalação de um desarenador na linha líquida a jusante do separador multitubular (“harpa”) aumentou a perda de carga desse ramo e dificultou a manutenção de condições operacionais estáveis no separador tubular (pipe separator). Para restabelecer o equilíbrio de pressões/perdas de carga entre os ramos de gás e de líquido que deixam a harpa nessa configuração, qual ação de controle é a mais apropriada?",True,False,False,1,Difícil
f6f5e892b1-f1-d0-r22-q3,Produção e Processo (Medição Fiscal e Sistema de Alívio),Sistema de captação e tratamento de água do mar para injeção no reservatório,Fácil,0.84,"Ao revisar o diagrama de processo do tratamento antes da injeção, um engenheiro propõe reorganizar etapas para “proteger” os hidrociclones de de-oiling. Considerando a lógica de separação sólido-líquido e a necessidade de reduzir óleo residual a níveis especificados, qual encadeamento de etapas é o mais coerente com o sistema descrito?",True,True,False,2,Média
f6f5e892b1-f1-d0-r22-q4,Produção e Processo (Medição Fiscal e Sistema de Alívio),Sistema de captação e tratamento de água do mar para injeção no reservatório,Média,0.85,"Após testes em condições representativas, a equipe conclui que a combinação pipe separator + harpa + outlet vessel atende aos requisitos de remoção de água quando bem configurada, mas identifica que a qualidade final da água pode piorar por regiões internas de mistura no outlet vessel. Antes de replicar o arranjo em uma implantação definitiva, qual ação técnica tende a endereçar de forma mais direta esse risco de degradação de qualidade?",True,True,True,3,Fácil
f6f5e892b1-f1-d0-r22-q5,Produção e Processo (Medição Fiscal e Sistema de Alívio),Sistema de captação e tratamento de água do mar para injeção no reservatório,Média,0.85,"Em uma campanha de otimização, o desarenador foi movido para jusante da harpa. Após a mudança, o TOG na água tratada aumentou e os operadores relataram maior dificuldade para estabilizar o processo. Qual explicação é mais compatível com os mecanismos envolvidos nessa alteração de arranjo?",True,True,True,3,Fácil
f6f5e892b1-f1-d0-r23-q0,Produção e Processo (Medição Fiscal e Sistema de Alívio),Sistema de captação e tratamento de água do mar para injeção no reservatório,Média,0.85,"Na revisão de configuração de um FPSO, deve-se definir a posição do desarenador em relação ao separador multitubular (“harpa”) no trem de tratamento da água produzida destinada à injeção. Busca-se manter o teor de óleo residual baixo e reduzir problemas de controlabilidade ligados ao equilíbrio de perdas de carga/pressões entre as saídas gasosa e líquida associadas à harpa. Considerando que a eficiência do desarenador na presença de gás permaneça dentro de limites aceitáveis, qual arranjo tende a ser o mais adequado?",True,True,True,3,Fácil
f6f5e892b1-f1-d0-r23-q2,Produção e Processo (Medição Fiscal e Sistema de Alívio),Sistema de captação e tratamento de água do mar para injeção no reservatório,Média,0.88,"Após desarenamento, a água segue para remoção de óleo residual por hidrociclones de‑oiling em duas baterias em série. A operação relata piora de TOG no efluente e suspeita de desbalanceamento operacional nos hidrociclones. Qual intervenção atua mais diretamente no mecanismo de controle da razão de perdas de carga dos hidrociclones, que afeta a separação e o desempenho do arranjo em série?",True,True,False,2,Média
f6f5e892b1-f1-d0-r23-q3,Produção e Processo (Medição Fiscal e Sistema de Alívio),Sistema de captação e tratamento de água do mar para injeção no reservatório,Média,0.8,"Durante uma operação de fluidização do leito de sedimentos no outlet vessel, a água que deixa esse vaso pode carregar grande quantidade de sedimentos. A bomba de injeção é a única fonte motriz disponível na operação e há o requisito de evitar partículas maiores que <NUMBER> na água a ser injetada. Qual medida de projeto/operação é mais alinhada para proteger a bomba e manter o critério de partículas, sem depender apenas de monitoramento posterior?",True,True,True,3,Fácil
f6f5e892b1-f1-d0-r23-q4,Produção e Processo (Medição Fiscal e Sistema de Alívio),Sistema de captação e tratamento de água do mar para injeção no reservatório,Difícil,0.87,"Em ensaios representativos de T&P, a configuração pipe separator + harpa + outlet vessel atendeu aos requisitos de remoção de água quando ajustada adequadamente, porém algumas variantes apresentaram piora na qualidade da água tratada (maior teor de óleo residual). Considerando a hipótese de que o escoamento interno no outlet vessel esteja gerando zonas de mistura/recirculação que aumentam o arraste de óleo, qual encaminhamento técnico é mais consistente para reduzir esse risco antes da implantação em campo?",True,True,True,3,Fácil
f6f5e892b1-f1-d0-r24-q0,Produção e Processo (Medição Fiscal e Sistema de Alívio),Sistema de captação e tratamento de água do mar para injeção no reservatório,Média,0.77,"No sistema de tratamento de água para injeção, está em discussão a localização do desarenador em relação ao separador multitubular (“harpa”). Consideram-se simultaneamente a robustez/estabilidade do controle operacional e o efeito sobre a separação água‑óleo a montante. Admitindo que a remoção de areia continue dentro de limites aceitáveis mesmo com presença de gás, qual arranjo é mais coerente?",True,True,True,3,Fácil
f6f5e892b1-f1-d0-r24-q2,Produção e Processo (Medição Fiscal e Sistema de Alívio),Sistema de captação e tratamento de água do mar para injeção no reservatório,Média,0.91,"Em um sistema de remoção de óleo residual a jusante do desarenamento, duas baterias de hidrociclones de‑oiling operam em série. A equipe observa oscilação no teor de óleo no efluente e considera reajustar as válvulas choke instaladas nas linhas de rejeito (underflow) oleoso. Do ponto de vista operacional, qual papel dessas válvulas é mais coerente com a manutenção do ponto de operação e do desempenho do conjunto de hidrociclones?",True,True,True,3,Fácil
f6f5e892b1-f1-d0-r24-q4,Produção e Processo (Medição Fiscal e Sistema de Alívio),Sistema de captação e tratamento de água do mar para injeção no reservatório,Média,0.83,"Em testes com fluidos reais, o arranjo pipe separator + harpa + outlet vessel alcançou requisitos de remoção de água quando bem configurado, mas verificou-se que a geometria do outlet vessel empregado nos ensaios piorou a qualidade final da água, possivelmente por induzir regiões de mistura. Qual decisão de engenharia é mais consistente antes de definir o vaso para implantação em uma unidade offshore?",True,True,True,3,Fácil
f6f5e892b1-f1-d0-r24-q5,Produção e Processo (Medição Fiscal e Sistema de Alívio),Sistema de captação e tratamento de água do mar para injeção no reservatório,Fácil,0.91,"Uma equipe de operação pretende implementar um plano de monitoramento contínuo para garantir conformidade da água tratada para injeção e reduzir risco operacional na bomba. Considerando os mecanismos de degradação descritos (óleo residual e sólidos/areia), qual combinação de variáveis monitoradas está mais alinhada a esse objetivo?",True,False,True,2,Média
f6f5e892b1-f1-d0-r25-q1,Produção e Processo (Medição Fiscal e Sistema de Alívio),Sistema de captação e tratamento de água do mar para injeção no reservatório,Média,0.85,"Na definição do arranjo do tratamento inicial antes da injeção no reservatório, há preocupação com a eficiência de remoção de areia do desarenador quando o escoamento é multifásico (com gás significativo). Qual abordagem de avaliação faz mais sentido para sustentar a decisão de projeto/posicionamento do desarenador?",True,True,True,3,Fácil
f6f5e892b1-f1-d0-r25-q2,Produção e Processo (Medição Fiscal e Sistema de Alívio),Sistema de captação e tratamento de água do mar para injeção no reservatório,Difícil,0.82,"Em uma configuração em que a linha líquida que deixa a harpa alimenta um desarenador, a equipe observa instabilidade quando aumenta a perda de carga no desarenador para tentar melhorar a retenção de areia. Considerando que as saídas de gás e líquido da harpa interagem hidraulicamente e precisam permanecer com pressões compatíveis, qual ação de controle é mais coerente para recuperar a controlabilidade sem desbalancear as pressões entre os dois ramos?",True,False,True,2,Média
f6f5e892b1-f1-d0-r25-q3,Produção e Processo (Medição Fiscal e Sistema de Alívio),Sistema de captação e tratamento de água do mar para injeção no reservatório,Média,0.87,"Após o desarenamento, a água segue para duas baterias de hidrociclones de de-oiling em série. Em operação, o TOG da água efluente dos hidrociclones sobe sem aumento perceptível de sólidos. A equipe suspeita que a causa esteja na forma de controle aplicada aos hidrociclones. Qual ação tende a atacar o mecanismo de controle descrito para recuperar desempenho de remoção de óleo residual?",True,True,True,3,Fácil
f6f5e892b1-f1-d0-r25-q5,Produção e Processo (Medição Fiscal e Sistema de Alívio),Sistema de captação e tratamento de água do mar para injeção no reservatório,Média,0.84,"Em testes com fluidos reais, a combinação pipe separator + harpa + outlet vessel atingiu requisitos de remoção de água quando configurada adequadamente, mas a qualidade final da água piorou em um arranjo específico. A hipótese levantada foi que o outlet vessel induziu regiões de mistura por efeito da hidráulica interna. Qual providência de engenharia é a mais indicada antes de replicar o vaso em uma implantação?",True,True,True,3,Fácil
f6f5e892b1-f2-d0-r26-q1,Produção e Processo (Medição Fiscal e Sistema de Alívio),Sistema de captação e tratamento de água do mar para injeção no reservatório,Média,0.89,"Após o comissionamento de uma URS para dessulfatar a água de injeção, a gerência esperava observar queda rápida de H2S nos produtores. Passados três meses, a redução de H2S é pequena, embora as análises confirmem menor teor de sulfato na água que está sendo injetada. À luz da dinâmica de souring no reservatório e do efeito da injeção de permeado com baixo sulfato, qual explicação melhor ajusta a expectativa e orienta o acompanhamento?",True,True,False,2,Média
f6f5e892b1-f2-d0-r26-q2,Produção e Processo (Medição Fiscal e Sistema de Alívio),Sistema de captação e tratamento de água do mar para injeção no reservatório,Média,0.87,"Em um reservatório de alta temperatura com ocorrência de souring, um grupo propõe intensificar o uso de biocidas na água de injeção como medida principal. Outro grupo sugere priorizar alternativas como dessulfatação (URS) e/ou injeção de nitrato. Qual argumento técnico sustenta melhor a cautela quanto ao uso de biocidas como solução in situ para controlar o souring no reservatório?",True,True,True,3,Fácil
f6f5e892b1-f2-d0-r26-q3,Produção e Processo (Medição Fiscal e Sistema de Alívio),Sistema de captação e tratamento de água do mar para injeção no reservatório,Difícil,0.85,"Em um projeto piloto de injeção de nitrato para controle de souring, os produtores apresentaram melhora inicial (queda de H2S), seguida por aumento acentuado após um período em que o nitrato começou a ser consumido mais cedo no perfil de injeção. Qual interpretação e encaminhamento estão mais alinhados com os mecanismos e riscos da tecnologia de exclusão por biocompetição (TEB)?",True,True,True,3,Fácil
f6f5e892b1-f2-d0-r27-q0,Produção e Processo (Medição Fiscal e Sistema de Alívio),Sistema de captação e tratamento de água do mar para injeção no reservatório,Média,0.9,"Um FPSO começa a injetar água do mar dessulfatada por uma URS (nanofiltração) com o objetivo de mitigar souring no reservatório. A gerência cobra queda imediata de H2S na produção nas semanas seguintes ao start-up. Qual interpretação técnica explica melhor por que o efeito pode não ser imediato, mesmo com permeado de baixo sulfato?",True,True,True,3,Fácil
f6f5e892b1-f2-d0-r27-q1,Produção e Processo (Medição Fiscal e Sistema de Alívio),Sistema de captação e tratamento de água do mar para injeção no reservatório,Fácil,0.85,"Durante o comissionamento de uma URS (nanofiltração) a bordo, observa-se que o retentato/concentrado apresenta elevada tendência de supersaturação de CaSO4, com possibilidade de formação de incrustações em módulos e tubulações. Qual medida de projeto/operação é mais alinhada ao mecanismo de risco identificado?",True,False,True,2,Média
f6f5e892b1-f2-d0-r27-q3,Produção e Processo (Medição Fiscal e Sistema de Alívio),Sistema de captação e tratamento de água do mar para injeção no reservatório,Média,0.81,"Após ajustes no sistema de retirada de O2 da água de injeção, alguns poços produtores passam a mostrar maior tendência a souring, embora os analisadores indiquem O2 dissolvido mais baixo e mais estável do que no período anterior. Considerando o papel do oxigênio no equilíbrio entre populações microbianas e na geração de H2S, qual hipótese é a mais consistente para explicar o aumento observado?",True,True,True,3,Fácil
f6f5e892b1-f2-d0-r27-q5,Produção e Processo (Medição Fiscal e Sistema de Alívio),Sistema de captação e tratamento de água do mar para injeção no reservatório,Média,0.85,"Durante a discussão de um programa de controle de souring, um engenheiro propõe aumentar a dosagem de DBNPA na água de injeção para controlar o souring no interior do reservatório. Outro engenheiro questiona a efetividade dessa abordagem como controle in situ. Qual argumento técnico sustenta melhor o questionamento?",True,True,True,3,Fácil
f6f5e892b1-f2-d0-r28-q0,Produção e Processo (Medição Fiscal e Sistema de Alívio),Sistema de captação e tratamento de água do mar para injeção no reservatório,Média,0.86,"Um FPSO vai iniciar injeção de água do mar em um reservatório com histórico regional de souring. A equipe precisa reduzir o risco de geração de H2S nos primeiros 12–18 meses de produção, enquanto estuda uma solução definitiva para o longo prazo. Considerando o comportamento temporal típico das estratégias, qual escolha tende a ser mais coerente com esse objetivo de curto prazo?",False,False,True,1,Difícil
f6f5e892b1-f2-d0-r28-q1,Produção e Processo (Medição Fiscal e Sistema de Alívio),Sistema de captação e tratamento de água do mar para injeção no reservatório,Média,0.89,"Durante o comissionamento de uma URS (nanofiltração) para dessulfatação de água do mar em um FPSO, a operação observa instabilidade de pressão e perda de desempenho. A investigação indica tendência a incrustação associada ao concentrado gerado pela membrana. Qual interpretação e ação de mitigação são mais consistentes com o modo de falha esperado nesse tipo de unidade?",True,True,True,3,Fácil
f6f5e892b1-f2-d0-r28-q3,Produção e Processo (Medição Fiscal e Sistema de Alívio),Sistema de captação e tratamento de água do mar para injeção no reservatório,Média,0.84,"Em um FPSO, considera-se dosar DBNPA como biocida para mitigação de souring, em paralelo ao uso de sequestrante de oxigênio à base de bissulfito na água de injeção. Em uma verificação de compatibilidade voltada à eficácia do tratamento, qual ponto técnico é, em geral, a maior preocupação?",True,False,False,1,Difícil
f6f5e892b1-f2-d0-r28-q4,Produção e Processo (Medição Fiscal e Sistema de Alívio),Sistema de captação e tratamento de água do mar para injeção no reservatório,Difícil,0.88,"Após iniciar a injeção de nitrato para controle de souring (TEB), observou‑se queda inicial de H2S e, depois, aumento acentuado justamente quando o nitrato detectado na água produzida passa a ficar próximo de zero. À luz das limitações conhecidas dessa abordagem, qual combinação de hipótese e resposta operacional é mais defensável?",True,True,True,3,Fácil
f6f5e892b1-f2-d0-r29-q0,Produção e Processo (Medição Fiscal e Sistema de Alívio),Sistema de captação e tratamento de água do mar para injeção no reservatório,Média,0.86,"Um FPSO vai iniciar injeção de água do mar tratada e decidiu instalar uma unidade de remoção de sulfato (URS) por nanofiltração como medida preventiva contra souring. Após o start-up, a equipe de operações espera queda rápida de H2S nos produtores em poucas semanas. Considerando o comportamento típico do sistema reservatório–injeção, qual expectativa é mais consistente com as limitações e dinâmica descritas para a dessulfatação?",False,True,True,2,Média
f6f5e892b1-f2-d0-r29-q1,Produção e Processo (Medição Fiscal e Sistema de Alívio),Sistema de captação e tratamento de água do mar para injeção no reservatório,Fácil,0.89,"Durante a engenharia de processo do trem de água de injeção, foi identificado que a URS gera um concentrado rico em sulfato com alta propensão a precipitação. Para reduzir risco de indisponibilidade por incrustação e manter estabilidade operacional, qual medida faz mais sentido diretamente associada a esse modo de falha?",True,False,True,2,Média
f6f5e892b1-f2-d0-r29-q3,Produção e Processo (Medição Fiscal e Sistema de Alívio),Sistema de captação e tratamento de água do mar para injeção no reservatório,Média,0.83,"Em um campo com souring intermitente, avalia-se iniciar injeção de nitrato para mitigar a geração de H2S. A equipe de reservatório ressalta que a resposta ao nitrato pode ser não linear devido à ecologia microbiana e aos intermediários de redução. Qual risco operacional é mais compatível com essa avaliação, indicando a necessidade de monitoramento e ajustes na estratégia?",True,True,True,3,Fácil
f6f5e892b1-f2-d0-r29-q4,Produção e Processo (Medição Fiscal e Sistema de Alívio),Sistema de captação e tratamento de água do mar para injeção no reservatório,Média,0.9,"No FPSO, foi sugerido mitigar o souring no reservatório principalmente com biocida dosado na água de injeção, para reduzir CAPEX em URS e sem alterar a estratégia de nitrato. À luz das limitações usuais de biocidas em meio poroso e do seu uso histórico, qual avaliação técnica sustenta melhor a revisão dessa proposta?",True,True,True,3,Fácil
f6f5e892b1-f2-d0-r30-q0,Produção e Processo (Medição Fiscal e Sistema de Alívio),Sistema de captação e tratamento de água do mar para injeção no reservatório,Média,0.87,"Em um FPSO, está sendo comissionada uma unidade de remoção de sulfato (URS) por nanofiltração para preparar água do mar para injeção. Durante os testes, a equipe observa duas correntes de saída: permeado com sulfato reduzido e concentrado rico em sulfato. Para atender ao objetivo de reduzir risco de souring no reservatório e manter a operação estável, qual encaminhamento é tecnicamente mais consistente?",False,True,True,2,Média
f6f5e892b1-f2-d0-r30-q1,Produção e Processo (Medição Fiscal e Sistema de Alívio),Sistema de captação e tratamento de água do mar para injeção no reservatório,Média,0.87,"Uma operadora avalia instalar uma unidade de remoção de sulfato (URS) para dessulfatar a água do mar de injeção, com o objetivo de mitigar o souring (H2S) em um ativo. A gerência espera observar queda de H2S poucas semanas após o start-up. Considerando a dinâmica típica do reservatório (tempo de varrido/mistura e sulfato já presente na formação) e a resposta temporal esperada, qual expectativa operacional é mais apropriada para orientar o plano de monitoramento e a comunicação de resultados?",True,True,True,3,Fácil
f6f5e892b1-f2-d0-r30-q4,Produção e Processo (Medição Fiscal e Sistema de Alívio),Sistema de captação e tratamento de água do mar para injeção no reservatório,Difícil,0.84,"Após iniciar a injeção de nitrato (TEB) para controle de souring em um campo operado por FPSO, observa-se queda inicial de H2S e, depois, aumento acentuado quando o nitrato passa a se esgotar mais a montante, antes de alcançar a zona produtora. Qual interpretação do fenômeno e qual ajuste de estratégia são mais coerentes com os mecanismos e riscos conhecidos dessa tecnologia?",True,True,True,3,Fácil
f6f5e892b1-f2-d0-r31-q0,Produção e Processo (Medição Fiscal e Sistema de Alívio),Sistema de captação e tratamento de água do mar para injeção no reservatório,Fácil,0.88,"Em um FPSO, a equipe de processo propõe instalar uma unidade de remoção de sulfato (URS) por nanofiltração para reduzir o risco de souring associado à injeção de água do mar. Considerando como a URS separa as correntes, qual configuração de destinação é a mais coerente com o objetivo de diminuir o aporte de sulfato ao reservatório e, ao mesmo tempo, reconhecer os desafios operacionais do sistema?",False,True,True,2,Média
f6f5e892b1-f2-d0-r31-q1,Produção e Processo (Medição Fiscal e Sistema de Alívio),Sistema de captação e tratamento de água do mar para injeção no reservatório,Média,0.85,"Após o comissionamento de uma URS por membranas, o FPSO passa a registrar aumento de tendência de incrustação no circuito associado à corrente de rejeito. O time investiga e conclui que o risco está ligado à química do concentrado gerado pela dessulfatação. Qual medida de mitigação é a mais alinhada com esse mecanismo de risco?",True,True,True,3,Fácil
f6f5e892b1-f2-d0-r31-q2,Produção e Processo (Medição Fiscal e Sistema de Alívio),Sistema de captação e tratamento de água do mar para injeção no reservatório,Média,0.85,"Em uma campanha de redução de H2S, a gerência considera dessulfatar a água do mar como medida preventiva. Um gerente mais novo espera queda quase imediata de souring após o start-up do sistema. Com base no comportamento temporal descrito para a dessulfatação e no que ocorre dentro do reservatório, qual expectativa operacional é a mais consistente para o plano de monitoramento e metas de desempenho?",True,True,True,3,Fácil
f6f5e892b1-f2-d0-r31-q3,Produção e Processo (Medição Fiscal e Sistema de Alívio),Sistema de captação e tratamento de água do mar para injeção no reservatório,Difícil,0.69,"Um FPSO observa tendência de souring em alguns produtores e estuda três linhas de ação no reservatório: (i) dessulfatação da água do mar por URS (nanofiltração), (ii) uso de biocidas na água de injeção e (iii) dosagem de nitrato/nitrito. Considerando limitações típicas de cada abordagem no ambiente do reservatório (reatividade, tempo de resposta, logística e incertezas ecológicas), qual afirmação técnica é a mais consistente para orientar a seleção de medidas preventivas e de controle?",False,False,False,0,Difícil
f6f5e892b1-f2-d0-r31-q4,Produção e Processo (Medição Fiscal e Sistema de Alívio),Sistema de captação e tratamento de água do mar para injeção no reservatório,Média,0.83,"Na integração do tratamento de água do mar para injeção, decidiu-se intensificar a desoxigenação para mitigar corrosão. Em paralelo, avalia-se injeção de nitrato/nitrito e/ou dessulfatação por membranas (URS) para controle de souring. Qual avaliação de integração melhor reflete os efeitos indiretos do O₂ na ecologia microbiana e os trade-offs entre essas estratégias?",True,True,True,3,Fácil
f6f5e892b1-f2-d0-r32-q0,Produção e Processo (Medição Fiscal e Sistema de Alívio),Sistema de captação e tratamento de água do mar para injeção no reservatório,Fácil,0.89,Um FPSO avalia instalar uma unidade de remoção de sulfato (URS) por nanofiltração para tratar água do mar antes da injeção. A equipe de processo quer entender como a URS se integra ao sistema de injeção e ao descarte. Qual arranjo de correntes e finalidade está mais coerente com o funcionamento típico de uma URS para mitigação de souring?,True,True,True,3,Fácil
f6f5e892b1-f2-d0-r32-q2,Produção e Processo (Medição Fiscal e Sistema de Alívio),Sistema de captação e tratamento de água do mar para injeção no reservatório,Média,0.85,"Durante a engenharia de detalhamento de uma URS, a operação levanta preocupação com aumento de incrustação em linhas e vasos do lado do rejeito. Qual medida é mais alinhada ao mecanismo de risco esperado nessa corrente e à forma usual de mitigação no projeto?",True,False,True,2,Média
f6f5e892b1-f2-d0-r32-q4,Produção e Processo (Medição Fiscal e Sistema de Alívio),Sistema de captação e tratamento de água do mar para injeção no reservatório,Média,0.77,"Em um FPSO com injeção de água tratada, a equipe nota variações no oxigênio dissolvido (OD) e avalia implicações para mitigação de souring. Qual interpretação está mais alinhada aos efeitos indiretos do OD na ecologia microbiana e à necessidade de medidas integradas?",True,True,True,3,Fácil
f6f5e892b1-f2-d0-r32-q5,Produção e Processo (Medição Fiscal e Sistema de Alívio),Sistema de captação e tratamento de água do mar para injeção no reservatório,Média,0.87,"Um ativo decide implantar URS para reduzir sulfato na água do mar de injeção, mas reconhece que o efeito no reservatório pode demorar e que há questões ambientais/operacionais associadas ao concentrado. Ao mesmo tempo, avalia injeção de nitrato como medida complementar. Qual proposta de integração e justificativa técnica é mais robusta para reduzir risco de souring sem criar um desenho “cego” a trade-offs?",True,True,True,3,Fácil
f6f5e892b1-f2-d0-r33-q0,Produção e Processo (Medição Fiscal e Sistema de Alívio),Sistema de captação e tratamento de água do mar para injeção no reservatório,Média,0.87,"No dimensionamento de uma URS por nanofiltração em um FPSO, o permeado será enviado para a linha de injeção e o rejeito (concentrado) ficará enriquecido em sulfato, com descarte ao mar. Considerando os riscos operacionais e ambientais dessa configuração, qual escolha de projeto/operação é a mais coerente?",True,True,True,3,Fácil
f6f5e892b1-f2-d0-r33-q2,Produção e Processo (Medição Fiscal e Sistema de Alívio),Sistema de captação e tratamento de água do mar para injeção no reservatório,Média,0.87,"Um reservatório passou a produzir mais H2S e a equipe considera duas ações: (i) instalar uma unidade de remoção de sulfato (URS) para dessulfatar a água do mar de injeção; (ii) iniciar injeção de nitrato/nitrito (TEB). Em termos de prazo de resposta no controle de souring, qual raciocínio melhor orienta a priorização entre curto e longo prazo?",True,True,True,3,Fácil
f6f5e892b1-f2-d0-r33-q3,Produção e Processo (Medição Fiscal e Sistema de Alívio),Sistema de captação e tratamento de água do mar para injeção no reservatório,Difícil,0.86,"Em um FPSO, a água do mar tratada para injeção apresenta oscilações no oxigênio dissolvido por instabilidade na etapa de desoxigenação. Parte do time entende que isso é apenas um tema de corrosão e que, do ponto de vista microbiológico, “quanto menor o O2, melhor”. Qual interpretação é mais consistente com os efeitos do O2 na ecologia microbiana e no souring (H2S)?",True,True,True,3,Fácil
f6f5e892b1-f2-d0-r33-q5,Produção e Processo (Medição Fiscal e Sistema de Alívio),Sistema de captação e tratamento de água do mar para injeção no reservatório,Difícil,0.81,"Em um reservatório com histórico de souring, a injeção de nitrato vinha reduzindo o H2S por alguns meses. Após um período em que a demanda/consumo de nitrato aumentou, observa-se elevação importante de sulfeto na produção. Qual explicação e encaminhamento são mais coerentes com os mecanismos e limitações da tecnologia de exclusão por biocompetição (TEB)?",True,True,True,3,Fácil
f6f5e892b1-f2-d0-r34-q0,Produção e Processo (Medição Fiscal e Sistema de Alívio),Sistema de captação e tratamento de água do mar para injeção no reservatório,Média,0.88,"Em um FPSO com projeto de injeção de água do mar para manter pressão, a equipe avalia instalar uma unidade de remoção de sulfato (URS) por nanofiltração para reduzir risco de souring. No comissionamento, surge a discussão sobre como o processo afeta as correntes geradas e quais cuidados operacionais se tornam críticos. Qual entendimento é mais consistente com o funcionamento e os riscos típicos da URS?",True,True,True,3,Fácil
f6f5e892b1-f2-d0-r34-q4,Produção e Processo (Medição Fiscal e Sistema de Alívio),Sistema de captação e tratamento de água do mar para injeção no reservatório,Difícil,0.84,"Em um piloto de injeção de nitrato para controle de souring, observa-se redução inicial de H2S, seguida por aumento relevante de sulfeto após um período de operação, apesar de a dosagem ter sido mantida. A equipe precisa interpretar o mecanismo provável e decidir como ajustar a estratégia. Qual explicação é mais consistente com os riscos e limitações conhecidos da tecnologia de exclusão por biocompetição (TEB)?",True,True,True,3,Fácil
f6f5e892b1-f2-d0-r34-q5,Produção e Processo (Medição Fiscal e Sistema de Alívio),Sistema de captação e tratamento de água do mar para injeção no reservatório,Média,0.88,"Em uma URS (unidade de remoção de sulfato) por nanofiltração instalada em um FPSO, o projeto prevê a descarga ao mar da corrente de retentato (concentrado), que sai com teor elevado de sulfato. Em um HAZOP, busca-se identificar qual risco operacional é mais típico dessa corrente e qual ação de mitigação é normalmente requerida, sem confundir com a finalidade principal da URS (reduzir sulfato no permeado para injeção). Qual combinação está mais adequada?",True,True,True,3,Fácil
f6f5e892b1-f2-d0-r35-q0,Produção e Processo (Medição Fiscal e Sistema de Alívio),Sistema de captação e tratamento de água do mar para injeção no reservatório,Média,0.88,"Na fase de concepção do sistema de água de injeção de um FPSO, a equipe propõe uma unidade de remoção de sulfato (URS) por membranas para mitigar souring. Ao avaliar o impacto no balanço de correntes e na confiabilidade operacional, qual entendimento é mais consistente para orientar o arranjo do sistema e os requisitos de operação?",True,True,True,3,Fácil
f6f5e892b1-f2-d0-r35-q1,Produção e Processo (Medição Fiscal e Sistema de Alívio),Sistema de captação e tratamento de água do mar para injeção no reservatório,Média,0.85,"Após a instalação de dessulfatação da água do mar para injeção, a gerência espera queda imediata de H2S produzido. A engenharia de reservatório alerta que, mesmo com a URS operando conforme especificação, o efeito no souring pode demorar. Qual argumento operacional sustenta melhor essa posição?",True,True,True,3,Fácil
f6f5e892b1-f2-d0-r35-q5,Produção e Processo (Medição Fiscal e Sistema de Alívio),Sistema de captação e tratamento de água do mar para injeção no reservatório,Difícil,0.87,"Em um programa de controle de souring, propõe-se dosar DBNPA na linha de injeção e, em paralelo, manter o uso de sequestrante de oxigênio à base de bissulfito, aceitando variações de H2S no retorno, sob a justificativa de tornar o controle microbiano no reservatório mais robusto. Qual crítica técnica é mais consistente a essa proposta?",True,True,True,3,Fácil
f6f5e892b1-f2-d0-r36-q0,Produção e Processo (Medição Fiscal e Sistema de Alívio),Sistema de captação e tratamento de água do mar para injeção no reservatório,Média,0.88,Um FPSO vai iniciar injeção de água do mar em um reservatório com histórico de souring. A equipe avalia instalar uma unidade de remoção de sulfato (URS) por nanofiltração e precisa definir o conceito de integração com o sistema de injeção e descarte. Qual arranjo de correntes e implicação operacional é o mais coerente com o funcionamento típico de uma URS para mitigação de souring?,True,True,True,3,Fácil
f6f5e892b1-f2-d0-r36-q1,Produção e Processo (Medição Fiscal e Sistema de Alívio),Sistema de captação e tratamento de água do mar para injeção no reservatório,Média,0.85,"No comissionamento de uma Unidade de Remoção de Sulfato (URS) em um FPSO, a equipe de processo observa aumento gradual do diferencial de pressão e queda de desempenho, atribuídos a instabilidade química na linha de descarte do retentado (corrente concentrada). Considerando que o fenômeno dominante está associado ao aumento da concentração de sulfato nessa corrente e ao consequente risco de formação de depósitos pouco solúveis, qual medida é a mais diretamente alinhada ao risco que se busca mitigar?",True,False,True,2,Média
f6f5e892b1-f2-d0-r36-q2,Produção e Processo (Medição Fiscal e Sistema de Alívio),Sistema de captação e tratamento de água do mar para injeção no reservatório,Média,0.86,"Após a decisão de instalar uma URS (nanofiltração) para reduzir o teor de sulfato na água do mar destinada à injeção, a gerência solicita uma estimativa realista de quando o efeito sobre souring (H2S no reservatório/produção) deve se manifestar e como isso deve orientar o plano de monitoramento. Qual interpretação operacional está mais alinhada com a dinâmica típica da dessulfatação como medida de controle de souring?",True,True,True,3,Fácil
f6f5e892b1-f2-d0-r36-q3,Produção e Processo (Medição Fiscal e Sistema de Alívio),Sistema de captação e tratamento de água do mar para injeção no reservatório,Média,0.89,"Em um reservatório com tendência a souring, a equipe avalia a tecnologia de exclusão por biocompetição (TEB) por injeção de nitrato/nitrito como alternativa ou complemento à URS. Ao justificar a proposta ao comitê de integridade, qual opção descreve melhor como nitrato/nitrito pode reduzir a geração de H2S por bactérias redutoras de sulfato (BRS)?",True,False,True,2,Média
f6f5e892b1-f2-d0-r36-q4,Produção e Processo (Medição Fiscal e Sistema de Alívio),Sistema de captação e tratamento de água do mar para injeção no reservatório,Difícil,0.83,"Um FPSO injeta água do mar com desoxigenação rigorosa visando reduzir corrosão. Ainda assim, alguns poços passaram a apresentar aumento de H2S. O time avalia: (i) apertar ainda mais a remoção de O2, (ii) iniciar injeção de nitrato, (iii) instalar uma unidade de remoção de sulfato (URS) no médio prazo. Considerando como o O2 influencia comunidades microbianas (BRS/BRN) e os trade-offs operacionais/temporais, qual linha de raciocínio melhor sustenta uma decisão integrada?",True,True,True,3,Fácil
f6f5e892b1-f2-d0-r37-q0,Produção e Processo (Medição Fiscal e Sistema de Alívio),Sistema de captação e tratamento de água do mar para injeção no reservatório,Média,0.88,"Um FPSO iniciará injeção de água do mar em um reservatório com histórico de souring. A equipe pretende usar uma Unidade de Remoção de Sulfato (URS) por nanofiltração para diminuir o aporte de sulfato disponível às bactérias redutoras de sulfato. Considerando o comportamento usual desse tipo de mitigação no reservatório, qual expectativa operacional é a mais coerente ao adotar a dessulfatação como prevenção de souring?",True,True,True,3,Fácil
f6f5e892b1-f2-d0-r37-q1,Produção e Processo (Medição Fiscal e Sistema de Alívio),Sistema de captação e tratamento de água do mar para injeção no reservatório,Média,0.84,"Durante o comissionamento de uma URS (nanofiltração) no sistema de captação e tratamento de água do mar para injeção, observou-se tendência de aumento de perda de carga e instabilidade no descarte do rejeito. A análise indica risco elevado de precipitação no concentrado rico em sulfato. Qual medida de mitigação se alinha melhor ao mecanismo de risco identificado para manter a operação estável?",True,True,True,3,Fácil
f6f5e892b1-f2-d0-r37-q2,Produção e Processo (Medição Fiscal e Sistema de Alívio),Sistema de captação e tratamento de água do mar para injeção no reservatório,Média,0.88,"No projeto de um FPSO, a equipe avalia complementar a prevenção de souring com aplicação de biocida, mas o sistema de injeção utiliza sequestrante de oxigênio à base de bissulfito e há risco de H2S no circuito. Considerando o comportamento típico do DBNPA, qual avaliação é mais adequada para essa escolha de biocida como solução de controle in situ de souring no reservatório?",True,True,True,3,Fácil
f6f5e892b1-f2-d0-r37-q3,Produção e Processo (Medição Fiscal e Sistema de Alívio),Sistema de captação e tratamento de água do mar para injeção no reservatório,Difícil,0.8,"Após alguns meses de injeção de nitrato para controle de souring (TEB), um campo observou queda inicial de sulfeto, seguida por aumento acentuado quando o nitrato passou a ser consumido mais rapidamente na zona próxima ao poço injetor. Qual encadeamento de raciocínio explica melhor esse comportamento e orienta a necessidade de monitoramento e ajuste?",True,True,True,3,Fácil
f6f5e892b1-f2-d0-r37-q5,Produção e Processo (Medição Fiscal e Sistema de Alívio),Sistema de captação e tratamento de água do mar para injeção no reservatório,Média,0.73,"Na seleção de tecnologias para o sistema de água do mar para injeção em um FPSO, a gerência considera a URS principalmente pelo controle de souring, mas pede que a equipe explicite ganhos colaterais potenciais além da redução de sulfato na água injetada. Qual benefício adicional é mais coerente com a dessulfatação por membranas no contexto do reservatório?",True,True,False,2,Média
f6f5e892b1-f2-d0-r38-q0,Produção e Processo (Medição Fiscal e Sistema de Alívio),Sistema de captação e tratamento de água do mar para injeção no reservatório,Média,0.9,"Em um FPSO, está em avaliação a adoção de uma unidade de remoção de sulfato (URS) por nanofiltração para reduzir a tendência a souring no reservatório. Durante o HAZOP, a equipe discute como o sistema “separa” a água do mar e quais implicações isso traz para a integração com o sistema de injeção. Qual descrição está mais consistente com o funcionamento e com o ponto crítico de interface do processo?",True,True,True,3,Fácil
f6f5e892b1-f2-d0-r38-q1,Produção e Processo (Medição Fiscal e Sistema de Alívio),Sistema de captação e tratamento de água do mar para injeção no reservatório,Média,0.87,"Um campo com histórico de aumento gradual de H2S na produção decidiu instalar URS para dessulfatar a água do mar. Seis meses após a entrada em operação, a concentração de H2S produzida permanece elevada e a área de produção questiona a efetividade da iniciativa. Considerando a dinâmica do souring e o mecanismo de mitigação por dessulfatação, qual interpretação operacional é a mais adequada para guiar a decisão de curto prazo?",True,True,True,3,Fácil
f6f5e892b1-f2-d0-r38-q2,Produção e Processo (Medição Fiscal e Sistema de Alívio),Sistema de captação e tratamento de água do mar para injeção no reservatório,Média,0.72,"Em uma unidade de remoção de sulfato (URS) por membranas, foi observada maior propensão a incrustação e instabilidade na linha de concentrado. O histórico de depósitos é compatível com precipitação de sais em uma corrente rica em sulfato, e a equipe busca elevar a confiabilidade sem perder a finalidade do sistema (entregar permeado com baixo teor de sulfato para injeção). Qual intervenção é mais alinhada ao risco típico do concentrado e à mitigação recomendada para esse modo de falha?",True,True,True,3,Fácil
f6f5e892b1-f2-d0-r38-q4,Produção e Processo (Medição Fiscal e Sistema de Alívio),Sistema de captação e tratamento de água do mar para injeção no reservatório,Média,0.87,"Uma equipe propõe mitigar o souring do reservatório principalmente com biocida na água de injeção, em vez de alterar a composição iônica via URS. Considerando limitações típicas de biocidas em condições de reservatório e o exemplo de incompatibilidade do DBNPA, qual posicionamento é tecnicamente mais consistente?",True,True,True,3,Fácil
f6f5e892b1-f2-d0-r39-q1,Produção e Processo (Medição Fiscal e Sistema de Alívio),Sistema de captação e tratamento de água do mar para injeção no reservatório,Média,0.86,"Um reservatório começa a apresentar indícios de souring e o projeto prevê instalar uma URS para reduzir o sulfato da água do mar antes da injeção. Em reunião de planejamento, a operação pergunta em que horizonte de tempo seria razoável esperar efeito na redução de H2S. Qual avaliação é mais consistente com o comportamento temporal descrito para dessulfatação aplicada ao controle de souring?",True,False,False,1,Difícil
f6f5e892b1-f2-d0-r39-q2,Produção e Processo (Medição Fiscal e Sistema de Alívio),Sistema de captação e tratamento de água do mar para injeção no reservatório,Média,0.81,"Em um FPSO, discute-se como mitigar souring no interior do reservatório sem se apoiar apenas em dessulfatação por membranas. Uma proposta é elevar a dosagem de biocida na água de injeção visando efeito no reservatório; outra é aplicar nitrato/nitrito (TEB). À luz dos mecanismos e limitações típicas dessas abordagens, qual justificativa torna a TEB mais atraente do que biocidas como estratégia de controle in situ?",True,True,True,3,Fácil
f6f5e892b1-f2-d0-r40-q0,Produção e Processo (Medição Fiscal e Sistema de Alívio),Sistema de captação e tratamento de água do mar para injeção no reservatório,Fácil,0.9,"Um FPSO está avaliando instalar uma unidade de remoção de sulfato (URS) por nanofiltração para reduzir risco de souring associado à injeção de água do mar. No HAZOP, surgiu a dúvida sobre o que o sistema efetivamente “remove” e como isso se materializa nas correntes do processo. Qual interpretação é mais consistente com o funcionamento típico da URS?",True,True,True,3,Fácil
f6f5e892b1-f2-d0-r40-q1,Produção e Processo (Medição Fiscal e Sistema de Alívio),Sistema de captação e tratamento de água do mar para injeção no reservatório,Média,0.87,"No projeto de uma URS (nanofiltração) para dessulfatação de água do mar em um FPSO, a equipe de processo destaca alto potencial de incrustação na corrente de rejeito/concentrado, com tendência a deposição de sais (p.ex., CaSO4), queda de performance e aumento do diferencial de pressão no módulo. Qual ação de projeto/operação é mais coerente com esse mecanismo de risco?",True,True,True,3,Fácil
f6f5e892b1-f2-d0-r40-q2,Produção e Processo (Medição Fiscal e Sistema de Alívio),Sistema de captação e tratamento de água do mar para injeção no reservatório,Média,0.86,"Após a instalação de URS, o time de reservatório esperava queda imediata de H2S produzido, mas os indicadores de souring permanecem elevados por um período prolongado. Considerando a dinâmica típica entre água injetada e composição na formação, qual explicação é mais consistente?",True,True,True,3,Fácil
f6f5e892b1-f2-d0-r40-q4,Produção e Processo (Medição Fiscal e Sistema de Alívio),Sistema de captação e tratamento de água do mar para injeção no reservatório,Difícil,0.81,"Em um FPSO, um programa de mitigação de souring combinou desoxigenação rigorosa da água de injeção e injeção de nitrato. Após alguns meses, o H2S no produzido passou a alternar entre períodos de melhora e picos. Qual hipótese operacional, se confirmada, melhor relaciona os mecanismos e indica ajustes de controle?",True,True,True,3,Fácil
f6f5e892b1-f2-d0-r41-q0,Produção e Processo (Medição Fiscal e Sistema de Alívio),Sistema de captação e tratamento de água do mar para injeção no reservatório,Média,0.89,"Em um FPSO, avalia-se instalar uma unidade de remoção de sulfato (URS) por nanofiltração para reduzir o risco de souring associado à injeção de água do mar. No HAZID, discutem-se incrustação e o destino das correntes geradas. Qual arranjo operacional é mais consistente com o mecanismo e os riscos típicos desse processo?",True,True,True,3,Fácil
f6f5e892b1-f2-d0-r41-q2,Produção e Processo (Medição Fiscal e Sistema de Alívio),Sistema de captação e tratamento de água do mar para injeção no reservatório,Média,0.86,"Um campo com histórico de souring está aumentando a injeção de água do mar. Entre as opções avaliadas, a equipe compara (ii) injeção de nitrato/nitrito e (iii) elevação da dosagem de biocida visando atuação no interior do reservatório. Considerando os mecanismos de ação e as limitações típicas dessas abordagens para controle in situ, qual argumento é mais consistente nessa comparação?",True,True,False,2,Média
f6f5e892b1-f2-d0-r41-q3,Produção e Processo (Medição Fiscal e Sistema de Alívio),Sistema de captação e tratamento de água do mar para injeção no reservatório,Média,0.88,"Ao planejar uma campanha de controle microbiano, a equipe pretende aplicar DBNPA e, no mesmo trem/ponto de injeção, usa sequestrante de oxigênio à base de bissulfito para controle de corrosão. O sistema de produção também contém H2S. Qual decisão de engenharia é mais robusta para evitar perda de eficácia e efeitos operacionais indesejados?",False,True,True,2,Média
f6f5e892b1-f2-d0-r41-q5,Produção e Processo (Medição Fiscal e Sistema de Alívio),Sistema de captação e tratamento de água do mar para injeção no reservatório,Difícil,0.76,"Na ampliação da injeção de água do mar em um FPSO, avaliam-se duas linhas: (i) instalar uma unidade de remoção de sulfato (URS) por membranas; (ii) manter o sulfato e priorizar ações microbiológicas (nitrato/nitrito) e gestão de oxigênio. Considerando impactos operacionais e ambientais, qual trade-off está melhor fundamentado para apoiar a decisão?",True,True,False,2,Média
f6f5e892b1-f3-d0-r42-q0,Produção e Processo (Medição Fiscal e Sistema de Alívio),Sistema de captação e tratamento de água do mar para injeção no reservatório,Média,0.89,"Em um FPSO, foi observado aumento recente da corrosão interna em trechos a jusante das bombas de injeção. As amostras de água indicam teor de O₂ dissolvido acima da meta na corrente que sai do desaerador, e não há indícios de elevação relevante de H₂S. Considerando os mecanismos de corrosão e os locais usuais de dosagem de químicos no sistema de água de injeção, qual ajuste tende a atuar mais diretamente na causa mais provável antes de simplesmente elevar a dosagem do inibidor de corrosão?",False,True,True,2,Média
f6f5e892b1-f3-d0-r42-q1,Produção e Processo (Medição Fiscal e Sistema de Alívio),Sistema de captação e tratamento de água do mar para injeção no reservatório,Média,0.85,"Durante uma campanha de injeção, são detectados sinais de atividade microbiológica na água tratada, com preocupação específica com bactérias redutoras de sulfato e potencial formação de H2S. A equipe precisa decidir onde e como atuar para reduzir a probabilidade de contaminação do sistema e do reservatório. Qual linha de ação é mais coerente com o objetivo e com os pontos de aplicação usuais de químicos no tratamento da água de injeção?",True,True,True,3,Fácil
f6f5e892b1-f3-d0-r42-q2,Produção e Processo (Medição Fiscal e Sistema de Alívio),Sistema de captação e tratamento de água do mar para injeção no reservatório,Difícil,0.91,"Após conectar ao sistema de injeção uma nova fonte de água formada pela mistura de correntes com químicas distintas, observou-se maior deposição de sólidos e perda de injetividade em alguns poços. A equipe avalia que o mecanismo pode estar ligado à incompatibilidade química por mistura de águas, além de aspectos de filtração. Qual decisão de engenharia é, em geral, mais robusta para reduzir risco de incrustação (scaling) e dano de formação?",True,True,True,3,Fácil
f6f5e892b1-f3-d0-r42-q3,Produção e Processo (Medição Fiscal e Sistema de Alívio),Sistema de captação e tratamento de água do mar para injeção no reservatório,Média,0.87,"Durante um período de alta vazão, observou-se aumento de espuma nos vasos de separação, com piora da eficiência e maior arraste de óleo para a fase aquosa que segue para o trem de tratamento e, depois, para injeção. A equipe precisa definir onde dosar o antiespumante para atacar a causa do problema e recuperar o desempenho da separação. Qual alternativa está mais alinhada a esse objetivo?",True,True,True,3,Fácil
