id,topico,subtopico,dificuldade_fase3,nota,stem,correct_answer_index,gemma2:2b,phi4-mini:latest,llama3.2:3b,n_modelos_corretos,dificuldade_estimada
ffde36b030-f0-d0-r1-q0,"Manutenção, Inspeção e Integridade de Ativos",Manutenção e Plano de Manutenção,Média,0.92,"Um trem de compressão de gás em um FPSO apresenta tendência de aumento de vibração e temperatura de mancais, ainda dentro de limites, e a redundância é limitada. A equipe deve reduzir o risco de falha sem perda desnecessária de disponibilidade. Qual ajuste é mais coerente com RCM, priorizando impacto em segurança e produção?",2,True,True,True,3,Fácil
ffde36b030-f0-d0-r1-q1,"Manutenção, Inspeção e Integridade de Ativos",Manutenção e Plano de Manutenção,Média,0.9,"No teste mensal, uma bomba de combate a incêndio a diesel não cumpre o tempo de partida do PS, com os demais elementos operacionais. Para manter a continuidade sem elevar o risco, qual ação de governança é mais adequada?",0,True,True,True,3,Fácil
ffde36b030-f0-d0-r1-q3,"Manutenção, Inspeção e Integridade de Ativos",Manutenção e Plano de Manutenção,Média,0.86,"Uma equipe está implantando um sistema especialista inspirado em RCM para uma unidade hidráulica de atuadores de válvulas, configurável conforme o arranjo do circuito e o modo de operação. Qual benefício prático essa integração traz para a tomada de decisão de manutenção?",1,True,True,True,3,Fácil
ffde36b030-f0-d0-r1-q5,"Manutenção, Inspeção e Integridade de Ativos",Manutenção e Plano de Manutenção,Média,0.89,"Um mangote de offloading de óleo tem histórico de desgaste. A criticidade é avaliada considerando segurança, meio ambiente, produção e custo. Qual diretriz de manutenção melhor reflete boas práticas de priorização por criticidade?",1,True,True,True,3,Fácil
ffde36b030-f0-d0-r2-q1,"Manutenção, Inspeção e Integridade de Ativos",Manutenção e Plano de Manutenção,Média,0.91,"Durante testes, um SCE de combate a incêndio não atende ao PS estabelecido quanto ao tempo de partida. A operação deseja manter o FPSO produzindo enquanto a correção é planejada. Qual procedimento é mais adequado para garantir conformidade com a governança técnica e a gestão de risco?",1,True,True,True,3,Fácil
ffde36b030-f0-d0-r2-q2,"Manutenção, Inspeção e Integridade de Ativos",Manutenção e Plano de Manutenção,Média,0.92,"Durante uma revisão de integridade, um bow tie atualizado aponta degradação em barreiras de um sistema de alívio, enquanto o plano de manutenção vigente foi estruturado a partir de uma FMEA do ano anterior. Qual a melhor forma de combinar essas evidências para definir a priorização das intervenções?",1,True,True,True,3,Fácil
ffde36b030-f0-d0-r2-q4,"Manutenção, Inspeção e Integridade de Ativos",Manutenção e Plano de Manutenção,Média,0.9,"Na revisão do plano de manutenção, compara-se uma válvula ESD classificada como SCE, com falhas raras porém consequências graves, e uma bomba de circulação com recorrência de falhas e efeito limitado à eficiência. Que critério e arranjo de tarefas traduzem uma priorização por criticidade segundo RCM?",2,True,True,True,3,Fácil
ffde36b030-f0-d0-r2-q5,"Manutenção, Inspeção e Integridade de Ativos",Manutenção e Plano de Manutenção,Média,0.9,Propõe-se instalar um bypass em um controlador de pressão do gás para facilitar futuras manutenções. Como conduzir essa alteração sob a ótica de integridade e manutenção?,3,True,True,True,3,Fácil
ffde36b030-f0-d0-r3-q0,"Manutenção, Inspeção e Integridade de Ativos",Manutenção e Plano de Manutenção,Média,0.93,"Em uma unidade de produção offshore, a revisão do plano de manutenção identificou: (i) um Elemento Crítico de Segurança (SCE) que não atingiu o Performance Standard (PS) em teste funcional; (ii) um equipamento não classificado como SCE apresentando tendência de degradação por monitoramento de condição. Com janela de intervenção curta e recursos limitados, qual abordagem melhor alinha a filosofia RCM à governança de PS?",2,True,True,False,2,Média
ffde36b030-f0-d0-r3-q1,"Manutenção, Inspeção e Integridade de Ativos",Manutenção e Plano de Manutenção,Fácil,0.89,"Um conjunto de válvulas de processo apresenta falhas por desgaste, com bons indicadores de condição (tendência de vibração/temperatura) e consequências moderadas em termos de produção e baixo impacto direto sobre segurança. Considerando a filosofia de Manutenção Centrada na Confiabilidade (RCM), qual estratégia é mais adequada?",1,True,True,True,3,Fácil
ffde36b030-f0-d0-r3-q2,"Manutenção, Inspeção e Integridade de Ativos",Manutenção e Plano de Manutenção,Média,0.92,"Após uma FMECA apontar modos de falha de alta severidade em barreiras preventivas nos bow ties, como esses achados devem ser refletidos no plano de manutenção para manter o risco em ALARP?",2,True,True,True,3,Fácil
ffde36b030-f0-d0-r3-q3,"Manutenção, Inspeção e Integridade de Ativos",Manutenção e Plano de Manutenção,Média,0.95,"Durante um teste de rotina, um SCE não atinge o PS estabelecido. A área operacional sugere continuar a operação com orientações internas até a próxima parada para manutenção. Qual conduta é consistente com os requisitos de PS e a governança técnica descrita?",0,True,True,True,3,Fácil
ffde36b030-f0-d0-r4-q0,"Manutenção, Inspeção e Integridade de Ativos",Manutenção e Plano de Manutenção,Média,0.92,"Durante uma parada parcial de 48 horas, a gerência de um FPSO precisa redistribuir a manutenção entre bombas de incêndio (SCE), compressores de gás de elevação e bombas de água de serviço para reduzir risco e manter disponibilidade. Qual abordagem é mais coerente com RCM e com os requisitos de integridade?",0,True,True,False,2,Média
ffde36b030-f0-d0-r4-q1,"Manutenção, Inspeção e Integridade de Ativos",Manutenção e Plano de Manutenção,Média,0.9,"Em um teste funcional, uma válvula de emergência classificada como SCE não atendeu ao PS. Há uma janela de offloading nas próximas horas e a unidade possui redundância parcial. Qual decisão é mais coerente com a governança técnica e a gestão de risco?",1,True,True,True,3,Fácil
ffde36b030-f0-d0-r4-q3,"Manutenção, Inspeção e Integridade de Ativos",Manutenção e Plano de Manutenção,Média,0.87,"A empresa avalia implantar um sistema especialista para recomendar tarefas preditivas, preventivas e corretivas em um subsistema hidráulico de atuação de válvulas no FPSO, considerando configurações e modos de operação. Qual modo de uso agrega valor sem fragilizar a governança de integridade?",3,True,True,True,3,Fácil
ffde36b030-f0-d0-r5-q0,"Manutenção, Inspeção e Integridade de Ativos",Manutenção e Plano de Manutenção,Média,0.94,"Um trem de compressão de gás em um FPSO vem registrando trips por vibração em serviço intermitente. A gerência quer reduzir indisponibilidades com uma estratégia coerente com manutenção centrada na confiabilidade. Qual decisão de manutenção melhor alinha criticidade, risco e disponibilidade?",1,True,True,True,3,Fácil
ffde36b030-f0-d0-r5-q1,"Manutenção, Inspeção e Integridade de Ativos",Manutenção e Plano de Manutenção,Média,0.91,"Após um quase-incidente com uma válvula de ESD que não fechou em um teste funcional, a equipe decide usar FMECA para direcionar ações e integrar os resultados ao gerenciamento de riscos. Qual abordagem melhor prioriza mitigação e integra segurança de processo?",1,True,True,True,3,Fácil
ffde36b030-f0-d0-r5-q2,"Manutenção, Inspeção e Integridade de Ativos",Manutenção e Plano de Manutenção,Média,0.92,"Em testes de rotina, um Elemento Crítico de Segurança (SCE) não atingiu o Performance Standard (PS). A operação precisa decidir sobre continuidade e controles. Qual decisão melhor atende à governança técnica e à gestão de risco?",0,True,True,True,3,Fácil
ffde36b030-f0-d0-r5-q3,"Manutenção, Inspeção e Integridade de Ativos",Manutenção e Plano de Manutenção,Média,0.91,"Uma equipe vai implantar um sistema especialista, baseado em MCC/RCM, para sugerir intervenções em um circuito hidráulico de atuação com regimes de operação variados. Como parametrizar o sistema para captar o contexto?",0,True,True,True,3,Fácil
ffde36b030-f0-d0-r5-q4,"Manutenção, Inspeção e Integridade de Ativos",Manutenção e Plano de Manutenção,Média,0.92,"Com um backlog extenso e recursos limitados, a equipe de manutenção precisa priorizar intervenções em um FPSO integrando integridade de ativos e segurança de processo. Qual critério de priorização é mais consistente com RCM, SCE e gestão de risco ALARP?",0,True,True,True,3,Fácil
ffde36b030-f0-d0-r5-q5,"Manutenção, Inspeção e Integridade de Ativos",Manutenção e Plano de Manutenção,Média,0.91,"Após um evento de baixa severidade, a análise bow tie mostrou um SCE preventivo abaixo do padrão de desempenho (PS). Integrando manutenção, integridade e safety case, qual ajuste de estratégia é mais adequado?",3,True,True,True,3,Fácil
ffde36b030-f0-d0-r6-q0,"Manutenção, Inspeção e Integridade de Ativos",Manutenção e Plano de Manutenção,Média,0.92,"Durante uma checagem de rotina no FPSO, constata-se que um SCE do sistema de detecção de gás na compressão está fora do PS por deriva de calibração, com a produção em curso. Qual decisão de gestão técnica melhor equilibra continuidade operacional e governança de risco?",1,True,True,True,3,Fácil
ffde36b030-f0-d0-r6-q1,"Manutenção, Inspeção e Integridade de Ativos",Manutenção e Plano de Manutenção,Média,0.94,"Ao elaborar o plano de manutenção de um FPSO, a equipe precisa definir a estratégia para três conjuntos: bombas de combate a incêndio a diesel (firewater), compressores de gás de exportação e luminárias de área não classificada do alojamento. Com base em MCC/RCM e criticidade (segurança, produção, custo), qual combinação é mais coerente?",3,False,False,True,1,Difícil
ffde36b030-f0-d0-r6-q3,"Manutenção, Inspeção e Integridade de Ativos",Manutenção e Plano de Manutenção,Média,0.9,"Na implantação de um sistema especialista alinhado à lógica RCM/RCMEX para um módulo de bombeio em um FPSO, a equipe precisa decidir como parametrizar as recomendações de manutenção. Qual abordagem produz recomendações de fato contextualizadas?",3,True,True,True,3,Fácil
ffde36b030-f0-d0-r6-q4,"Manutenção, Inspeção e Integridade de Ativos",Manutenção e Plano de Manutenção,Média,0.92,"Um bow tie do sistema de flare indica a válvula de alívio e o selo d’água como barreiras críticas. Uma inspeção mostra que o selo não atende ao PS mínimo. Como proceder de forma integrada entre manutenção, integridade e gestão de risco?",0,True,True,True,3,Fácil
ffde36b030-f0-d0-r7-q0,"Manutenção, Inspeção e Integridade de Ativos",Manutenção e Plano de Manutenção,Média,0.93,"Em um FPSO, o sistema de lubrificação dos mancais do turret é SCE com PS definidos. A FMECA aponta modos de falha com degradação rastreável por análise de óleo e tendência de pressão. Ao ajustar o plano, qual estratégia melhor equilibra risco e disponibilidade?",3,True,False,True,2,Média
ffde36b030-f0-d0-r7-q1,"Manutenção, Inspeção e Integridade de Ativos",Manutenção e Plano de Manutenção,Média,0.86,"Uma equipe pretende usar um sistema especialista que segue RCM para recomendar manutenção de um conjunto de atuadores hidráulicos de válvulas de processo no FPSO. Para que as recomendações sejam contextualizadas ao cenário real, qual abordagem de entrada e configuração é mais adequada?",3,True,True,True,3,Fácil
ffde36b030-f0-d0-r7-q3,"Manutenção, Inspeção e Integridade de Ativos",Manutenção e Plano de Manutenção,Média,0.92,"Em inspeção de rotina, um SCE de barreira contra incêndio não cumpre o PS de integridade de vedação. A operação precisa seguir por poucas horas até a próxima janela de manutenção. Qual procedimento é adequado para manter o risco sob controle?",3,True,False,True,2,Média
ffde36b030-f0-d0-r7-q4,"Manutenção, Inspeção e Integridade de Ativos",Manutenção e Plano de Manutenção,Média,0.88,"Após um quase-incidente de alívio de pressão, a equipe inicia a revisão do safety case e do bow tie do cenário. Para robustecer o programa de manutenção e integridade, qual medida integrada é mais indicada?",1,True,True,True,3,Fácil
ffde36b030-f0-d0-r8-q3,"Manutenção, Inspeção e Integridade de Ativos",Manutenção e Plano de Manutenção,Média,0.88,Uma equipe está implantando um sistema especialista para apoiar decisões de manutenção em um circuito hidráulico de atuação de válvulas de processo. Busca-se que as recomendações reflitam as condições operacionais e a configuração real do sistema. Qual configuração de uso é mais coerente com uma abordagem baseada em RCM?,2,True,True,True,3,Fácil
ffde36b030-f0-d0-r8-q4,"Manutenção, Inspeção e Integridade de Ativos",Manutenção e Plano de Manutenção,Média,0.92,"Na priorização do backlog de manutenção de um FPSO, incluem-se: sistema ESD (SCE) com teste pendente, bombas de incêndio (SCE) com anomalia de desempenho, monitoramento da descarga de água produzida instável e selos de bomba de carga com desgaste. Considerando criticidade em segurança, meio ambiente, produção e custo, qual decisão está mais alinhada às boas práticas?",0,True,True,True,3,Fácil
ffde36b030-f0-d0-r8-q5,"Manutenção, Inspeção e Integridade de Ativos",Manutenção e Plano de Manutenção,Média,0.92,"Um SCE de detecção de gás está abaixo do padrão de performance (PS) em uma área, mas a unidade precisa manter atividades essenciais com risco controlado. Qual arranjo de mitigação e governança é mais adequado?",1,True,True,True,3,Fácil
ffde36b030-f0-d0-r9-q1,"Manutenção, Inspeção e Integridade de Ativos",Manutenção e Plano de Manutenção,Média,0.94,"Em um FMECA recente, foram identificados três modos: (1) falha da válvula de alívio do gás de alta (impacto em segurança), (2) degradação da medição fiscal (impacto em custo/conformidade) e (3) vibração em ventilador de acomodação (impacto operacional limitado). Para converter isso em plano de manutenção, qual abordagem melhor reflete a integração FMECA–RCM?",1,True,True,True,3,Fácil
ffde36b030-f0-d0-r9-q3,"Manutenção, Inspeção e Integridade de Ativos",Manutenção e Plano de Manutenção,Média,0.91,"Após um quase-incidente no blowdown que evidenciou falhas em barreiras preventivas e mitigadoras, qual ação alinha o programa de manutenção às lições aprendidas, integrando safety case, bow tie e PS de SCE?",1,True,True,True,3,Fácil
ffde36b030-f0-d0-r9-q4,"Manutenção, Inspeção e Integridade de Ativos",Manutenção e Plano de Manutenção,Média,0.89,Uma equipe considera empregar um sistema especialista de apoio à decisão de manutenção em um subsistema hidráulico crítico que opera em dois modos distintos. Como essa ferramenta deve ser utilizada para maximizar a aderência à filosofia RCM?,1,True,True,True,3,Fácil
ffde36b030-f0-d0-r10-q0,"Manutenção, Inspeção e Integridade de Ativos",Manutenção e Plano de Manutenção,Média,0.92,"Em um FPSO, a equipe revisa o plano de manutenção das bombas de água do mar e do sistema de ESD, com recursos limitados e múltiplos modos operacionais (produção plena, manutenção, alívio). Há históricos diferentes de falhas e alguns componentes são Elementos Críticos de Segurança (SCE) com Padrões de Performance (PS) definidos. Para maximizar segurança e disponibilidade, qual abordagem de alocação de tarefas é mais apropriada?",1,True,True,True,3,Fácil
ffde36b030-f0-d0-r10-q1,"Manutenção, Inspeção e Integridade de Ativos",Manutenção e Plano de Manutenção,Média,0.92,"Durante teste funcional, uma bomba diesel do sistema de combate a incêndio (SCE) não atende ao PS de tempo de partida. A unidade precisa continuar operando enquanto a falha é tratada. Qual conduta está mais alinhada às boas práticas de integridade e governança técnica?",1,True,True,True,3,Fácil
ffde36b030-f0-d0-r10-q2,"Manutenção, Inspeção e Integridade de Ativos",Manutenção e Plano de Manutenção,Média,0.9,"Após um quase-evento de sobrepressurização, a direção busca fortalecer o acompanhamento de barreiras preventivas e mitigadoras e orientar prioridades de manutenção. Qual conjunto de práticas é mais alinhado a uma abordagem integrada de gestão de risco e integridade?",2,True,True,True,3,Fácil
ffde36b030-f0-d0-r10-q3,"Manutenção, Inspeção e Integridade de Ativos",Manutenção e Plano de Manutenção,Média,0.91,"Em uma análise de criticidade alinhada à RCM, dois ativos com taxas de falha semelhantes são avaliados: uma válvula de alívio de emergência classificada como SCE com PS definido e um trocador de utilidades sem impacto crítico em segurança. Como direcionar os recursos de manutenção?",0,False,True,False,1,Difícil
ffde36b030-f0-d0-r10-q5,"Manutenção, Inspeção e Integridade de Ativos",Manutenção e Plano de Manutenção,Média,0.92,"O monitoramento por condição mostra degradação em um atuador de válvula de isolamento classificado como SCE. O elemento ainda cumpre o PS, porém a tendência indica desvio provável antes da próxima janela preventiva. Qual decisão melhor alinha manutenção e gestão de risco?",3,True,True,True,3,Fácil
ffde36b030-f0-d0-r11-q0,"Manutenção, Inspeção e Integridade de Ativos",Manutenção e Plano de Manutenção,Fácil,0.96,"Em um FPSO, o gerente de manutenção precisa revisar o plano de bombas, válvulas e instrumentos com equipe reduzida. Como esses ativos têm criticidades distintas para a segurança e a produção, qual orientação melhor se alinha à Manutenção Centrada na Confiabilidade?",0,True,True,True,3,Fácil
ffde36b030-f0-d0-r11-q1,"Manutenção, Inspeção e Integridade de Ativos",Manutenção e Plano de Manutenção,Média,0.92,"Uma equipe utiliza um sistema de apoio à decisão para recomendar intervenções em um sistema hidráulico de controle de uma unidade offshore. Ao mudar o arranjo do circuito e o regime de operação, o sistema passa a indicar ações distintas para o mesmo componente. Qual interpretação é mais adequada?",0,True,True,False,2,Média
ffde36b030-f0-d0-r11-q2,"Manutenção, Inspeção e Integridade de Ativos",Manutenção e Plano de Manutenção,Fácil,0.91,"Após revisar o plano de contingência de um FPSO, a equipe quer usar FMEA/FMECA para reordenar inspeções de válvulas, transmissores e atuadores associados a barreiras de processo. Qual uso é mais consistente com essa ferramenta?",3,True,True,True,3,Fácil
ffde36b030-f0-d0-r11-q3,"Manutenção, Inspeção e Integridade de Ativos",Manutenção e Plano de Manutenção,Média,0.95,"Durante a operação, uma bomba de um sistema de combate a incêndio classificado como SCE falha em atender ao Performance Standard em teste funcional. A produção permanece estável, e a operação pretende manter a unidade em funcionamento até a próxima janela de intervenção. Qual encaminhamento é mais compatível com a governança de integridade?",0,True,True,True,3,Fácil
ffde36b030-f0-d0-r11-q4,"Manutenção, Inspeção e Integridade de Ativos",Manutenção e Plano de Manutenção,Média,0.95,"Após a instalação de um bypass em uma linha de processo e um ajuste relevante na lógica de controle, a gerência quer incorporar a mudança ao plano de manutenção da unidade. Qual abordagem tende a ser mais robusta?",3,True,True,True,3,Fácil
ffde36b030-f0-d0-r11-q5,"Manutenção, Inspeção e Integridade de Ativos",Manutenção e Plano de Manutenção,Fácil,0.95,"Em uma campanha de redução de backlog em um FPSO, há pressão para priorizar serviços pelo menor tempo de execução. O engenheiro de integridade propõe primeiro classificar sistemas, equipamentos e elementos críticos. Qual critério de hierarquização tende a produzir um plano mais aderente à gestão de integridade?",3,True,False,True,2,Média
ffde36b030-f0-d0-r12-q0,"Manutenção, Inspeção e Integridade de Ativos",Manutenção e Plano de Manutenção,Média,0.95,"Em um FPSO, a equipe de manutenção precisa revisar o plano anual porque há restrição de recursos e crescimento de backlog. Alguns equipamentos têm impacto direto na segurança de processo, outros afetam sobretudo a disponibilidade de produção e outros têm baixa consequência operacional. Qual decisão traduz melhor uma filosofia de Manutenção Centrada na Confiabilidade para redistribuir as tarefas?",1,False,True,True,2,Média
ffde36b030-f0-d0-r12-q1,"Manutenção, Inspeção e Integridade de Ativos",Manutenção e Plano de Manutenção,Média,0.93,"Após falhas recorrentes em um sistema de bombeamento auxiliar do FPSO, a gerência decide aplicar FMEA/FMECA para revisar o plano de manutenção e os procedimentos de contingência. Qual uso dessa ferramenta melhor atende esse objetivo?",0,True,True,True,3,Fácil
ffde36b030-f0-d0-r12-q2,"Manutenção, Inspeção e Integridade de Ativos",Manutenção e Plano de Manutenção,Difícil,0.87,"Em uma verificação operacional, um Safety Critical Element do arranjo de detecção e resposta a incêndio foi identificado abaixo do requisito de desempenho estabelecido. Existe possibilidade de seguir produzindo sob condicionantes, mas a origem da deficiência ainda não foi removida. Qual encaminhamento é mais aderente à governança de integridade?",0,True,True,True,3,Fácil
ffde36b030-f0-d0-r12-q3,"Manutenção, Inspeção e Integridade de Ativos",Manutenção e Plano de Manutenção,Média,0.93,"Após um quase-acidente envolvendo perda de contenção, a investigação mostrou que as barreiras estavam descritas no safety case, mas parte da equipe não conseguia relacioná-las com as rotinas de inspeção e manutenção. Qual ação tende a melhorar mais a ligação entre gestão de risco e plano de manutenção?",2,True,True,True,3,Fácil
ffde36b030-f0-d0-r12-q4,"Manutenção, Inspeção e Integridade de Ativos",Manutenção e Plano de Manutenção,Média,0.95,"Em uma revisão de criticidade de um FPSO, três grupos disputam a mesma janela de intervenção: (I) um elemento crítico de segurança cuja perda reduz uma barreira contra grande acidente, com pouco efeito imediato na produção; (II) um trem de processo cuja falha interrompe a produção, mas sem função primária de barreira; (III) um equipamento utilitário com baixo impacto em segurança e produção, porém alto custo de reparo. Se o objetivo é hierarquizar o plano considerando segurança, meio ambiente, produção e custo, qual critério é mais defensável?",3,True,False,True,2,Média
ffde36b030-f0-d0-r12-q5,"Manutenção, Inspeção e Integridade de Ativos",Manutenção e Plano de Manutenção,Média,0.94,"Ao testar um sistema especialista para recomendar intervenções de manutenção em um subsistema hidráulico do FPSO, um engenheiro verificou que regras genéricas por tipo de componente não distinguiam adequadamente diferentes arranjos de bombeamento, circuitos de atuação e regimes operacionais. À luz da RCM, qual conclusão é mais apropriada?",3,True,True,True,3,Fácil
ffde36b030-f0-d0-r13-q0,"Manutenção, Inspeção e Integridade de Ativos",Manutenção e Plano de Manutenção,Média,0.95,"Em um FPSO, a equipe de manutenção precisa revisar o plano de intervenções porque o mesmo intervalo fixo vem sendo aplicado tanto a um instrumento redundante de baixo impacto quanto a um componente cuja falha degrada uma barreira de segurança. Com recursos limitados, qual diretriz é mais consistente para redefinir a filosofia de manutenção?",0,True,True,True,3,Fácil
ffde36b030-f0-d0-r13-q2,"Manutenção, Inspeção e Integridade de Ativos",Manutenção e Plano de Manutenção,Média,0.94,"Após um quase incidente envolvendo perda de atuação de uma válvula em um sistema do FPSO, a equipe quer revisar o plano de manutenção e também fortalecer o plano de contingência. Qual uso de FMEA/FMECA agrega mais valor nesse contexto?",0,True,True,True,3,Fácil
ffde36b030-f0-d0-r13-q3,"Manutenção, Inspeção e Integridade de Ativos",Manutenção e Plano de Manutenção,Média,0.94,"Durante uma campanha no FPSO, um detector de gás classificado como elemento crítico de segurança falha no teste funcional e não atende ao Performance Standard definido. Há pressão para manter a operação até a próxima janela de manutenção, com rondas adicionais e monitoramento reforçado. Qual decisão está mais alinhada à governança de integridade?",3,True,True,True,3,Fácil
ffde36b030-f0-d0-r13-q4,"Manutenção, Inspeção e Integridade de Ativos",Manutenção e Plano de Manutenção,Fácil,0.91,"Na triagem de backlog de um FPSO, quatro pendências disputam recursos: degradação de uma válvula de deluge pertencente a uma barreira de segurança, desgaste em uma bomba de exportação com potencial de perda de produção, corrosão em uma linha de dreno oleoso com possibilidade de vazamento localizado e falha em um equipamento auxiliar de impacto predominantemente econômico. Em uma análise de criticidade para ordenar o tratamento, qual sequência é a mais coerente?",0,False,True,False,1,Difícil
ffde36b030-f0-d0-r13-q5,"Manutenção, Inspeção e Integridade de Ativos",Manutenção e Plano de Manutenção,Difícil,0.96,"Em um FPSO, foi instalado um bypass temporário e alterada a lógica de um controlador para manter a produção após repetidas intervenções em um sistema de processo. A equipe quer limitar a resposta à revisão do plano preventivo do equipamento afetado. Qual abordagem é mais adequada para preservar a integridade e a coerência do programa de manutenção?",3,True,True,True,3,Fácil
ffde36b030-f0-d0-r14-q1,"Manutenção, Inspeção e Integridade de Ativos",Manutenção e Plano de Manutenção,Fácil,0.94,"Durante a revisão do plano anual de manutenção de um FPSO, a gerência identifica backlog elevado e equipes limitadas. Há equipamentos com impacto muito diferente sobre segurança e continuidade da produção. Qual critério traduz melhor a justificativa de adotar MCC/RCM na alocação das tarefas?",3,True,True,True,3,Fácil
ffde36b030-f0-d0-r14-q2,"Manutenção, Inspeção e Integridade de Ativos",Manutenção e Plano de Manutenção,Média,0.8,"Uma equipe pretende implantar em um FPSO um sistema de apoio à decisão para um subsistema hidráulico, de modo que a recomendação de manutenção mude conforme a configuração disponível e o modo de operação. Se a lógica adotada for alinhada à RCM, qual conjunto de informações tende a tornar a recomendação mais contextualizada?",1,True,True,True,3,Fácil
ffde36b030-f0-d0-r14-q3,"Manutenção, Inspeção e Integridade de Ativos",Manutenção e Plano de Manutenção,Média,0.93,"Após recorrência de falhas intermitentes em válvulas de controle e instrumentação associada, a equipe de integridade precisa revisar o plano de inspeção de um FPSO e também atualizar ações de contingência. Qual uso de FMEA/FMECA contribui mais para esse objetivo?",3,True,True,True,3,Fácil
ffde36b030-f0-d0-r14-q4,"Manutenção, Inspeção e Integridade de Ativos",Manutenção e Plano de Manutenção,Difícil,0.89,"Em um FPSO, um detector de gás classificado como elemento crítico de segurança deixa de atender temporariamente ao Performance Standard após teste funcional. A produção pode ser mantida, mas com exposição diferente em áreas adjacentes. Qual resposta de governança está mais alinhada à gestão de integridade descrita?",0,True,True,False,2,Média
ffde36b030-f0-d0-r14-q5,"Manutenção, Inspeção e Integridade de Ativos",Manutenção e Plano de Manutenção,Média,0.95,"A liderança de um FPSO quer reordenar o backlog de manutenção de barreiras e sistemas auxiliares usando informações de safety case e bow tie. Há itens com baixo custo de reparo, outros com maior perda potencial de produção e alguns ligados diretamente a barreiras de prevenção e mitigação. Qual regra de priorização é mais consistente com a integração entre manutenção, integridade e gestão de risco?",2,True,True,True,3,Fácil
ffde36b030-f0-d0-r15-q0,"Manutenção, Inspeção e Integridade de Ativos",Manutenção e Plano de Manutenção,Fácil,0.96,"Em um FPSO, revisa-se a política de manutenção de uma unidade hidráulica em que alguns itens são relevantes para barreiras de segurança, outros afetam a continuidade operacional e outros admitem operação até a falha com baixa consequência. A gerência busca um critério que atribua inspeções por condição, intervenções programadas e atuação após falha segundo a consequência funcional de cada componente. Qual filosofia atende melhor a essa necessidade?",1,True,True,True,3,Fácil
ffde36b030-f0-d0-r15-q1,"Manutenção, Inspeção e Integridade de Ativos",Manutenção e Plano de Manutenção,Média,0.94,"Após uma sequência de falhas intermitentes em válvulas atuadas de um sistema de utilidades de um FPSO, a equipe percebe que as ordens de serviço tratam sintomas, mas não conectam modos de falha, efeitos operacionais e resposta de contingência. Qual uso de ferramenta tende a melhorar mais diretamente a qualidade do plano de manutenção?",0,True,True,True,3,Fácil
ffde36b030-f0-d0-r15-q2,"Manutenção, Inspeção e Integridade de Ativos",Manutenção e Plano de Manutenção,Média,0.89,"Em um teste funcional, um elemento crítico de segurança do sistema de combate a incêndio de um FPSO apresenta resultado abaixo do Performance Standard. Embora a unidade possa operar com restrições, a barreira mitigadora está degradada. Qual tratamento é mais aderente à governança de integridade?",2,True,True,True,3,Fácil
ffde36b030-f0-d0-r15-q4,"Manutenção, Inspeção e Integridade de Ativos",Manutenção e Plano de Manutenção,Média,0.89,"Uma equipe pretende digitalizar recomendações de manutenção para um sistema hidráulico crítico de um FPSO. Ela discute se o algoritmo deve emitir a mesma orientação para um componente independentemente da configuração da planta ou do modo operacional. Pela lógica de uma aplicação alinhada à RCM, qual desenho é mais adequado?",0,True,True,True,3,Fácil
ffde36b030-f0-d0-r15-q5,"Manutenção, Inspeção e Integridade de Ativos",Manutenção e Plano de Manutenção,Média,0.95,"No planejamento semanal de manutenção de um FPSO, surgem três pendências: (1) um damper de ventilação com perda de curso; (2) uma bomba de processo com vibração crescente, ainda dentro do limite operacional; (3) um elemento crítico de segurança com teste funcional reprovado em relação ao seu Performance Standard. A janela de recursos é limitada. Qual priorização está mais alinhada a uma abordagem RCM integrada à gestão de integridade?",3,True,True,True,3,Fácil
ffde36b030-f0-d0-r16-q0,"Manutenção, Inspeção e Integridade de Ativos",Manutenção e Plano de Manutenção,Média,0.95,"Na revisão do plano anual de manutenção de um FPSO, a equipe percebe que aplica a mesma periodicidade preventiva a bombas de utilidades, válvulas de shutdown e instrumentos de baixo impacto operacional. Como os recursos de parada são limitados, qual ajuste de filosofia é mais consistente com boa prática de manutenção?",3,True,True,True,3,Fácil
ffde36b030-f0-d0-r16-q1,"Manutenção, Inspeção e Integridade de Ativos",Manutenção e Plano de Manutenção,Média,0.9,Uma equipe deseja implantar em um FPSO um sistema especialista para recomendar intervenções em um skid hidráulico que opera com diferentes arranjos de bombeamento e atuação conforme o modo da planta. Qual lógica de recomendação mais se alinha à aplicação prática de RCM?,1,True,True,True,3,Fácil
ffde36b030-f0-d0-r16-q2,"Manutenção, Inspeção e Integridade de Ativos",Manutenção e Plano de Manutenção,Média,0.95,"Após uma revisão de risco de processo, foram identificadas falhas recorrentes em atuadores de válvulas que participam de barreiras de mitigação. A engenharia quer usar FMEA/FMECA para revisar o plano de manutenção. Qual uso é mais adequado?",0,True,True,True,3,Fácil
ffde36b030-f0-d0-r16-q3,"Manutenção, Inspeção e Integridade de Ativos",Manutenção e Plano de Manutenção,Média,0.92,"Durante um teste funcional em um FPSO, uma válvula de shutdown classificada como SCE não atende ao Performance Standard de tempo de fechamento. A produção ainda pode ser mantida, mas o reparo definitivo exige mobilização externa. Qual encaminhamento é mais consistente com a governança de integridade?",2,True,True,True,3,Fácil
ffde36b030-f0-d0-r16-q4,"Manutenção, Inspeção e Integridade de Ativos",Manutenção e Plano de Manutenção,Média,0.91,"Em um programa de integridade de barreiras de um FPSO, discute-se se o plano de manutenção dos SCE deve ser gerido à parte do safety case, sob o argumento de que a manutenção já acompanha indicadores próprios. Qual posicionamento técnico é mais consistente?",0,False,True,True,2,Média
ffde36b030-f0-d0-r16-q5,"Manutenção, Inspeção e Integridade de Ativos",Manutenção e Plano de Manutenção,Difícil,0.94,"Em um FPSO, a janela de manutenção permite apenas uma intervenção. Há uma bomba de utilidades com degradação progressiva, mas redundante e com impacto principal na disponibilidade, e um detector de gás classificado como SCE que segue operável, porém fora de um parâmetro do seu Performance Standard. À luz de RCM integrada à gestão de integridade, qual priorização é a mais adequada?",3,False,False,True,1,Difícil
ffde36b030-f0-d0-r17-q0,"Manutenção, Inspeção e Integridade de Ativos",Manutenção e Plano de Manutenção,Média,0.95,"Um FPSO entrou em campanha de redução de backlog de manutenção, mas a equipe não pode ampliar a quantidade total de horas de intervenção no mês. A gerência quer rever a filosofia do plano para reduzir risco operacional sem simplesmente antecipar todas as atividades. Qual decisão traduz melhor uma abordagem centrada em confiabilidade?",1,True,True,True,3,Fácil
ffde36b030-f0-d0-r17-q2,"Manutenção, Inspeção e Integridade de Ativos",Manutenção e Plano de Manutenção,Difícil,0.84,"Em um ensaio de verificação, um elemento crítico de segurança (SCE) de um FPSO fica abaixo da condição de desempenho exigida. Há pressão para seguir operando até a próxima janela de intervenção. Qual conduta melhor reflete a governança técnica esperada?",1,True,True,True,3,Fácil
ffde36b030-f0-d0-r17-q3,"Manutenção, Inspeção e Integridade de Ativos",Manutenção e Plano de Manutenção,Difícil,0.9,"Na revisão mensal do backlog de manutenção de um FPSO, a gerência busca um critério de priorização que mantenha a rastreabilidade entre manutenção, integridade e risco de processo, em vez de considerar apenas atraso ou custo. Qual abordagem tende a ser mais robusta?",0,True,True,True,3,Fácil
ffde36b030-f0-d0-r18-q0,"Manutenção, Inspeção e Integridade de Ativos",Manutenção e Plano de Manutenção,Média,0.95,"Em um FPSO, a equipe de manutenção revisa o plano de válvulas, bombas e detectores. Alguns itens apresentam baixa taxa de falha, mas consequências severas para segurança e indisponibilidade; outros falham com mais frequência, porém com efeito operacional limitado. Qual diretriz melhor justifica adotar MCC/RCM como filosofia principal desse plano?",0,True,True,True,3,Fácil
ffde36b030-f0-d0-r18-q1,"Manutenção, Inspeção e Integridade de Ativos",Manutenção e Plano de Manutenção,Média,0.9,"Um engenheiro pretende empregar um sistema especialista aderente à RCM para indicar intervenções em um circuito hidráulico de um sistema auxiliar do FPSO. Antes de emitir a recomendação, o sistema pede a escolha do circuito, do circuito de bombeamento, do circuito de atuação e do modo de operação dos componentes. Qual é a melhor explicação para essa exigência?",2,True,True,True,3,Fácil
ffde36b030-f0-d0-r18-q2,"Manutenção, Inspeção e Integridade de Ativos",Manutenção e Plano de Manutenção,Média,0.94,"Após falhas recorrentes em um skid de tratamento, a gerência quer usar FMEA/FMECA para revisar o plano de manutenção e os procedimentos de contingência. Qual uso dessas ferramentas é mais aderente ao objetivo?",1,True,True,True,3,Fácil
ffde36b030-f0-d0-r18-q4,"Manutenção, Inspeção e Integridade de Ativos",Manutenção e Plano de Manutenção,Média,0.94,"Em um FPSO, foi proposta uma modificação relevante na lógica de controle de processo, com instalação de um bypass temporário que tende a permanecer em serviço por meses. A equipe discute como incorporar a mudança ao plano de manutenção e à gestão de integridade. Qual abordagem é mais consistente com as práticas descritas?",3,True,True,True,3,Fácil
ffde36b030-f0-d0-r18-q5,"Manutenção, Inspeção e Integridade de Ativos",Manutenção e Plano de Manutenção,Difícil,0.91,"Uma parada curta de manutenção em um FPSO permite executar apenas duas intervenções entre quatro pendências: (1) recalibrar um detector associado a um SCE que está abaixo do PS; (2) substituir um selo de bomba de utilidade com histórico frequente de vazamentos pequenos e sem impacto relevante na segurança; (3) revisar um trocador que reduz a eficiência do processo, mas continua operando dentro dos limites; (4) corrigir uma falha intermitente em instrumento redundante cuja perda isolada não compromete a função de barreira. Considerando RCM, criticidade e governança de integridade, qual priorização é mais defensável?",1,False,True,False,1,Difícil
ffde36b030-f0-d0-r19-q0,"Manutenção, Inspeção e Integridade de Ativos",Manutenção e Plano de Manutenção,Fácil,0.96,"Em um FPSO com acúmulo de ordens de manutenção, a gerência quer redirecionar o plano para aplicar recursos onde o impacto sobre segurança, disponibilidade e desempenho é mais relevante. Qual abordagem melhor atende a esse objetivo?",2,True,True,True,3,Fácil
ffde36b030-f0-d0-r19-q2,"Manutenção, Inspeção e Integridade de Ativos",Manutenção e Plano de Manutenção,Média,0.95,"Após falhas recorrentes em um conjunto de bombeamento que afetam a estabilidade da produção, a equipe precisa revisar o plano de manutenção e o plano de contingência. Qual uso de FMEA/FMECA tende a gerar a melhor base para essa revisão?",1,True,True,True,3,Fácil
ffde36b030-f0-d0-r19-q3,"Manutenção, Inspeção e Integridade de Ativos",Manutenção e Plano de Manutenção,Média,0.92,"Durante teste funcional em operação, uma válvula de shutdown classificada como SCE não atende ao padrão de performance definido. A produção pode ser mantida por algumas horas com medidas compensatórias, mas a barreira não está plenamente restabelecida. Qual encaminhamento é mais consistente com a governança de integridade?",1,True,True,True,3,Fácil
ffde36b030-f0-d0-r19-q5,"Manutenção, Inspeção e Integridade de Ativos",Manutenção e Plano de Manutenção,Média,0.96,"Na revisão anual do plano de manutenção de um FPSO, dois sistemas disputam recursos. O Sistema X apresenta falhas frequentes e reduz produção quando para, mas não compõe barreira principal de segurança. O Sistema Y falha raramente, porém seu mau desempenho compromete um SCE com padrão de performance definido. Segundo uma lógica alinhada à RCM e à gestão de integridade, como a priorização deve ser conduzida?",0,True,False,True,2,Média
ffde36b030-f0-d0-r20-q0,"Manutenção, Inspeção e Integridade de Ativos",Manutenção e Plano de Manutenção,Média,0.97,"Em um FPSO com aumento do backlog de manutenção, observa-se que componentes pertencentes ao mesmo sistema não têm a mesma criticidade: alguns comprometem barreiras de segurança, outros afetam a disponibilidade da planta e outros geram apenas perda operacional limitada. Qual diretriz para o plano de manutenção melhor responde a esse quadro?",3,True,True,True,3,Fácil
ffde36b030-f0-d0-r20-q1,"Manutenção, Inspeção e Integridade de Ativos",Manutenção e Plano de Manutenção,Média,0.89,"Na concepção de uma ferramenta digital para apoiar decisões de manutenção de um sistema hidráulico em um FPSO, pretende-se que as recomendações variem conforme a arquitetura do conjunto e a condição operacional em uso. Qual conjunto de entradas representa melhor uma aplicação alinhada à filosofia RCM?",2,True,True,True,3,Fácil
ffde36b030-f0-d0-r20-q2,"Manutenção, Inspeção e Integridade de Ativos",Manutenção e Plano de Manutenção,Média,0.95,"Na revisão do plano de manutenção de um sistema de compressão, após recorrência de falhas intermitentes em instrumentos e atuadores, a engenharia decide empregar FMEA/FMECA. Em qual aplicação esse estudo tende a trazer maior benefício para manutenção e integridade?",1,True,True,True,3,Fácil
ffde36b030-f0-d0-r20-q3,"Manutenção, Inspeção e Integridade de Ativos",Manutenção e Plano de Manutenção,Média,0.9,"Em teste funcional, um elemento crítico de segurança de um FPSO não atende ao seu Performance Standard. A unidade avalia manter a operação até a próxima janela de parada, alegando que o risco pode ser acompanhado por inspeções adicionais. Qual encaminhamento está mais alinhado à governança de integridade?",3,True,True,True,3,Fácil
ffde36b030-f0-d0-r20-q4,"Manutenção, Inspeção e Integridade de Ativos",Manutenção e Plano de Manutenção,Difícil,0.97,"Após um quase-acidente com liberação de gás, o FPSO revisa o plano de manutenção de detectores, válvulas de isolamento e lógica de parada para priorizar intervenções e reduzir o risco de forma sistemática. Qual abordagem é mais consistente?",2,True,True,True,3,Fácil
ffde36b030-f0-d0-r20-q5,"Manutenção, Inspeção e Integridade de Ativos",Manutenção e Plano de Manutenção,Média,0.97,"Em uma unidade em operação, haverá uma alteração relevante na lógica de controle de processo e a instalação de um bypass temporário capaz de mudar a forma de operar certos equipamentos. Antes de reemitir o plano de manutenção, qual sequência de ações é mais adequada?",2,True,True,True,3,Fácil
80d9d9002a-f0-d0-r1-q0,Produção e Processo (Medição Fiscal e Sistema de Alívio),"Medição Fiscal de óleo, medição fiscal de gás e transferência de custódia em operações de offloading",Média,0.89,"Durante o redesenho do arranjo físico do offloading de um FPSO, a equipe identificou desgaste acelerado do mangote e dificuldades de desconexão em mar agitado, além de variações na medição atribuídas a estratificação do escoamento. Qual configuração de projeto atende, ao mesmo tempo, às necessidades de integridade mecânica do sistema e de qualidade metrológica da medição fiscal?",3,True,False,True,2,Média
80d9d9002a-f0-d0-r1-q1,Produção e Processo (Medição Fiscal e Sistema de Alívio),"Medição Fiscal de óleo, medição fiscal de gás e transferência de custódia em operações de offloading",Média,0.84,"Num sistema de medição fiscal de óleo em offloading, há relatos de água dispersa intermitente devido a separação gravitacional parcial na linha. Considerando a necessidade de indicação volumétrica para transferência de custódia e a sensibilidade de medidores a escoamentos multifásicos, qual escolha técnica é mais adequada?",1,True,True,True,3,Fácil
80d9d9002a-f0-d0-r1-q2,Produção e Processo (Medição Fiscal e Sistema de Alívio),"Medição Fiscal de óleo, medição fiscal de gás e transferência de custódia em operações de offloading",Média,0.86,"Em uma linha de offloading de gás, existem válvulas e curvas próximas à seção de medição e possibilidade de arraste intermitente de líquidos. Para garantir perfil de velocidade mais uniforme e compatibilização mecânica com a linha e o mangote/NSV, qual solução de arranjo é mais adequada?",0,True,True,True,3,Fácil
80d9d9002a-f0-d0-r1-q4,Produção e Processo (Medição Fiscal e Sistema de Alívio),"Medição Fiscal de óleo, medição fiscal de gás e transferência de custódia em operações de offloading",Média,0.87,"Em uma avaliação de compatibilização mecânica e hidrodinâmica, o time de engenharia identificou que esforços do mangote estavam sendo transmitidos à seção de medição, com potencial de alterar a geometria do trecho e a estabilidade do perfil. Qual solução de arranjo físico atende aos requisitos de integridade e medição?",3,True,False,True,2,Média
80d9d9002a-f0-d0-r2-q0,Produção e Processo (Medição Fiscal e Sistema de Alívio),"Medição Fiscal de óleo, medição fiscal de gás e transferência de custódia em operações de offloading",Média,0.91,"Durante o projeto de um skid de medição fiscal para offloading de óleo em um FPSO, a equipe precisa definir o posicionamento do medidor em relação ao mangote e aos trechos da linha sujeitos a movimentação e a mudanças de perfil de escoamento. Considerando a necessidade de condições representativas e a redução de erros por estratificação, qual decisão de arranjo é mais adequada?",1,True,True,True,3,Fácil
80d9d9002a-f0-d0-r2-q1,Produção e Processo (Medição Fiscal e Sistema de Alívio),"Medição Fiscal de óleo, medição fiscal de gás e transferência de custódia em operações de offloading",Média,0.87,"Em comissionamento do offloading observou-se estratificação a baixas vazões, com água no fundo da linha; em vazões maiores esse efeito diminui. Para reduzir a incerteza fiscal no trecho de transferência, qual abordagem de projeto e operação é mais adequada?",1,True,True,True,3,Fácil
80d9d9002a-f0-d0-r2-q2,Produção e Processo (Medição Fiscal e Sistema de Alívio),"Medição Fiscal de óleo, medição fiscal de gás e transferência de custódia em operações de offloading",Média,0.92,"Em uma linha de gás de offloading, um medidor ultrassônico de custódia foi montado imediatamente após uma curva. No comissionamento observaram-se perfil de velocidades distorcido, altos gradientes e leituras que variam com pequenas mudanças de posição do navio. Considerando critérios de perfil estável e condicionamento do escoamento, qual intervenção é mais indicada?",2,True,True,True,3,Fácil
80d9d9002a-f0-d0-r2-q3,Produção e Processo (Medição Fiscal e Sistema de Alívio),"Medição Fiscal de óleo, medição fiscal de gás e transferência de custódia em operações de offloading",Média,0.82,"Em uma reavaliação da interface FPSO–navio aliviador, foram identificados riscos de desconexão difícil em emergência e desgaste do mangote por dobras. Considerando a compatibilização mecânica entre medidor, acoplamento e válvulas de interface, qual solução melhor atende aos requisitos?",3,True,True,True,3,Fácil
80d9d9002a-f0-d0-r2-q4,Produção e Processo (Medição Fiscal e Sistema de Alívio),"Medição Fiscal de óleo, medição fiscal de gás e transferência de custódia em operações de offloading",Média,0.87,"Após offloadings recentes, o navio aliviador reportou alta fração de água recebida. Simulações indicam acúmulo de água na parte inferior da linha em baixas vazões; incrementos de vazão reduzem essa estratificação, embora aumentem o conteúdo instantâneo. Para preservar a integridade metrológica e a qualidade fiscal, qual estratégia é mais adequada?",3,True,True,True,3,Fácil
80d9d9002a-f0-d0-r2-q5,Produção e Processo (Medição Fiscal e Sistema de Alívio),"Medição Fiscal de óleo, medição fiscal de gás e transferência de custódia em operações de offloading",Média,0.94,"A equipe de integridade precisa definir um programa de inspeção da linha de transferência usada no offloading fiscal, visando manter a confiabilidade metrológica e a segurança da transferência de custódia. O escopo inclui identificar perda de metal por corrosão, localizar amassamentos e mapear a espessura de parede em 360° ao longo do duto. Qual estratégia é mais adequada?",0,True,True,True,3,Fácil
80d9d9002a-f0-d0-r7-q0,Produção e Processo (Medição Fiscal e Sistema de Alívio),"Medição Fiscal de óleo, medição fiscal de gás e transferência de custódia em operações de offloading",Difícil,0.89,"Em um FPSO, a equipe observa desgaste acelerado do mangote de offloading e dificuldade de desconexão em emergência quando o navio aliviador precisa manobrar sob mar agitado. Além disso, a seção de medição fiscal próxima ao mangote tem variações por possíveis dobras e instabilidades do escoamento. Qual alteração de projeto melhor endereça simultaneamente a integridade do mangote e a confiabilidade metrológica?",3,True,False,True,2,Média
80d9d9002a-f0-d0-r7-q1,Produção e Processo (Medição Fiscal e Sistema de Alívio),"Medição Fiscal de óleo, medição fiscal de gás e transferência de custódia em operações de offloading",Média,0.88,"Durante o offloading de óleo viscoso, com variação de água e ocasional arraste de gás, há poucos trechos retos e risco de estratificação em partes da linha. Para medição fiscal em transferência de custódia, qual arranjo é mais adequado?",3,True,False,True,2,Média
80d9d9002a-f0-d0-r7-q2,Produção e Processo (Medição Fiscal e Sistema de Alívio),"Medição Fiscal de óleo, medição fiscal de gás e transferência de custódia em operações de offloading",Média,0.85,"Um módulo de exportação de gás em uma unidade de produção apresenta uma curva imediatamente a montante do skid de medição e espaço restrito para trechos retos, com possibilidade de formação de filme de condensado em trechos inclinados. Visando a transferência de custódia, qual solução de medição e instalação tende a preservar melhor a integridade metrológica?",2,True,True,True,3,Fácil
80d9d9002a-f0-d0-r7-q3,Produção e Processo (Medição Fiscal e Sistema de Alívio),"Medição Fiscal de óleo, medição fiscal de gás e transferência de custódia em operações de offloading",Média,0.85,"Após eventos de desconexão em emergência, verificou-se que o movimento do mangote transmite esforços ao trecho medido, alterando a geometria local e impactando a medição fiscal. Qual reconfiguração reduz o risco mecânico e preserva a integridade metrológica?",2,True,False,True,2,Média
80d9d9002a-f0-d0-r7-q4,Produção e Processo (Medição Fiscal e Sistema de Alívio),"Medição Fiscal de óleo, medição fiscal de gás e transferência de custódia em operações de offloading",Média,0.81,"Em um campo com relatos de alta fração de água no início do carregamento do navio aliviador, simulações indicam tendência de concentração de água na parte inferior da linha de transferência em certas vazões. Considerando os requisitos de medição fiscal, qual medida que integra projeto e operação reduz o carreamento de água e aumenta a confiabilidade da transferência de custódia?",2,False,True,True,2,Média
80d9d9002a-f0-d0-r7-q5,Produção e Processo (Medição Fiscal e Sistema de Alívio),"Medição Fiscal de óleo, medição fiscal de gás e transferência de custódia em operações de offloading",Média,0.89,"Após anos de operação, observam-se deriva metrológica e aumento de perdas de carga no sistema de offloading, com trechos enterrados e de difícil acesso. Qual estratégia de manutenção e inspeção é mais adequada para sustentar a integridade da linha e a confiabilidade da medição fiscal?",2,True,True,True,3,Fácil
80d9d9002a-f0-d0-r8-q0,Produção e Processo (Medição Fiscal e Sistema de Alívio),"Medição Fiscal de óleo, medição fiscal de gás e transferência de custódia em operações de offloading",Média,0.88,"Durante o redesenho do trecho de medição fiscal no offloading de um FPSO, a equipe relatou dificuldades de desconexão em emergências e desgaste acelerado do mangote por dobras quando se utilizavam conexões flangeadas. Qual solução de arranjo físico melhor mitiga esses riscos sem comprometer a integridade metrológica do trecho medido?",2,True,True,True,3,Fácil
80d9d9002a-f0-d0-r8-q1,Produção e Processo (Medição Fiscal e Sistema de Alívio),"Medição Fiscal de óleo, medição fiscal de gás e transferência de custódia em operações de offloading",Média,0.87,"Em auditoria de medição fiscal de óleo durante offloading, observou-se viés associado à estratificação, com água concentrada na parte inferior da linha. Para reduzir esse efeito na indicação volumétrica, qual configuração de instalação é mais indicada?",0,True,True,True,3,Fácil
80d9d9002a-f0-d0-r8-q2,Produção e Processo (Medição Fiscal e Sistema de Alívio),"Medição Fiscal de óleo, medição fiscal de gás e transferência de custódia em operações de offloading",Média,0.81,Um FPSO executa offloading de óleo com viscosidade variável e ocorrência intermitente de bolhas de gás dispersas. Pretende-se manter transferência de custódia volumétrica dentro dos requisitos. Qual escolha de tecnologia e arranjo de instalação é mais adequada?,2,True,True,True,3,Fácil
80d9d9002a-f0-d0-r8-q3,Produção e Processo (Medição Fiscal e Sistema de Alívio),"Medição Fiscal de óleo, medição fiscal de gás e transferência de custódia em operações de offloading",Média,0.85,"No projeto de medição fiscal de gás em uma linha de offloading com dupla curva a montante e espaço limitado, há preocupação com uniformidade do perfil de velocidade e eventuais traços de líquido. Qual solução equilibra melhor os requisitos metrológicos e as restrições de implantação?",1,True,True,True,3,Fácil
80d9d9002a-f0-d0-r8-q4,Produção e Processo (Medição Fiscal e Sistema de Alívio),"Medição Fiscal de óleo, medição fiscal de gás e transferência de custódia em operações de offloading",Média,0.8,"Antes do início da medição fiscal no offloading, os procedimentos de deslocamento da linha precisam ser ajustados para reduzir a chegada de água ao navio aliviador e melhorar a representatividade do escoamento no trecho medido. Qual entendimento sobre o efeito da vazão de deslocamento orienta melhor o dimensionamento do trecho de medição e os critérios operacionais?",1,False,False,False,0,Difícil
80d9d9002a-f0-d0-r8-q5,Produção e Processo (Medição Fiscal e Sistema de Alívio),"Medição Fiscal de óleo, medição fiscal de gás e transferência de custódia em operações de offloading",Média,0.89,"Para assegurar a confiabilidade da medição fiscal ao longo do tempo, a integridade da linha de transferência deve ser verificada periodicamente. Considerando limitações de acesso e a necessidade de avaliar perda de material e espessura de parede, qual estratégia de inspeção é mais consistente com as boas práticas descritas?",1,True,True,True,3,Fácil
80d9d9002a-f0-d0-r10-q0,Produção e Processo (Medição Fiscal e Sistema de Alívio),"Medição Fiscal de óleo, medição fiscal de gás e transferência de custódia em operações de offloading",Média,0.87,"Durante uma revisão do arranjo de offloading de um FPSO após um quase-incidente em mar agitado, a equipe constatou desgaste acelerado do mangote por dobras e desvios na medição fiscal, especialmente quando o navio aliviador precisou manobrar. Qual modificação de arranjo deve ser priorizada para reduzir esforços mecânicos no mangote e preservar a integridade metrológica da seção medida?",2,True,True,True,3,Fácil
80d9d9002a-f0-d0-r10-q1,Produção e Processo (Medição Fiscal e Sistema de Alívio),"Medição Fiscal de óleo, medição fiscal de gás e transferência de custódia em operações de offloading",Média,0.85,"Em um offloading conduzido a baixa vazão por restrições logísticas, observou-se aumento de água entregue ao navio aliviador e flutuação no volume fiscal. Considerando a tendência de estratificação e a exigência de perfil uniforme na seção de medição, qual decisão de tecnologia e instalação tende a reduzir o viés na medição?",1,True,True,True,3,Fácil
80d9d9002a-f0-d0-r10-q2,Produção e Processo (Medição Fiscal e Sistema de Alívio),"Medição Fiscal de óleo, medição fiscal de gás e transferência de custódia em operações de offloading",Média,0.89,"No retrofit de um skid de medição fiscal no offloading do FPSO, cogita-se aproximar o medidor do mangote para reduzir o espaço ocupado. Sabendo que o acoplamento BLS fornece articulação para aliviar momentos no conjunto, qual configuração melhor concilia a integridade do mangote com a estabilidade geométrica da seção metrológica?",2,False,False,False,0,Difícil
80d9d9002a-f0-d0-r10-q3,Produção e Processo (Medição Fiscal e Sistema de Alívio),"Medição Fiscal de óleo, medição fiscal de gás e transferência de custódia em operações de offloading",Média,0.85,"Antes de uma transferência de custódia, simulações indicaram tendência de concentração de água na parte inferior da linha de offloading em baixas vazões, com impacto na qualidade do fluido e na exatidão metrológica. Qual ajuste de procedimento e arranjo de instalação melhora a representatividade do escoamento na seção de medição e mitiga a entrega de água ao navio aliviador?",0,True,True,False,2,Média
80d9d9002a-f0-d0-r10-q4,Produção e Processo (Medição Fiscal e Sistema de Alívio),"Medição Fiscal de óleo, medição fiscal de gás e transferência de custódia em operações de offloading",Média,0.9,"Após deriva no fator de medição fiscal e variação de perda de carga, suspeita-se de incrustações e perda de material na linha de transferência parcialmente enterrada. Qual plano de manutenção e inspeção dá suporte mais direto à confiabilidade metrológica e à segurança da transferência?",3,True,True,True,3,Fácil
80d9d9002a-f0-d0-r10-q5,Produção e Processo (Medição Fiscal e Sistema de Alívio),"Medição Fiscal de óleo, medição fiscal de gás e transferência de custódia em operações de offloading",Média,0.89,"Em uma transferência fiscal de gás em que pode ocorrer carreamento de gotículas por separação incompleta a montante, deve-se escolher a tecnologia de medição e o arranjo de instalação de modo a preservar a integridade metrológica. Qual alternativa atende melhor às exigências de homogeneidade do escoamento e representatividade da composição na seção de medição?",2,True,True,True,3,Fácil
80d9d9002a-f0-d0-r11-q0,Produção e Processo (Medição Fiscal e Sistema de Alívio),"Medição Fiscal de óleo, medição fiscal de gás e transferência de custódia em operações de offloading",Média,0.91,"Em um retrofit do sistema de offloading de um FPSO, considera-se trocar a conexão flangeada entre a linha de transferência e o mangote por um acoplamento BLS com interface NSV. Buscando reduzir problemas operacionais sem comprometer a medição fiscal, qual fundamento técnico melhor apoia essa substituição?",0,True,True,False,2,Média
80d9d9002a-f0-d0-r11-q1,Produção e Processo (Medição Fiscal e Sistema de Alívio),"Medição Fiscal de óleo, medição fiscal de gás e transferência de custódia em operações de offloading",Média,0.93,"Em testes de comissionamento da linha de offloading, verificou-se que, após o deslocamento, permanece água residual com tendência de concentração na parte inferior da tubulação. Para definir a posição do skid de medição fiscal, qual arranjo tende a produzir uma medição mais representativa da corrente transferida?",0,True,True,True,3,Fácil
80d9d9002a-f0-d0-r11-q2,Produção e Processo (Medição Fiscal e Sistema de Alívio),"Medição Fiscal de óleo, medição fiscal de gás e transferência de custódia em operações de offloading",Média,0.88,"Em um FPSO, a engenharia deve especificar a medição fiscal de duas correntes: óleo na linha de offloading, com água residual e eventuais bolhas em partidas e deslocamentos, e gás tratado em linha dedicada. Qual seleção é tecnicamente mais consistente para transferência de custódia?",3,True,True,True,3,Fácil
80d9d9002a-f0-d0-r11-q3,Produção e Processo (Medição Fiscal e Sistema de Alívio),"Medição Fiscal de óleo, medição fiscal de gás e transferência de custódia em operações de offloading",Difícil,0.91,"Na análise operacional de uma linha de offloading, simulações indicam que aumentar a vazão de deslocamento eleva o resíduo instantâneo na linha, mas reduz o tempo de decaimento do conteúdo indesejado. Como esse resultado deve influenciar o projeto e o procedimento de medição fiscal?",1,True,False,False,1,Difícil
80d9d9002a-f0-d0-r11-q4,Produção e Processo (Medição Fiscal e Sistema de Alívio),"Medição Fiscal de óleo, medição fiscal de gás e transferência de custódia em operações de offloading",Média,0.9,"Uma linha de transferência com trechos de difícil acesso passou a apresentar desvios graduais entre volumes fiscais e expectativa operacional. Há suspeita de perda de metal, amassamentos e incrustações que possam estar alterando a integridade da tubulação e, por consequência, a confiabilidade da medição. Qual abordagem de manutenção é mais aderente a esse cenário?",1,True,True,True,3,Fácil
80d9d9002a-f0-d0-r11-q5,Produção e Processo (Medição Fiscal e Sistema de Alívio),"Medição Fiscal de óleo, medição fiscal de gás e transferência de custódia em operações de offloading",Média,0.94,"Durante a revisão de detalhamento, surgiu a proposta de rigidizar a conexão entre o skid de medição fiscal e o mangote para reduzir vibração local. Considerando os movimentos relativos entre FPSO e navio aliviador, qual é a avaliação mais adequada?",0,True,True,True,3,Fácil
80d9d9002a-f0-d0-r12-q0,Produção e Processo (Medição Fiscal e Sistema de Alívio),"Medição Fiscal de óleo, medição fiscal de gás e transferência de custódia em operações de offloading",Média,0.89,"Durante campanhas de offloading em um FPSO, a equipe relata duas ocorrências recorrentes na interface com o navio aliviador: dificuldade de desconexão em emergência quando há mau posicionamento relativo das embarcações e desgaste acelerado do mangote por dobramento excessivo próximo à conexão. Considerando simultaneamente segurança operacional e confiabilidade da medição fiscal, qual alteração de projeto é a mais consistente?",0,True,True,True,3,Fácil
80d9d9002a-f0-d0-r12-q1,Produção e Processo (Medição Fiscal e Sistema de Alívio),"Medição Fiscal de óleo, medição fiscal de gás e transferência de custódia em operações de offloading",Média,0.89,"Um FPSO vai instalar um novo skid de medição fiscal de óleo para offloading. A corrente transferida pode apresentar, em alguns períodos, água residual do deslocamento da linha e pequenas quantidades de gás disperso, além de variações de viscosidade do óleo. Qual critério de seleção e instalação do medidor melhor atende ao objetivo de transferência de custódia?",2,True,True,True,3,Fácil
80d9d9002a-f0-d0-r12-q2,Produção e Processo (Medição Fiscal e Sistema de Alívio),"Medição Fiscal de óleo, medição fiscal de gás e transferência de custódia em operações de offloading",Média,0.91,"Após várias operações de offloading, os navios aliviadores passaram a receber óleo com teor de água acima do esperado. Simulações do trecho de transferência indicam tendência de a água se concentrar na parte inferior da linha, com redução dessa preferência quando a vazão aumenta. Qual ação de projeto e operação é mais coerente para proteger a qualidade fiscal da transferência?",1,True,False,True,2,Média
80d9d9002a-f0-d0-r12-q3,Produção e Processo (Medição Fiscal e Sistema de Alívio),"Medição Fiscal de óleo, medição fiscal de gás e transferência de custódia em operações de offloading",Média,0.91,"Na definição do layout de um sistema de medição fiscal para offloading, surgiu um impasse. Um grupo defende instalar o medidor imediatamente antes da interface com o mangote para reduzir o volume entre medição e transferência. Outro propõe posicioná-lo mais a montante, em um trecho com melhor perfil de escoamento e menor influência mecânica da conexão articulada. Qual avaliação é tecnicamente mais sólida?",1,True,False,False,1,Difícil
80d9d9002a-f0-d0-r12-q4,Produção e Processo (Medição Fiscal e Sistema de Alívio),"Medição Fiscal de óleo, medição fiscal de gás e transferência de custódia em operações de offloading",Difícil,0.85,"Um sistema de offloading passou a apresentar desvio gradual entre campanhas: a perda de carga da linha aumentou, o fator do medidor tem mostrado maior dispersão entre verificações e há suspeita de corrosão interna combinada com incrustação em trechos de difícil acesso. Qual estratégia de integridade oferece o diagnóstico mais útil para sustentar a confiabilidade metrológica do sistema?",3,True,True,True,3,Fácil
80d9d9002a-f0-d0-r12-q5,Produção e Processo (Medição Fiscal e Sistema de Alívio),"Medição Fiscal de óleo, medição fiscal de gás e transferência de custódia em operações de offloading",Média,0.9,"Um FPSO precisa definir a concepção de uma medição fiscal de gás para transferência de custódia. As alternativas tecnológicas em análise são placa de orifício, turbina e ultrassônico. O histórico operacional mostra possibilidade de arraste ocasional de líquido e perturbações de perfil geradas por elementos a montante. Qual premissa de projeto melhor orienta a escolha?",1,True,True,True,3,Fácil
80d9d9002a-f0-d0-r13-q0,Produção e Processo (Medição Fiscal e Sistema de Alívio),"Medição Fiscal de óleo, medição fiscal de gás e transferência de custódia em operações de offloading",Média,0.87,"Durante o detalhamento do sistema de medição fiscal para offloading de um FPSO, a equipe identificou dois problemas recorrentes em campanhas anteriores: dificuldade de desconexão quando o navio aliviador perde posicionamento e desgaste prematuro do mangote por flexão excessiva na região de interface. Qual solução de arranjo físico ataca simultaneamente esses dois mecanismos sem transferir esforços indevidos ao trecho medido?",2,True,True,True,3,Fácil
80d9d9002a-f0-d0-r13-q1,Produção e Processo (Medição Fiscal e Sistema de Alívio),"Medição Fiscal de óleo, medição fiscal de gás e transferência de custódia em operações de offloading",Média,0.91,"Em um sistema de medição fiscal de óleo no offloading de um FPSO, a linha pode apresentar, nos transientes de partida e de deslocamento, água livre no trecho inferior da tubulação e bolhas de gás dispersas. Entre as especificações abaixo, qual melhor atende aos critérios de escolha da tecnologia de medição?",3,True,True,True,3,Fácil
80d9d9002a-f0-d0-r13-q3,Produção e Processo (Medição Fiscal e Sistema de Alívio),"Medição Fiscal de óleo, medição fiscal de gás e transferência de custódia em operações de offloading",Média,0.92,"Na revisão de layout, o medidor fiscal foi posicionado logo após uma mudança de direção e antes de um trecho em que a tubulação desce em direção ao mangote. Simulações indicaram acúmulo preferencial de água na parte inferior da linha nessa região. Qual ajuste de projeto mais contribui para preservar a integridade metrológica?",2,True,True,True,3,Fácil
80d9d9002a-f0-d0-r13-q5,Produção e Processo (Medição Fiscal e Sistema de Alívio),"Medição Fiscal de óleo, medição fiscal de gás e transferência de custódia em operações de offloading",Média,0.9,"Após um período sem intervenções, um FPSO passou a registrar divergências recorrentes entre a medição fiscal no offloading e os balanços do navio aliviador. A calibração do medidor permanece válida, mas há suspeita de deterioração na linha de transferência e de alteração do escoamento. Qual ação de integridade fornece a base técnica mais robusta para investigar a causa sem se limitar aos pontos acessíveis externamente?",0,True,True,True,3,Fácil
80d9d9002a-f0-d0-r14-q0,Produção e Processo (Medição Fiscal e Sistema de Alívio),"Medição Fiscal de óleo, medição fiscal de gás e transferência de custódia em operações de offloading",Média,0.91,"Em um FPSO, o conjunto de medição fiscal foi conectado ao mangote de offloading por flanges convencionais. Em campanhas recentes, houve dificuldade de desconexão em emergência, desgaste acelerado do mangote e indícios de esforços mecânicos chegando ao trecho medido quando o navio aliviador saía da posição ideal. Qual revisão de arranjo tende a atacar o problema de forma mais consistente?",3,True,True,True,3,Fácil
80d9d9002a-f0-d0-r14-q1,Produção e Processo (Medição Fiscal e Sistema de Alívio),"Medição Fiscal de óleo, medição fiscal de gás e transferência de custódia em operações de offloading",Média,0.93,"Na revisão do layout de um skid de medição fiscal de óleo para offloading, propõe-se instalar o medidor logo após uma curva da linha e em um ponto baixo, onde a montagem estrutural é mais simples. A corrente é suscetível a arraste de água residual durante o deslocamento da linha. Qual avaliação é mais adequada?",1,True,True,True,3,Fácil
80d9d9002a-f0-d0-r14-q2,Produção e Processo (Medição Fiscal e Sistema de Alívio),"Medição Fiscal de óleo, medição fiscal de gás e transferência de custódia em operações de offloading",Média,0.82,"Uma equipe quer padronizar a medição fiscal de um FPSO para reduzir sobressalentes. A solução deve atender a uma linha de petróleo para offloading e a uma linha de gás em transferência de custódia, sem desconsiderar o regime de escoamento na instalação. Qual alternativa melhor atende a esse objetivo?",2,True,True,True,3,Fácil
80d9d9002a-f0-d0-r14-q4,Produção e Processo (Medição Fiscal e Sistema de Alívio),"Medição Fiscal de óleo, medição fiscal de gás e transferência de custódia em operações de offloading",Média,0.92,"Em um projeto conceitual, para economizar suportes, sugeriu-se prender rigidamente o trecho de medição fiscal ao conjunto de interface com o mangote, deixando a articulação concentrada apenas no ponto de conexão ao navio aliviador. Sob ação de movimentos relativos entre FPSO e aliviador, qual risco técnico justifica rever essa solução?",0,True,True,True,3,Fácil
80d9d9002a-f0-d0-r14-q5,Produção e Processo (Medição Fiscal e Sistema de Alívio),"Medição Fiscal de óleo, medição fiscal de gás e transferência de custódia em operações de offloading",Média,0.91,"Após alguns anos de operação, a medição fiscal na linha de transferência passa a mostrar maior variabilidade entre campanhas, sem evidência clara de falha do medidor em bancada. Há suspeita de corrosão interna, incrustação e pequenas deformações ao longo do trecho até o ponto de offloading. Qual abordagem de integridade oferece a melhor base para decidir intervenções sem se limitar aos componentes acessíveis do skid?",3,True,True,True,3,Fácil
80d9d9002a-f0-d0-r15-q0,Produção e Processo (Medição Fiscal e Sistema de Alívio),"Medição Fiscal de óleo, medição fiscal de gás e transferência de custódia em operações de offloading",Média,0.93,"Em uma modificação no sistema de offloading de um FPSO, foi proposto substituir o acoplamento articulado entre a linha de transferência e o mangote por uma conexão flangeada rígida, instalada logo após o skid de medição fiscal, para simplificar montagem e reduzir componentes. Considerando segurança operacional e integridade metrológica, qual avaliação é mais adequada?",1,True,False,False,1,Difícil
80d9d9002a-f0-d0-r15-q1,Produção e Processo (Medição Fiscal e Sistema de Alívio),"Medição Fiscal de óleo, medição fiscal de gás e transferência de custódia em operações de offloading",Fácil,0.94,"Durante o detalhamento do layout da linha de offloading, a equipe precisa definir o posicionamento do medidor fiscal em relação a curvas, pontos baixos e à interface com o mangote. Qual arranjo tende a produzir uma medição mais representativa da corrente transferida?",0,True,True,True,3,Fácil
80d9d9002a-f0-d0-r15-q2,Produção e Processo (Medição Fiscal e Sistema de Alívio),"Medição Fiscal de óleo, medição fiscal de gás e transferência de custódia em operações de offloading",Média,0.92,"Uma operação de offloading apresenta, após o deslocamento da linha, pequenas quantidades de água e gás dispersos no óleo durante o início da transferência. A equipe deve selecionar a tecnologia de medição fiscal de óleo entre as convencionalmente aceitas. Qual critério de decisão é mais robusto para esse cenário?",2,True,True,True,3,Fácil
80d9d9002a-f0-d0-r15-q3,Produção e Processo (Medição Fiscal e Sistema de Alívio),"Medição Fiscal de óleo, medição fiscal de gás e transferência de custódia em operações de offloading",Média,0.89,"Em um projeto de FPSO, a equipe de engenharia quer padronizar a filosofia de medição fiscal usando a mesma família de medidores para óleo e gás, com o argumento de simplificar manutenção e sobressalentes. Para a linha fiscal de gás, qual posicionamento técnico é mais consistente?",2,True,False,False,1,Difícil
80d9d9002a-f0-d0-r15-q4,Produção e Processo (Medição Fiscal e Sistema de Alívio),"Medição Fiscal de óleo, medição fiscal de gás e transferência de custódia em operações de offloading",Difícil,0.93,"Nos testes de deslocamento da linha de offloading, verificou-se que vazões mais elevadas aumentam o resíduo instantâneo de água/TOG no início do processo, mas reduzem o tempo de decaimento desse conteúdo indesejado. Considerando os impactos sobre medição fiscal e qualidade do fluido transferido, qual decisão de projeto e operação é mais adequada?",3,True,True,True,3,Fácil
80d9d9002a-f0-d0-r15-q5,Produção e Processo (Medição Fiscal e Sistema de Alívio),"Medição Fiscal de óleo, medição fiscal de gás e transferência de custódia em operações de offloading",Média,0.92,"Meses após a partida de um sistema de transferência de custódia, a dispersão entre a medição fiscal e os indicadores de inventário aumentou gradualmente. Não há indícios visuais de vazamento externo, e parte da tubulação de transferência é de difícil acesso. Qual ação técnica melhor investiga uma causa física do desvio e contribui para a prevenção de novas perdas de desempenho?",1,True,True,True,3,Fácil
80d9d9002a-f0-d0-r16-q0,Produção e Processo (Medição Fiscal e Sistema de Alívio),"Medição Fiscal de óleo, medição fiscal de gás e transferência de custódia em operações de offloading",Média,0.9,"Durante campanhas de offloading em um FPSO, a equipe relata dois problemas recorrentes na interface com o navio aliviador: dificuldade de desconexão em emergência quando o posicionamento relativo degrada e desgaste prematuro das camadas externas do mangote por dobramento. Qual modificação de projeto tende a atacar as duas causas de forma mais direta sem penalizar a transferência de custódia?",3,False,False,True,1,Difícil
80d9d9002a-f0-d0-r16-q1,Produção e Processo (Medição Fiscal e Sistema de Alívio),"Medição Fiscal de óleo, medição fiscal de gás e transferência de custódia em operações de offloading",Média,0.93,"Na revisão de layout de um sistema de medição fiscal de offloading, verificou-se que o medidor de óleo foi previsto logo após um trecho sujeito a segregação água/óleo e próximo da região em que o mangote muda de direção para acompanhar o movimento relativo entre as embarcações. Se o objetivo é preservar a exatidão metrológica, qual ajuste de instalação é mais consistente?",1,True,True,True,3,Fácil
80d9d9002a-f0-d0-r16-q2,Produção e Processo (Medição Fiscal e Sistema de Alívio),"Medição Fiscal de óleo, medição fiscal de gás e transferência de custódia em operações de offloading",Média,0.83,"Um projeto de offloading precisa definir a tecnologia de medição fiscal de óleo em uma linha que, durante parte da operação, pode carregar pequenas quantidades de água e gás dispersos em função do procedimento de deslocamento. Além da transferência de custódia exigir indicação volumétrica, a equipe quer evitar escolhas que se tornem sensíveis à instalação. Qual proposta está mais alinhada aos critérios de seleção e integridade metrológica?",0,True,False,False,1,Difícil
80d9d9002a-f0-d0-r16-q3,Produção e Processo (Medição Fiscal e Sistema de Alívio),"Medição Fiscal de óleo, medição fiscal de gás e transferência de custódia em operações de offloading",Média,0.92,"Em testes de deslocamento da linha de offloading, simulações indicaram que a água residual tende a se concentrar na parte inferior da tubulação; em vazões maiores, essa preferência diminui, mas o resíduo instantâneo na linha pode aumentar antes de decair mais rapidamente. Para definir o trecho de medição e o procedimento operacional, qual decisão é mais robusta?",3,True,False,True,2,Média
80d9d9002a-f0-d0-r16-q4,Produção e Processo (Medição Fiscal e Sistema de Alívio),"Medição Fiscal de óleo, medição fiscal de gás e transferência de custódia em operações de offloading",Fácil,0.93,"Na medição fiscal de gás em uma linha associada à unidade, três tecnologias são consideradas aceitáveis pelo projeto. Contudo, o ponto inicialmente escolhido fica após uma perturbação hidráulica que distorce o perfil de velocidade. Qual encaminhamento técnico melhor preserva a confiabilidade da transferência de custódia?",1,True,True,True,3,Fácil
80d9d9002a-f0-d0-r16-q5,Produção e Processo (Medição Fiscal e Sistema de Alívio),"Medição Fiscal de óleo, medição fiscal de gás e transferência de custódia em operações de offloading",Média,0.92,"Após meses de operação, surgem desvios recorrentes entre o volume medido no FPSO e o volume recebido no sistema de alívio, sem evidência imediata de vazamento externo. A engenharia suspeita de degradação interna da linha de transferência e de alterações geométricas que possam afetar a medição. Qual estratégia de integridade oferece o diagnóstico mais completo para sustentar manutenção preventiva e confiabilidade metrológica?",2,True,True,True,3,Fácil
80d9d9002a-f0-d0-r17-q0,Produção e Processo (Medição Fiscal e Sistema de Alívio),"Medição Fiscal de óleo, medição fiscal de gás e transferência de custódia em operações de offloading",Média,0.92,"Durante a revisão do sistema de offloading de um FPSO, a equipe identifica dois problemas recorrentes na interface com o navio aliviador: dificuldade de desacoplamento quando o posicionamento relativo se degrada e desgaste prematuro das camadas externas do mangote por dobramento excessivo. Qual modificação de projeto ataca de forma mais direta as duas causas ao mesmo tempo?",1,True,True,True,3,Fácil
80d9d9002a-f0-d0-r17-q1,Produção e Processo (Medição Fiscal e Sistema de Alívio),"Medição Fiscal de óleo, medição fiscal de gás e transferência de custódia em operações de offloading",Média,0.92,"Em testes de transferência de custódia, observou-se variação sistemática na medição quando a linha opera após deslocamento com presença residual de água. A investigação mostra tendência de concentração da água na geratriz inferior do trecho de offloading. Na definição do ponto de medição fiscal, qual critério de instalação melhor reduz o risco metrológico nesse cenário?",0,False,True,False,1,Difícil
80d9d9002a-f0-d0-r17-q2,Produção e Processo (Medição Fiscal e Sistema de Alívio),"Medição Fiscal de óleo, medição fiscal de gás e transferência de custódia em operações de offloading",Média,0.91,"Em um FPSO, busca-se uma filosofia padronizada para medição fiscal de óleo e gás nas linhas de transferência. Considerando diferenças de densidade, viscosidade e a possível ocorrência de estratificação ou fases dispersas, qual especificação é tecnicamente mais consistente?",0,False,False,False,0,Difícil
80d9d9002a-f0-d0-r17-q4,Produção e Processo (Medição Fiscal e Sistema de Alívio),"Medição Fiscal de óleo, medição fiscal de gás e transferência de custódia em operações de offloading",Média,0.94,"Num retrofit de offloading, o skid de medição fiscal ficou muito próximo da conexão com o mangote, e a ligação rígida passou a transferir ao conjunto os esforços gerados pelo movimento relativo entre FPSO e navio aliviador. Mesmo sem vazamentos em regime normal, a engenharia identifica risco à exatidão metrológica e à integridade mecânica. Qual solução de projeto responde melhor a esse quadro?",1,True,True,True,3,Fácil
80d9d9002a-f0-d0-r17-q5,Produção e Processo (Medição Fiscal e Sistema de Alívio),"Medição Fiscal de óleo, medição fiscal de gás e transferência de custódia em operações de offloading",Fácil,0.88,"Uma linha de transferência de offloading apresenta tendência de deriva na medição fiscal ao longo dos meses, e a hipótese principal é perda de integridade interna da tubulação em trechos de difícil acesso. Para estruturar um programa de inspeção que ajude tanto a manutenção preventiva quanto a confiabilidade metrológica, qual combinação de técnicas é a mais aderente?",2,True,True,True,3,Fácil
80d9d9002a-f0-d0-r18-q0,Produção e Processo (Medição Fiscal e Sistema de Alívio),"Medição Fiscal de óleo, medição fiscal de gás e transferência de custódia em operações de offloading",Média,0.88,"Durante a revisão do sistema de offloading de um FPSO, verificou-se que o conjunto de medição fiscal fica na interface com a linha de transferência e o mangote do navio aliviador. Em campanhas com mar mais severo, ocorreram dificuldade de desconexão em emergência e aumento da frequência de troca do mangote por desgaste externo. Qual solução de projeto trata de forma mais direta essas duas causas?",0,True,True,True,3,Fácil
80d9d9002a-f0-d0-r18-q2,Produção e Processo (Medição Fiscal e Sistema de Alívio),"Medição Fiscal de óleo, medição fiscal de gás e transferência de custódia em operações de offloading",Difícil,0.89,"Após algumas operações de offloading, o óleo entregue ao navio aliviador tem apresentado teor de água acima do esperado. Simulações da linha indicam tendência de a água se concentrar na parte inferior do duto, menos perceptível em vazões mais altas; ao mesmo tempo, vazões maiores elevam o resíduo instantâneo, mas aceleram o decaimento temporal do conteúdo indesejado. Qual resposta de projeto e operação é mais adequada para a medição fiscal?",3,False,False,True,1,Difícil
80d9d9002a-f0-d0-r18-q3,Produção e Processo (Medição Fiscal e Sistema de Alívio),"Medição Fiscal de óleo, medição fiscal de gás e transferência de custódia em operações de offloading",Média,0.91,"Na integração entre o skid de medição fiscal, a linha de transferência e o mangote, a equipe discute como acomodar a movimentação relativa entre FPSO e navio aliviador sem degradar a exatidão da medição. Qual arranjo atende melhor, ao mesmo tempo, à compatibilização mecânica e à integridade hidrodinâmica da seção medida?",3,False,True,True,2,Média
80d9d9002a-f0-d0-r18-q4,Produção e Processo (Medição Fiscal e Sistema de Alívio),"Medição Fiscal de óleo, medição fiscal de gás e transferência de custódia em operações de offloading",Fácil,0.89,"Em uma linha de medição fiscal de gás do FPSO, pretende-se reaproveitar critérios de layout do sistema de líquidos, mas o trecho disponível logo após uma válvula de controle gera forte perturbação do perfil de velocidade. Considerando as tecnologias convencionais aceitas para gás, qual decisão é mais apropriada?",3,True,False,True,2,Média
80d9d9002a-f0-d0-r18-q5,Produção e Processo (Medição Fiscal e Sistema de Alívio),"Medição Fiscal de óleo, medição fiscal de gás e transferência de custódia em operações de offloading",Média,0.91,"Um sistema de transferência associado à medição fiscal vem apresentando maior variabilidade operacional, e há suspeita de corrosão interna, amassamentos localizados e incrustações ao longo de trechos pouco acessíveis. Qual estratégia de integridade contribui de forma mais direta para preservar a confiabilidade metrológica e a segurança da transferência de custódia?",0,True,True,True,3,Fácil
80d9d9002a-f0-d0-r19-q0,Produção e Processo (Medição Fiscal e Sistema de Alívio),"Medição Fiscal de óleo, medição fiscal de gás e transferência de custódia em operações de offloading",Média,0.92,"Na revisão do arranjo de offloading de um FPSO, a equipe pretende manter a conexão entre a linha de transferência e o mangote por flanges aparafusados, porque isso simplifica a fabricação. A operação, porém, relata dois problemas recorrentes: dificuldade de desconexão em emergência quando o navio aliviador se desloca da posição ideal e desgaste acelerado do mangote por dobramento. Qual alternativa endereça melhor esses dois riscos sem criar um arranjo desfavorável para a medição fiscal?",1,True,True,True,3,Fácil
80d9d9002a-f0-d0-r19-q2,Produção e Processo (Medição Fiscal e Sistema de Alívio),"Medição Fiscal de óleo, medição fiscal de gás e transferência de custódia em operações de offloading",Média,0.94,"Em testes de aceitação de uma nova estação de medição fiscal no offloading, observou-se grande variabilidade no teor de água atribuído à carga transferida. A linha possui um trecho horizontal longo, com um ponto baixo antes do medidor, e simulações indicam tendência de a água se concentrar na região inferior, sobretudo em vazões mais baixas. Qual intervenção de projeto e operação é mais coerente com a integridade metrológica requerida?",2,True,True,True,3,Fácil
80d9d9002a-f0-d0-r19-q4,Produção e Processo (Medição Fiscal e Sistema de Alívio),"Medição Fiscal de óleo, medição fiscal de gás e transferência de custódia em operações de offloading",Difícil,0.86,"Após algumas operações de offloading, o navio aliviador passou a receber mais água do que o esperado na etapa final de deslocamento da linha. Em uma reunião de otimização, surgiu a dúvida entre reduzir ou elevar a vazão de deslocamento. Qual conclusão melhor representa esse comportamento?",2,False,False,False,0,Difícil
80d9d9002a-f0-d0-r20-q0,Produção e Processo (Medição Fiscal e Sistema de Alívio),"Medição Fiscal de óleo, medição fiscal de gás e transferência de custódia em operações de offloading",Média,0.89,"Em uma revisão de projeto do sistema de offloading de um FPSO, a equipe identificou dois problemas recorrentes no arranjo entre a linha de transferência e o mangote do navio aliviador: dificuldade de desconexão em emergência quando há mau posicionamento relativo entre as embarcações e aumento de desgaste externo do mangote por curvatura excessiva. Qual modificação de projeto tende a atacar melhor os dois problemas ao mesmo tempo?",3,False,False,True,1,Difícil
80d9d9002a-f0-d0-r20-q1,Produção e Processo (Medição Fiscal e Sistema de Alívio),"Medição Fiscal de óleo, medição fiscal de gás e transferência de custódia em operações de offloading",Média,0.94,"Durante o detalhamento da instalação de um skid de medição fiscal de óleo para offloading, simulações indicaram segregação parcial de água no fundo da linha em certos regimes de vazão. A equipe precisa definir o trecho de medição. Qual escolha é mais consistente com a integridade metrológica do sistema?",1,True,True,True,3,Fácil
80d9d9002a-f0-d0-r20-q2,Produção e Processo (Medição Fiscal e Sistema de Alívio),"Medição Fiscal de óleo, medição fiscal de gás e transferência de custódia em operações de offloading",Média,0.88,"Em uma linha de exportação de gás de unidade offshore, ocorrem episódios de arraste de líquido quando a separação a montante sai da faixa ideal. Na definição da medição fiscal para transferência de custódia, qual premissa de projeto é a mais adequada?",1,False,False,True,1,Difícil
80d9d9002a-f0-d0-r20-q3,Produção e Processo (Medição Fiscal e Sistema de Alívio),"Medição Fiscal de óleo, medição fiscal de gás e transferência de custódia em operações de offloading",Difícil,0.86,"Nos testes de comissionamento de uma linha de offloading, observou-se que a quantidade de água residual enviada ao navio aliviador varia sensivelmente com a estratégia de deslocamento da linha. Parte da equipe defende reduzir a vazão de deslocamento para diminuir o arraste; outra parte propõe aumentar a vazão para limpar a linha mais rapidamente. Qual interpretação melhor sustenta a definição do procedimento operacional?",0,False,True,True,2,Média
2f51e62cdd-f0-d0-r1-q0,"Segurança Operacional, SGSO, Sistemas de Segurança e Gestão de Riscos",SGSO,Média,0.87,"No comitê de direção de um FPSO, a alta gestão afirma que várias práticas do SGSO já constam em regulamentos e propõe congelar o orçamento do programa de integração. Qual decisão gerencial é mais coerente com liderança, alocação de recursos e melhoria contínua?",2,True,True,True,3,Fácil
2f51e62cdd-f0-d0-r1-q1,"Segurança Operacional, SGSO, Sistemas de Segurança e Gestão de Riscos",SGSO,Média,0.92,"Durante a elaboração da matriz de correlação exigida pela ANP, a equipe constata que o organograma não explicita quem responde por práticas de gestão do SGSO. Qual abordagem melhor assegura a ligação entre arranjo organizacional, processos e práticas?",2,True,True,True,3,Fácil
2f51e62cdd-f0-d0-r1-q2,"Segurança Operacional, SGSO, Sistemas de Segurança e Gestão de Riscos",SGSO,Média,0.91,"Após um incidente a bordo do FPSO, a investigação interna apontou falhas nos canais de comunicação entre a equipe embarcada e a gestão em terra, além de registros inconsistentes de não conformidades. Qual ação gerencial demonstra compromisso e sustenta a cultura de segurança prevista no SGSO?",1,True,True,True,3,Fácil
2f51e62cdd-f0-d0-r1-q3,"Segurança Operacional, SGSO, Sistemas de Segurança e Gestão de Riscos",SGSO,Média,0.91,"Na integração de uma nova contratada de manutenção para o FPSO, surgem divergências sobre expectativas de segurança e responsabilidades nas interfaces. Com recursos limitados, qual estratégia de gestão melhor atende às práticas do SGSO para contratadas e fatores humanos?",2,True,True,True,3,Fácil
2f51e62cdd-f0-d0-r1-q4,"Segurança Operacional, SGSO, Sistemas de Segurança e Gestão de Riscos",SGSO,Média,0.87,"Uma equipe do FPSO está preparando o Descritivo da Unidade Marítima, a matriz de correlação e o relatório da Concessão, e considera suficientes descrições de alto nível para cumprir prazos. Qual alternativa reforça a conformidade e a capacidade de demonstrar o atendimento às práticas do SGSO?",1,False,True,True,2,Média
2f51e62cdd-f0-d0-r2-q1,"Segurança Operacional, SGSO, Sistemas de Segurança e Gestão de Riscos",SGSO,Fácil,0.9,"Após um quase-incidente no FPSO, a direção quer comprovações concretas, dentro do SGSO, de que o compromisso com a segurança está sendo exercido. Que decisão gerencial mais integra patrocínio da alta liderança, transparência interna e um ciclo de aperfeiçoamento?",1,True,True,True,3,Fácil
2f51e62cdd-f0-d0-r2-q2,"Segurança Operacional, SGSO, Sistemas de Segurança e Gestão de Riscos",SGSO,Média,0.86,"Na revisão do orçamento do SGSO, a diretoria observa que diversas práticas já estão cobertas por regulamentos técnicos e questiona investimentos adicionais. Qual abordagem técnica sustenta uma alocação de recursos equilibrada?",1,True,True,True,3,Fácil
2f51e62cdd-f0-d0-r2-q4,"Segurança Operacional, SGSO, Sistemas de Segurança e Gestão de Riscos",SGSO,Média,0.89,"Ao engajar uma empresa de manutenção para um FPSO, a operadora deve evidenciar compromisso gerencial na integração com seu sistema de segurança operacional, incluindo aspectos de ergonomia e interfaces de operação. Qual abordagem demonstra essa responsabilidade na gestão de contratadas?",2,True,True,True,3,Fácil
2f51e62cdd-f0-d0-r2-q5,"Segurança Operacional, SGSO, Sistemas de Segurança e Gestão de Riscos",SGSO,Fácil,0.86,"O comitê de segurança do FPSO quer fortalecer a cultura de segurança e medir a efetividade das iniciativas. Entre as propostas, qual conjunto de ações é mais aderente às práticas do SGSO e favorece a melhoria contínua?",3,True,True,True,3,Fácil
2f51e62cdd-f0-d0-r3-q0,"Segurança Operacional, SGSO, Sistemas de Segurança e Gestão de Riscos",SGSO,Média,0.87,Uma operadora de FPSO possui um sistema já alinhado à Resolução ANP <NUMBER> e pretende iniciar operações. A gerência argumenta que a sobreposição entre requisitos reduzirá esforços adicionais. Qual decisão mais coerente com o SGSO para equilibrar conformidade e desempenho de segurança?,3,True,True,True,3,Fácil
2f51e62cdd-f0-d0-r3-q1,"Segurança Operacional, SGSO, Sistemas de Segurança e Gestão de Riscos",SGSO,Média,0.91,"Durante a investigação de um incidente, verificou-se que os papéis de gestão e os fluxos de reporte estavam pouco definidos, dificultando a implementação de ações corretivas. Para fortalecer o SGSO e evidenciar conformidade, qual abordagem é mais apropriada?",3,True,True,True,3,Fácil
2f51e62cdd-f0-d0-r3-q2,"Segurança Operacional, SGSO, Sistemas de Segurança e Gestão de Riscos",SGSO,Média,0.94,"Em auditoria interna, constatou-se que não conformidades críticas circulam por e-mail sem trilha de rastreio e que ações corretivas não se conectam a lições aprendidas. Qual redesenho de comunicação e gestão da informação é mais alinhado ao SGSO?",3,True,True,True,3,Fácil
2f51e62cdd-f0-d0-r3-q3,"Segurança Operacional, SGSO, Sistemas de Segurança e Gestão de Riscos",SGSO,Média,0.9,"Uma contratada de manutenção no topside apresenta oscilações de performance e registros de desconforto ocupacional. À luz do SGSO, qual ação gerencial fortalece a interface e reduz o risco operacional?",0,True,True,True,3,Fácil
2f51e62cdd-f0-d0-r3-q4,"Segurança Operacional, SGSO, Sistemas de Segurança e Gestão de Riscos",SGSO,Média,0.9,"Mesmo após ações de capacitação e campanhas, o reporte de quase-incidentes segue baixo e os desvios se repetem. No SGSO, qual ajuste de gestão é mais adequado a esse cenário?",3,True,True,True,3,Fácil
2f51e62cdd-f0-d0-r3-q5,"Segurança Operacional, SGSO, Sistemas de Segurança e Gestão de Riscos",SGSO,Média,0.93,"Durante uma verificação de compliance, a equipe constata que gestão de barreiras e aplicação de métodos formais de análise de risco não aparecem de forma explícita nos artefatos requeridos (por exemplo, DUM e matriz de correlação). Qual resposta gerencial alinhada ao SGSO é mais adequada?",1,True,True,True,3,Fácil
2f51e62cdd-f0-d0-r5-q0,"Segurança Operacional, SGSO, Sistemas de Segurança e Gestão de Riscos",SGSO,Média,0.94,"Na preparação da matriz de correlação a ser enviada à ANP, o gestor deve mostrar como o SGSO se integra à organização e às rotinas operacionais. Que formato de matriz melhor garante rastreabilidade entre requisitos, funções, fluxos de trabalho e comprovações?",1,True,True,True,3,Fácil
2f51e62cdd-f0-d0-r5-q3,"Segurança Operacional, SGSO, Sistemas de Segurança e Gestão de Riscos",SGSO,Média,0.92,"A equipe precisa organizar os fluxos de comunicação e a gestão documental para que riscos, não conformidades e ações corretivas sejam comunicados e rastreáveis, além de viabilizar auditoria/fiscalização e o mapeamento aos requisitos da ANP. Qual desenho de sistema atende a esses objetivos?",0,True,True,True,3,Fácil
2f51e62cdd-f0-d0-r5-q4,"Segurança Operacional, SGSO, Sistemas de Segurança e Gestão de Riscos",SGSO,Média,0.94,"Uma FPSO opera com múltiplas contratadas, com práticas de segurança heterogêneas. O gestor deve assegurar que as interfaces com terceiros e os fatores humanos estejam conformes ao SGSO. Qual abordagem está mais alinhada às práticas de gestão requeridas?",0,True,True,True,3,Fácil
2f51e62cdd-f0-d0-r5-q5,"Segurança Operacional, SGSO, Sistemas de Segurança e Gestão de Riscos",SGSO,Média,0.91,"Comparativos internos mostram sobreposição entre o SGSO e a regulação vigente, mas evidenciam falhas no controle de barreiras e na aplicação de métodos formais de análise de risco. Que resposta gerencial assegura conformidade e robustez operacional?",1,True,True,True,3,Fácil
2f51e62cdd-f0-d0-r6-q0,"Segurança Operacional, SGSO, Sistemas de Segurança e Gestão de Riscos",SGSO,Média,0.87,"Um FPSO prestes a iniciar operações deve entregar à ANP o DUM, a matriz de correlação e o relatório da concessão. A direção quer que esse esforço também reforce a governança do SGSO, clarificando funções e interfaces. Que abordagem melhor atende à fiscalização e, ao mesmo tempo, consolida a organização e as responsabilidades?",0,True,True,False,2,Média
2f51e62cdd-f0-d0-r6-q1,"Segurança Operacional, SGSO, Sistemas de Segurança e Gestão de Riscos",SGSO,Fácil,0.93,"Durante a revisão orçamentária de um FPSO, a alta gestão enfrenta restrições de caixa, mas deseja evidenciar compromisso com o SGSO. Qual decisão orçamentária melhor traduz esse compromisso de forma verificável?",3,True,True,True,3,Fácil
2f51e62cdd-f0-d0-r6-q2,"Segurança Operacional, SGSO, Sistemas de Segurança e Gestão de Riscos",SGSO,Média,0.92,"Após desvios operacionais sem lesões, a tripulação do FPSO relata medo de notificar quase-incidentes por percepção de punição. A gerência quer fortalecer a cultura de segurança e a comunicação no SGSO. Qual medida é mais consistente com esse objetivo?",2,True,True,True,3,Fácil
2f51e62cdd-f0-d0-r6-q3,"Segurança Operacional, SGSO, Sistemas de Segurança e Gestão de Riscos",SGSO,Média,0.91,Uma grande campanha de manutenção no FPSO será executada com várias contratadas. A gerência busca reduzir riscos de interface e assegurar conformidade com o SGSO. Qual abordagem de gestão de terceiros é mais alinhada às práticas esperadas?,0,True,True,True,3,Fácil
2f51e62cdd-f0-d0-r6-q4,"Segurança Operacional, SGSO, Sistemas de Segurança e Gestão de Riscos",SGSO,Média,0.92,"Após um ano de operação, os indicadores de segurança do FPSO estagnaram e há não conformidades recorrentes. A alta gestão deseja evidenciar governança e melhoria contínua no SGSO. Qual ação é mais apropriada?",1,True,True,True,3,Fácil
2f51e62cdd-f0-d0-r6-q5,"Segurança Operacional, SGSO, Sistemas de Segurança e Gestão de Riscos",SGSO,Média,0.92,"Um auditor interno identificou registros dispersos e lacunas na rastreabilidade de incidentes no FPSO. Para sustentar o SGSO e comprovar conformidade, qual desenho de gestão da informação é mais adequado?",2,True,True,True,3,Fácil
2f51e62cdd-f0-d0-r7-q0,"Segurança Operacional, SGSO, Sistemas de Segurança e Gestão de Riscos",SGSO,Média,0.94,"Durante a mobilização de um FPSO, a diretoria busca demonstrar adesão ao SGSO aproveitando programas já exigidos por regulamentos. Que decisão da alta gestão melhor materializa seu compromisso com a cultura de segurança e a implantação do SGSO?",3,True,True,True,3,Fácil
2f51e62cdd-f0-d0-r7-q1,"Segurança Operacional, SGSO, Sistemas de Segurança e Gestão de Riscos",SGSO,Média,0.91,"Uma equipe de gestão do FPSO precisa elaborar a matriz de correlação entre as práticas do SGSO e o sistema de gerenciamento da empresa antes do início das operações. Qual modo de trabalho produz um vínculo rastreável e passível de auditoria, coerente com a estrutura organizacional e com as práticas de liderança, pessoal e gestão?",3,True,True,True,3,Fácil
2f51e62cdd-f0-d0-r7-q2,"Segurança Operacional, SGSO, Sistemas de Segurança e Gestão de Riscos",SGSO,Média,0.91,"Em uma revisão de planejamento orçamentário, a gerência do FPSO identifica sobreposição entre práticas do SGSO e exigências regulatórias já atendidas. Considerando a necessidade de integração e melhoria contínua, qual plano de alocação de recursos é mais adequado?",3,True,True,True,3,Fácil
2f51e62cdd-f0-d0-r7-q4,"Segurança Operacional, SGSO, Sistemas de Segurança e Gestão de Riscos",SGSO,Média,0.91,"Durante uma campanha de manutenção no FPSO com grande presença de contratadas, a gerência deve garantir que o SGSO esteja efetivamente integrado nas interfaces de trabalho e na gestão de fatores humanos. Qual ação gerencial melhor atende a esse objetivo?",1,True,True,True,3,Fácil
2f51e62cdd-f0-d0-r7-q5,"Segurança Operacional, SGSO, Sistemas de Segurança e Gestão de Riscos",SGSO,Média,0.91,"À véspera do início de operação do FPSO, a companhia se prepara para uma verificação de conformidade. Considerando os requisitos de liderança, alocação de recursos, comunicação e cultura de segurança do SGSO, que conjunto de evidências reforça o comprometimento da alta gestão e a eficácia da estrutura organizacional?",0,True,True,True,3,Fácil
2f51e62cdd-f0-d0-r9-q1,"Segurança Operacional, SGSO, Sistemas de Segurança e Gestão de Riscos",SGSO,Média,0.91,"Diante do argumento de que diversas práticas do SGSO já constam em normas da ANP e de proposta de manter apenas compliance documental reduzindo capacitações e integração, qual decisão gerencial preserva eficiência sem perder desempenho?",2,True,False,True,2,Média
2f51e62cdd-f0-d0-r9-q2,"Segurança Operacional, SGSO, Sistemas de Segurança e Gestão de Riscos",SGSO,Média,0.89,"Durante a preparação dos documentos para início de operação de um FPSO, o time precisa construir a matriz de correlação e organizar o Descritivo da Unidade Marítima. Para fortalecer a comunicação e o controle internos, qual princípio de design do sistema de gestão é mais adequado?",1,True,True,True,3,Fácil
2f51e62cdd-f0-d0-r9-q3,"Segurança Operacional, SGSO, Sistemas de Segurança e Gestão de Riscos",SGSO,Média,0.92,"Em um FPSO, observou-se subnotificação de quase-acidentes e inconsistências no fechamento de ações corretivas. A gerência quer reforçar a cultura de segurança e a eficácia do SGSO. Qual abordagem é mais alinhada a esse propósito?",2,True,True,True,3,Fácil
2f51e62cdd-f0-d0-r9-q4,"Segurança Operacional, SGSO, Sistemas de Segurança e Gestão de Riscos",SGSO,Média,0.91,"Uma contratada de manutenção em um FPSO adota práticas internas distintas das do operador. Para assegurar alinhamento ao SGSO e tratar aspectos humanos nas interfaces, qual orientação gerencial é mais adequada?",0,True,True,True,3,Fácil
2f51e62cdd-f0-d0-r11-q0,"Segurança Operacional, SGSO, Sistemas de Segurança e Gestão de Riscos",SGSO,Média,0.95,"Na preparação para a entrada em operação de um FPSO, a gerência conclui que, como várias práticas do SGSO já aparecem em regulamentos existentes, o orçamento adicional para implementação pode ser reduzido ao mínimo. Qual avaliação é mais adequada?",3,False,False,False,0,Difícil
2f51e62cdd-f0-d0-r11-q1,"Segurança Operacional, SGSO, Sistemas de Segurança e Gestão de Riscos",SGSO,Média,0.9,"Durante a elaboração da matriz de correlação do SGSO para um FPSO, a equipe de compliance decide montá-la sem envolver operação, manutenção e supervisão de bordo, tratando o documento como um mapeamento regulatório genérico. Qual é o principal risco dessa abordagem?",0,True,True,True,3,Fácil
2f51e62cdd-f0-d0-r11-q5,"Segurança Operacional, SGSO, Sistemas de Segurança e Gestão de Riscos",SGSO,Média,0.93,"Em um FPSO, cresceram as notificações de desvios e quase acidentes, porém o tratamento das pendências é lento e o aprendizado gerado não é disseminado de forma uniforme entre equipes, turnos e funções. Que mudança mais fortalece o SGSO nesse quadro?",1,True,True,True,3,Fácil
2f51e62cdd-f0-d0-r12-q0,"Segurança Operacional, SGSO, Sistemas de Segurança e Gestão de Riscos",SGSO,Fácil,0.94,"Na preparação para o início de operação de um FPSO, a diretoria aprovou uma política de segurança e informou que a unidade já possui procedimentos operacionais consolidados. Na revisão do sistema, porém, verificou-se que não há definição explícita de quem responde por treinamento, auditorias, investigação de incidentes, manutenção da documentação e provisão de recursos para essas atividades. Qual avaliação é mais consistente com um SGSO eficaz?",0,True,True,True,3,Fácil
2f51e62cdd-f0-d0-r12-q1,"Segurança Operacional, SGSO, Sistemas de Segurança e Gestão de Riscos",SGSO,Média,0.95,"Durante uma parada programada de manutenção em um FPSO, haverá grande mobilização de empresas contratadas para trabalhos simultâneos. A gerência quer estruturar a interface com terceiros de forma aderente ao SGSO, reduzindo falhas de comunicação e riscos decorrentes de fatores humanos. Qual arranjo é mais apropriado?",2,True,True,True,3,Fácil
2f51e62cdd-f0-d0-r12-q2,"Segurança Operacional, SGSO, Sistemas de Segurança e Gestão de Riscos",SGSO,Média,0.92,"Uma operadora de FPSO identificou que boa parte de seus procedimentos já atende a exigências regulatórias semelhantes às práticas do SGSO, embora com nomenclaturas diferentes. A direção pretende evitar retrabalho na implantação. Qual estratégia tende a ser mais robusta do ponto de vista gerencial e de conformidade?",3,True,True,True,3,Fácil
2f51e62cdd-f0-d0-r13-q0,"Segurança Operacional, SGSO, Sistemas de Segurança e Gestão de Riscos",SGSO,Fácil,0.93,"Na preparação de um FPSO para início de operação, a diretoria informa que a política de segurança já existe e que a implementação do SGSO ficará concentrada na área de SMS offshore. Em uma auditoria, qual evidência indicaria aderência mais robusta ao princípio de compromisso e responsabilidade gerencial?",0,True,True,True,3,Fácil
2f51e62cdd-f0-d0-r13-q3,"Segurança Operacional, SGSO, Sistemas de Segurança e Gestão de Riscos",SGSO,Média,0.95,"Em um FPSO, ocorreram dois quase-acidentes semelhantes na área de utilidades: um com equipe própria e outro com contratada, em turnos diferentes. A investigação inicial mostra que a informação ficou restrita aos envolvidos imediatos e a ação corretiva não se disseminou. Sob a lógica do SGSO, qual ajuste tem maior potencial de evitar recorrência?",2,True,True,True,3,Fácil
2f51e62cdd-f0-d0-r13-q4,"Segurança Operacional, SGSO, Sistemas de Segurança e Gestão de Riscos",SGSO,Média,0.9,"Um FPSO apresenta registros completos de treinamentos obrigatórios, mas auditorias internas continuam identificando desvios repetitivos na execução de rotinas críticas e baixa qualidade nos reportes de quase-acidentes. A gerência conclui que o problema central está na cultura de segurança. Qual ação é mais coerente com essa leitura?",1,True,True,True,3,Fácil
2f51e62cdd-f0-d0-r13-q5,"Segurança Operacional, SGSO, Sistemas de Segurança e Gestão de Riscos",SGSO,Média,0.95,"Durante uma parada programada no FPSO, várias contratadas atuarão em paralelo. A operadora já verificou documentação de SMS na contratação e entende que isso atende à governança do SGSO para essas interfaces. Qual arranjo gerencial é mais consistente com o sistema?",3,True,False,True,2,Média
2f51e62cdd-f0-d0-r14-q0,"Segurança Operacional, SGSO, Sistemas de Segurança e Gestão de Riscos",SGSO,Média,0.95,"Na preparação do início de operação de um FPSO, a diretoria concluiu que várias práticas do SGSO já aparecem em regulamentos técnicos vigentes e propôs reduzir o orçamento da implantação para concentrá-lo na documentação inicial de conformidade. Qual avaliação é mais consistente com uma implementação eficaz do SGSO?",1,True,True,True,3,Fácil
2f51e62cdd-f0-d0-r14-q2,"Segurança Operacional, SGSO, Sistemas de Segurança e Gestão de Riscos",SGSO,Média,0.95,"Em um FPSO, um quase incidente durante uma atividade de manutenção contratada revelou falhas de comunicação entre a equipe embarcada e a contratada, além de dúvidas sobre quem deveria registrar e investigar o evento. Qual resposta gerencial tende a fortalecer mais o SGSO?",1,True,True,True,3,Fácil
2f51e62cdd-f0-d0-r14-q3,"Segurança Operacional, SGSO, Sistemas de Segurança e Gestão de Riscos",SGSO,Média,0.94,"Uma auditoria interna em um FPSO verificou que a política de segurança está assinada pela alta administração, mas operadores e supervisores têm interpretações divergentes sobre o fluxo de reporte de desvios, e os registros mostram treinamento irregular entre turnos. Qual conclusão é mais sólida?",2,True,True,True,3,Fácil
2f51e62cdd-f0-d0-r15-q0,"Segurança Operacional, SGSO, Sistemas de Segurança e Gestão de Riscos",SGSO,Média,0.95,"Durante a preparação do início de operação de um FPSO, a diretoria afirma que segurança é prioridade, mas a revisão orçamentária reduziu verbas de treinamento, auditorias internas e atualização documental, preservando apenas atividades diretamente produtivas. À luz do SGSO, qual decisão gerencial melhor sustenta, na prática, esse compromisso?",0,True,True,True,3,Fácil
2f51e62cdd-f0-d0-r15-q2,"Segurança Operacional, SGSO, Sistemas de Segurança e Gestão de Riscos",SGSO,Média,0.96,"Em um FPSO, quase-incidentes recorrentes envolvendo equipes próprias e contratadas continuam ocorrendo, apesar de briefings diários e campanhas de comunicação visual. As análises mostram repetição de causas semelhantes, mas as ações corretivas não se consolidam entre turnos. Qual ajuste no SGSO tende a atacar melhor o problema?",3,True,True,True,3,Fácil
2f51e62cdd-f0-d0-r15-q3,"Segurança Operacional, SGSO, Sistemas de Segurança e Gestão de Riscos",SGSO,Média,0.94,"Após um ano de operação, um FPSO registra alta conclusão dos treinamentos obrigatórios, mas poucos relatos espontâneos de desvios, hesitação para interromper tarefas inseguras e repetição de falhas já tratadas em reuniões. À luz do SGSO, qual interpretação é mais compatível?",0,True,True,True,3,Fácil
2f51e62cdd-f0-d0-r15-q4,"Segurança Operacional, SGSO, Sistemas de Segurança e Gestão de Riscos",SGSO,Média,0.92,"Na revisão do sistema de gestão de um FPSO, a gerência concluiu que muitas práticas exigidas pelo SGSO já aparecem em regulamentos técnicos existentes e, por isso, propôs minimizar esforços adicionais de integração e acompanhamento. Qual avaliação é mais sólida?",2,True,False,False,1,Difícil
2f51e62cdd-f0-d0-r15-q5,"Segurança Operacional, SGSO, Sistemas de Segurança e Gestão de Riscos",SGSO,Média,0.95,"Durante uma campanha de modificações em um FPSO, aumentaram o número de contratadas a bordo, as trocas de equipe e as queixas relacionadas a ergonomia e carga cognitiva em atividades críticas. Os eventos registrados são de baixa gravidade, mas repetitivos. Qual resposta gerencial tende a fortalecer o SGSO de forma mais abrangente?",1,True,True,True,3,Fácil
2f51e62cdd-f0-d0-r16-q1,"Segurança Operacional, SGSO, Sistemas de Segurança e Gestão de Riscos",SGSO,Média,0.96,"Na preparação do pacote para início de operação de um FPSO, cada departamento pretende encaminhar seus procedimentos e organogramas de forma separada, sem uma articulação única entre funções, processos e práticas do SGSO. O gerente do projeto quer saber qual arranjo melhor sustenta conformidade e governança.",1,True,True,True,3,Fácil
2f51e62cdd-f0-d0-r16-q2,"Segurança Operacional, SGSO, Sistemas de Segurança e Gestão de Riscos",SGSO,Média,0.94,"Durante a revisão orçamentária de um FPSO em operação, a empresa concluiu que parte das práticas do SGSO já coincide com exigências regulatórias que ela cumpre há anos. Para capturar sinergias sem enfraquecer o sistema, qual decisão gerencial tende a ser mais consistente?",3,True,True,True,3,Fácil
2f51e62cdd-f0-d0-r16-q3,"Segurança Operacional, SGSO, Sistemas de Segurança e Gestão de Riscos",SGSO,Média,0.96,"Em um FPSO, pequenos desvios em atividades de manutenção executadas por contratada têm aparecido em passagens de turno e relatórios locais, mas poucos casos avançam para investigação formal, e a tripulação entende que só eventos com afastamento merecem escalonamento. A gerência quer fortalecer comunicação e cultura de segurança. Qual iniciativa é mais aderente ao SGSO?",3,True,True,True,3,Fácil
2f51e62cdd-f0-d0-r16-q5,"Segurança Operacional, SGSO, Sistemas de Segurança e Gestão de Riscos",SGSO,Média,0.95,"Após duas rodadas de auditorias internas em um FPSO, os indicadores mostram boa taxa de conclusão de treinamentos e documentação formal atualizada. Ainda assim, persistem três achados recorrentes: supervisão inconsistente de contratadas, ações corretivas que demoram a sair do papel e hesitação de operadores em reportar desvios de rotina. Qual interpretação gerencial é mais robusta?",1,True,True,True,3,Fácil
2f51e62cdd-f0-d0-r17-q0,"Segurança Operacional, SGSO, Sistemas de Segurança e Gestão de Riscos",SGSO,Média,0.96,"Na preparação para o início de operação de um FPSO, a gerência argumenta que boa parte das práticas do SGSO já aparece em regulamentos técnicos aplicáveis e, por isso, propõe limitar o orçamento novo à resposta a emergências. À luz de uma implementação madura do SGSO, qual avaliação é mais consistente?",1,True,False,False,1,Difícil
2f51e62cdd-f0-d0-r17-q1,"Segurança Operacional, SGSO, Sistemas de Segurança e Gestão de Riscos",SGSO,Média,0.96,"Em um FPSO recém-integrado à frota, incidentes leves com contratadas se repetem em atividades rotineiras. A apuração mostra critérios de seleção bem definidos em contrato, mas dúvidas recorrentes sobre quem aprova desvios, quem acompanha desempenho em campo e como os treinamentos das contratadas se conectam ao sistema da unidade. Qual ajuste organizacional tende a atacar a causa de forma mais efetiva?",0,True,True,True,3,Fácil
2f51e62cdd-f0-d0-r17-q2,"Segurança Operacional, SGSO, Sistemas de Segurança e Gestão de Riscos",SGSO,Média,0.95,"Após uma campanha interna de segurança em um FPSO, a diretoria passa a citar a ampla divulgação da política e a presença de gestores em reuniões de bordo como evidências de seu apoio ao SGSO. Meses depois, auditorias e investigações ainda apontam falhas recorrentes na comunicação de riscos e demora no tratamento de não conformidades. Que evidência adicional melhor separa apoio declarado de comprometimento efetivamente incorporado ao sistema?",0,True,True,True,3,Fácil
2f51e62cdd-f0-d0-r17-q3,"Segurança Operacional, SGSO, Sistemas de Segurança e Gestão de Riscos",SGSO,Média,0.92,"Na elaboração da matriz de correspondência entre o sistema de gestão da empresa e as práticas do SGSO para o início de operação de um FPSO, qual formato tende a sustentar melhor a comprovação perante a governança interna e a fiscalização?",0,True,True,True,3,Fácil
2f51e62cdd-f0-d0-r17-q4,"Segurança Operacional, SGSO, Sistemas de Segurança e Gestão de Riscos",SGSO,Média,0.96,"Em um FPSO com alta adesão às capacitações, a liderança observa redução nas comunicações de quase-acidentes. Entrevistas indicam que supervisores passaram a vincular metas de desempenho à queda no número de registros, e parte da tripulação passou a perceber a notificação como evidência de falha pessoal. Qual medida gerencial é mais compatível com a cultura de segurança esperada no SGSO?",2,True,True,True,3,Fácil
2f51e62cdd-f0-d0-r17-q5,"Segurança Operacional, SGSO, Sistemas de Segurança e Gestão de Riscos",SGSO,Média,0.95,"Na revisão do modelo de governança de um FPSO, a empresa percebe que a estrutura onshore-offshore está clara para produção e manutenção, mas difusa para gestão da informação, auditorias e investigação de incidentes. Qual é o principal problema dessa lacuna no contexto do SGSO?",1,True,True,True,3,Fácil
2f51e62cdd-f0-d0-r18-q0,"Segurança Operacional, SGSO, Sistemas de Segurança e Gestão de Riscos",SGSO,Média,0.94,"Na preparação de um FPSO para início de operação, a empresa já possui procedimentos corporativos de SMS e um organograma funcional. Na revisão final, verifica-se que a documentação não mostra quem, na alta gestão, responde pela política de segurança, pelos objetivos e pela provisão de recursos, nem como esses papéis se conectam às práticas do SGSO. Qual ajuste é mais consistente com uma implementação robusta?",1,True,True,True,3,Fácil
2f51e62cdd-f0-d0-r18-q1,"Segurança Operacional, SGSO, Sistemas de Segurança e Gestão de Riscos",SGSO,Média,0.93,"Em um FPSO em operação estável, a gerência decide reduzir custos do SGSO porque parte das práticas já aparece em regulamentos técnicos existentes. Qual decisão de alocação de recursos é mais aderente ao sistema?",1,True,True,True,3,Fácil
2f51e62cdd-f0-d0-r18-q2,"Segurança Operacional, SGSO, Sistemas de Segurança e Gestão de Riscos",SGSO,Média,0.93,"Após sucessivos quase-acidentes durante manutenção em módulos de processo de um FPSO, a investigação aponta falhas de interface entre contratadas e equipe de bordo, além de erros associados a condições de trabalho e fatores humanos. A diretoria quer uma ação que fortaleça o SGSO sem tratar esses pontos como problemas separados. Qual encaminhamento tende a ser mais eficaz?",2,True,True,True,3,Fácil
2f51e62cdd-f0-d0-r18-q3,"Segurança Operacional, SGSO, Sistemas de Segurança e Gestão de Riscos",SGSO,Fácil,0.94,"Em um FPSO, a liderança passou a divulgar boletins semanais de segurança e painéis de indicadores. Mesmo assim, não conformidades recorrentes continuam sem fechamento tempestivo, e operadores relatam incerteza sobre a quem reportar desvios. O que falta para que a comunicação seja compatível com um SGSO maduro?",0,True,True,True,3,Fácil
2f51e62cdd-f0-d0-r18-q4,"Segurança Operacional, SGSO, Sistemas de Segurança e Gestão de Riscos",SGSO,Média,0.92,"Uma operadora quer estruturar o SGSO de um FPSO com base em procedimentos já adotados para cumprir exigências técnicas relacionadas. Durante a implantação, propõe-se reconhecer equivalência entre os sistemas e, com isso, minimizar a revisão da documentação. Qual análise é mais adequada?",1,True,True,True,3,Fácil
2f51e62cdd-f0-d0-r18-q5,"Segurança Operacional, SGSO, Sistemas de Segurança e Gestão de Riscos",SGSO,Média,0.94,"Após um incidente sem consequências maiores, a gerência onshore conclui que o problema principal não foi a falha técnica, mas a demora em escalar informações entre bordo, contratada e liderança. Na revisão do SGSO, qual arranjo de governança melhor evidencia responsabilidade gerencial e favorece melhoria contínua?",2,True,True,True,3,Fácil
2f51e62cdd-f0-d0-r19-q0,"Segurança Operacional, SGSO, Sistemas de Segurança e Gestão de Riscos",SGSO,Média,0.94,"Na preparação para a entrada em operação de um FPSO, a diretoria observa que vários controles exigidos pelo SGSO já existem por força de regulamentos técnicos anteriores. Para reduzir custo, propõe usar essa sobreposição como justificativa para não ampliar o orçamento de segurança no primeiro ano. Qual avaliação é mais consistente com uma implementação madura do SGSO?",1,True,False,False,1,Difícil
2f51e62cdd-f0-d0-r19-q1,"Segurança Operacional, SGSO, Sistemas de Segurança e Gestão de Riscos",SGSO,Média,0.95,"Um FPSO em fase de prontidão operacional possui procedimentos de segurança bem escritos, mas uma auditoria interna identifica conflitos entre produção, manutenção, marítimo e contratadas sobre quem aprova desvios, acompanha ações corretivas e responde por treinamento. Qual medida organizacional melhor fortalece o SGSO?",2,True,True,True,3,Fácil
2f51e62cdd-f0-d0-r19-q2,"Segurança Operacional, SGSO, Sistemas de Segurança e Gestão de Riscos",SGSO,Média,0.94,"Após uma sequência de quase-acidentes em um FPSO, a gerência percebe que os relatos formais são escassos, embora entrevistas indiquem que as equipes conhecem os desvios. O objetivo é elevar a qualidade do aprendizado organizacional sem depender apenas de fiscalização externa. Qual ação é mais coerente com o SGSO?",1,True,True,True,3,Fácil
2f51e62cdd-f0-d0-r19-q3,"Segurança Operacional, SGSO, Sistemas de Segurança e Gestão de Riscos",SGSO,Média,0.93,"Em um FPSO, a troca de uma empresa contratada de manutenção coincide com aumento de desvios em liberação de trabalho, retrabalho em tarefas simples e queixas ergonômicas da equipe embarcada. A diretoria avalia se o problema é de contratação, de fatores humanos ou de comunicação interna. Qual abordagem gerencial tende a tratar melhor a causa sistêmica?",3,True,True,True,3,Fácil
2f51e62cdd-f0-d0-r19-q4,"Segurança Operacional, SGSO, Sistemas de Segurança e Gestão de Riscos",SGSO,Média,0.95,"Antes do início da operação de um novo FPSO, a empresa precisa comprovar que seu sistema de gerenciamento está alinhado às práticas do SGSO. Embora existam muitos procedimentos e relatórios técnicos, os auditores apontam fragilidade na evidência do papel da alta gestão. Qual conjunto documental responde melhor a essa crítica?",2,False,True,True,2,Média
2f51e62cdd-f0-d0-r19-q5,"Segurança Operacional, SGSO, Sistemas de Segurança e Gestão de Riscos",SGSO,Média,0.94,"Durante a revisão do sistema de gestão de um FPSO já em operação, a liderança conclui que a documentação mínima exigida para submissão inicial foi aprovada, mas ainda há pouca formalização sobre gerenciamento de barreiras e uso de técnicas estruturadas de avaliação de risco. Qual decisão é mais consistente com a responsabilidade gerencial no SGSO?",3,True,True,True,3,Fácil
2f51e62cdd-f0-d0-r20-q0,"Segurança Operacional, SGSO, Sistemas de Segurança e Gestão de Riscos",SGSO,Média,0.93,"Durante a preparação para iniciar a operação de um FPSO, a diretoria concluiu que várias práticas internas já atendem parcialmente a exigências regulatórias semelhantes às do SGSO. Para reduzir esforço, propôs apenas compilar os documentos de partida e manter a estrutura atual sem ajustes de governança. Qual ação melhor demonstra compromisso e responsabilidade gerencial compatíveis com o SGSO?",1,True,True,True,3,Fácil
2f51e62cdd-f0-d0-r20-q1,"Segurança Operacional, SGSO, Sistemas de Segurança e Gestão de Riscos",SGSO,Média,0.92,"Na revisão de prontidão de um FPSO, a empresa apresentou procedimentos de treinamento, manutenção, auditoria e investigação de incidentes. Porém, a matriz de correlação não deixa claro quem responde por cada prática, nem como operações, manutenção e contratadas se conectam dentro do sistema. Qual é a principal fragilidade dessa configuração?",3,True,False,False,1,Difícil
2f51e62cdd-f0-d0-r20-q2,"Segurança Operacional, SGSO, Sistemas de Segurança e Gestão de Riscos",SGSO,Média,0.94,"Depois de identificar coincidências entre rotinas corporativas e práticas exigidas pelo SGSO, a gerência de um FPSO considerou cortar verbas de auditoria, controle documental e interface com empresas contratadas, preservando apenas os treinamentos vistos como obrigatórios. Qual julgamento está mais alinhado a uma implementação efetiva do SGSO?",3,True,False,False,1,Difícil
2f51e62cdd-f0-d0-r20-q3,"Segurança Operacional, SGSO, Sistemas de Segurança e Gestão de Riscos",SGSO,Média,0.95,"Em um FPSO, ocorreram quase-acidentes repetidos em atividades executadas por contratadas. As informações circulam em conversas de turno, mas não entram de forma consistente nos registros, e ações corretivas semelhantes voltam a aparecer em áreas diferentes. Qual medida gerencial tende a fortalecer de forma mais robusta o SGSO nesse cenário?",2,True,True,True,3,Fácil
2f51e62cdd-f0-d0-r20-q4,"Segurança Operacional, SGSO, Sistemas de Segurança e Gestão de Riscos",SGSO,Média,0.92,"Na etapa final de comprovação de aderência do SGSO de um FPSO, a empresa verificou que o conjunto documental atende bem à governança e às rotinas gerais, mas não mostra com clareza como o sistema incorpora controle de barreiras e métodos formais de análise de risco em atividades críticas. Qual decisão gerencial é mais apropriada?",1,True,True,True,3,Fácil
2f51e62cdd-f0-d0-r20-q5,"Segurança Operacional, SGSO, Sistemas de Segurança e Gestão de Riscos",SGSO,Média,0.94,"Em um FPSO, a direção publicou a política de segurança, aprovou recursos e fixou objetivos anuais. Mesmo assim, persistem orientações contraditórias entre supervisões, baixa notificação de ocorrências e pouca participação das equipes no aperfeiçoamento dos processos. À luz do SGSO, qual leitura explica melhor essa situação?",3,True,True,True,3,Fácil
d90e8fba34-f0-d0-r1-q0,Gestão do Desempenho,Geral,Fácil,0.95,"Minutos antes de iniciar uma transferência de carga em um FPSO, o supervisor propõe dispensar o teste funcional dos alarmes de nível alto porque os níveis estavam estáveis no turno anterior e o sistema de controle de carregamento está disponível. Do ponto de vista do controle operacional, qual capacidade fica mais diretamente comprometida por essa decisão?",1,True,False,False,1,Difícil
d90e8fba34-f0-d0-r1-q2,Gestão do Desempenho,Geral,Média,0.89,"Durante o topping-off, propõe-se uma conexão dedicada entre tanques de carga adjacentes para acelerar a equalização e reduzir manobras de válvulas. Qual decisão preserva melhor a integridade do plano de carregamento?",0,False,False,False,0,Difícil
d90e8fba34-f0-d0-r1-q3,Gestão do Desempenho,Geral,Média,0.94,"Após repetidos pequenos vazamentos nas válvulas da praça de bombas durante operações de carga, a gerência decide aumentar a quantidade de material absorvente disponível e dobrar a frequência das rondas, sem revisar o arranjo existente. Qual encaminhamento é mais robusto para o controle do desempenho operacional?",1,True,True,True,3,Fácil
d90e8fba34-f0-d0-r1-q4,Gestão do Desempenho,Geral,Média,0.9,"Durante a revisão de rotinas para transferências a uma embarcação não tripulada, alguém sugere retirar da checklist do turno a verificação das saídas de suspiros, alegando que se trata de característica fixa de projeto e não de item operacional. Qual avaliação é mais adequada?",1,True,False,False,1,Difícil
d90e8fba34-f0-d0-r2-q0,Gestão do Desempenho,Geral,Média,0.9,"Na preparação para uma operação de carregamento em um FPSO, a coordenação quer encurtar o checklist para recuperar atraso de programação. Considerando o controle de sobreenchimento e a organização dos turnos, qual ajuste traz o maior risco operacional se for adotado?",3,False,False,False,0,Difícil
d90e8fba34-f0-d0-r2-q1,Gestão do Desempenho,Geral,Fácil,0.93,"Antes de iniciar uma transferência de carga no turno da noite, a equipe identifica obstrução parcial em uma das saídas de suspiro de um tanque. A janela operacional é curta e há pressão para manter o cronograma. Qual decisão é mais adequada do ponto de vista de planejamento e controle operacional?",3,True,True,True,3,Fácil
d90e8fba34-f0-d0-r2-q2,Gestão do Desempenho,Geral,Média,0.86,"Em uma campanha longa, o FPSO vem registrando pequenos vazamentos recorrentes em válvulas da praça de bombas durante operações de carga e descarga. Não houve evento maior, mas o desempenho operacional vem sendo afetado por retrabalho e paradas curtas. Qual ação gerencial tende a atacar melhor a causa operacional do problema?",3,True,True,True,3,Fácil
d90e8fba34-f0-d0-r2-q3,Gestão do Desempenho,Geral,Média,0.91,"Em uma manobra de carregamento, o nível de um tanque passa a subir acima do previsto e se aproxima do alarme antes do ponto programado de redistribuição. Para evitar atraso, propõe-se equalizar os níveis por uma interligação temporária entre tanques. Qual conduta é mais compatível com um controle operacional de carregamento robusto?",1,False,False,False,0,Difícil
d90e8fba34-f0-d0-r2-q4,Gestão do Desempenho,Geral,Média,0.88,"Na revisão do procedimento de descarga de um FPSO, a equipe observa que, na etapa final, alguns tanques perdem sucção antes do esperado e a condição de estabilidade fica mais sensível. Sabe-se que os pocetos de sucção avançam para dentro dos limites admitidos do fundo duplo. Qual revisão de procedimento faz mais sentido?",1,True,True,True,3,Fácil
d90e8fba34-f0-d0-r3-q0,Gestão do Desempenho,Geral,Média,0.88,"Antes de iniciar uma descarga em um FPSO após uma parada curta, o coordenador de operação percebe que o checklist de pré-transferência foi simplificado para recuperar atraso. Qual recomposição do checklist melhor preserva as barreiras operacionais exigidas para a manobra?",0,False,True,True,2,Média
d90e8fba34-f0-d0-r3-q1,Gestão do Desempenho,Geral,Média,0.91,"Durante uma semana com efetivo reduzido, o supervisor quer reorganizar os turnos para manter produção e carregamento sem perder controle operacional. Qual arranjo é mais consistente com o planejamento de turnos para um FPSO em operação de carga?",3,True,True,True,3,Fácil
d90e8fba34-f0-d0-r3-q2,Gestão do Desempenho,Geral,Média,0.91,"Após uma alteração de arranjo que passou a admitir o avanço dos pocetos de sucção dentro dos limites permitidos do fundo duplo, ao atualizar o procedimento de carregamento, qual consequência operacional deve receber maior atenção?",1,True,False,True,2,Média
d90e8fba34-f0-d0-r3-q3,Gestão do Desempenho,Geral,Fácil,0.92,"Após um vazamento de pequena monta na praça de bombas durante o turno da noite, a gerência quer reduzir a recorrência sem ampliar significativamente o efetivo. Qual medida de controle operacional tende a ser mais eficaz?",1,True,True,True,3,Fácil
d90e8fba34-f0-d0-r3-q4,Gestão do Desempenho,Geral,Fácil,0.89,"Ao montar a rotina semanal de produção e carregamento, discutiu-se quais verificações devem constar como atividades recorrentes, e não apenas de comissionamento. Qual conjunto melhor representa esse controle operacional contínuo?",3,False,False,True,1,Difícil
d90e8fba34-f0-d0-r3-q5,Gestão do Desempenho,Geral,Média,0.88,"Em uma campanha com janelas curtas de alívio e exportação, a equipe propõe usar uma interligação direta entre dois tanques de carga para equalizar níveis e acelerar a sequência, reduzindo intervenções na praça de bombas. Qual resposta é mais consistente com o controle operacional e a base de projeto do FPSO?",0,False,True,False,1,Difícil
d90e8fba34-f0-d0-r4-q2,Gestão do Desempenho,Geral,Média,0.88,"Durante uma revisão de rotas de inspeção, foi proposta a utilização da praça de bombas como corredor rotineiro entre diferentes compartimentos, com o argumento de que ela deve permitir passagem sem restrição entre convés e fundo duplo. Qual avaliação é mais consistente com os requisitos operacionais e de arranjo?",1,True,False,True,2,Média
d90e8fba34-f0-d0-r4-q4,Gestão do Desempenho,Geral,Média,0.91,"Em uma campanha de transferência com janelas curtas entre produção e carregamento, o supervisor pretende retirar da rotina periódica a verificação de obstrução e conformidade das saídas de suspiros para ganhar tempo de preparação. Qual é a melhor análise dessa proposta?",3,True,False,False,1,Difícil
d90e8fba34-f0-d0-r4-q5,Gestão do Desempenho,Geral,Média,0.86,"Em uma auditoria interna, a equipe constatou que requisitos como borda de contenção no convés, ausência de conexões diretas entre tanques, limites de arranjo dos pocetos, antepara entre motor e bomba e localização de acessos aparecem nos desenhos de projeto, mas não estão claramente refletidos nos procedimentos de carregamento, nos manuais de operação e na rotina de manutenção preventiva. Qual é o risco de gestão de desempenho mais relevante nesse cenário?",0,True,True,False,2,Média
d90e8fba34-f0-d0-r5-q0,Gestão do Desempenho,Geral,Fácil,0.95,"Em um início de campanha, a equipe quer acelerar a liberação para carregamento após manutenção no sistema de controle. Para ganhar tempo, surgiu a proposta de iniciar a transferência usando acompanhamento manual de nível e deixar alguns testes para mais tarde. Qual ajuste no plano preserva de forma mais direta a barreira contra sobreenchimento?",3,True,False,True,2,Média
d90e8fba34-f0-d0-r5-q1,Gestão do Desempenho,Geral,Média,0.92,"Em um FPSO com equipe reduzida, a coordenação precisa redesenhar os turnos para uma janela de carga e descarga intensas. Qual arranjo de responsabilidades tende a dar mais robustez ao controle da operação?",0,True,True,False,2,Média
d90e8fba34-f0-d0-r5-q2,Gestão do Desempenho,Geral,Média,0.96,"Durante a preparação de uma transferência para uma embarcação não tripulada, a equipe identifica dúvida sobre possível obstrução parcial em uma saída de suspiro. Os níveis dos tanques estão normais e a praça de bombas não apresenta anomalias. A produção pressiona para manter a programação. Qual decisão é mais consistente com o controle operacional?",2,True,True,True,3,Fácil
d90e8fba34-f0-d0-r5-q4,Gestão do Desempenho,Geral,Média,0.89,"Na revisão do procedimento de descarregamento, a engenharia confirmou que os pocetos de sucção permanecem dentro das tolerâncias admissíveis do fundo duplo. No stripping de encerramento, qual item deve constar de modo explícito na programação operacional?",3,True,False,True,2,Média
d90e8fba34-f0-d0-r5-q5,Gestão do Desempenho,Geral,Fácil,0.91,"Antes de uma campanha com operações sucessivas de carga, o supervisor nota que o procedimento não incorpora com clareza exigências do arranjo físico, como rotas de acesso, separação entre motor e bomba e inexistência de ligação direta entre tanques. Qual medida gerencial melhor sustenta a execução dos turnos?",1,False,False,True,1,Difícil
d90e8fba34-f0-d0-r6-q0,Gestão do Desempenho,Geral,Média,0.91,"Após uma manutenção corretiva na praça de bombas, o coordenador de turno precisa recuperar atraso e propõe enxugar o checklist antes de reiniciar o carregamento. Qual ajuste preserva melhor as barreiras operacionais mais relevantes para o início seguro da transferência?",2,True,True,True,3,Fácil
d90e8fba34-f0-d0-r6-q1,Gestão do Desempenho,Geral,Fácil,0.89,"Na reavaliação da escala de um FPSO, a gerência pretende diminuir a quantidade de interfaces entre equipes durante operações de transferência de carga. Qual arranjo de atribuições por turno é mais compatível com o nível de coordenação operacional exigido nessas manobras?",0,True,True,False,2,Média
d90e8fba34-f0-d0-r6-q2,Gestão do Desempenho,Geral,Média,0.92,"Após dois eventos de pequeno vazamento por válvulas na praça de bombas, a unidade dispõe de recursos para uma única ação imediata antes da próxima campanha, enquanto uma revisão mais ampla ficará para parada futura. Qual priorização tende a reduzir melhor o risco operacional no curto prazo sem depender de detecção tardia?",1,True,True,False,2,Média
d90e8fba34-f0-d0-r6-q3,Gestão do Desempenho,Geral,Difícil,0.87,"Em um FPSO, a equipe quer adiantar o stripping para ganhar tempo de descarga, operando próximo da condição limite de sucção da carga. O coordenador precisa decidir se isso pode ser tratado como ajuste de sequência no sistema de controle ou se requer revisão formal da base operacional. Qual interpretação é mais adequada?",0,True,True,True,3,Fácil
d90e8fba34-f0-d0-r6-q4,Gestão do Desempenho,Geral,Média,0.77,"Durante uma análise de melhoria de acessos para manutenção e inspeção, uma proposta de modificação precisa ser filtrada antes de seguir para detalhamento. Qual opção entra em conflito com a configuração operacional esperada para a praça de bombas de carga?",3,True,False,False,1,Difícil
d90e8fba34-f0-d0-r6-q5,Gestão do Desempenho,Geral,Média,0.91,"Antes de iniciar uma manobra de carga, é detectada restrição parcial em um ponto de ventilação dos tanques, e a equipe cogita prosseguir com vigilância intensificada no convés. Qual julgamento é mais adequado para definir o planejamento operacional do turno?",2,True,False,False,1,Difícil
d90e8fba34-f0-d0-r7-q0,Gestão do Desempenho,Geral,Média,0.91,"Na preparação para iniciar o carregamento em um FPSO, o supervisor sugere encurtar o checklist testando o alarme de nível alto de apenas um tanque por grupo, sob o argumento de que todos os sinais entram no mesmo sistema de controle. Como essa proposta deve ser avaliada?",3,True,True,False,2,Média
d90e8fba34-f0-d0-r7-q1,Gestão do Desempenho,Geral,Média,0.91,"No mesmo turno em que está prevista uma descarga para cumprir a janela do aliviador, a manutenção programou limpeza das rotas de drenagem da praça de bombas. Considerando o controle operacional do FPSO, qual replanejamento é mais consistente?",0,True,True,True,3,Fácil
d90e8fba34-f0-d0-r7-q2,Gestão do Desempenho,Geral,Média,0.88,"Uma equipe revisa o procedimento de transferência de carga para uma embarcação não tripulada e sugere retirar a checagem operacional dos suspiros do checklist de pré-manobra, tratando esse item apenas como inspeção de manutenção periódica. Qual decisão é mais alinhada ao planejamento operacional seguro?",2,True,True,True,3,Fácil
d90e8fba34-f0-d0-r7-q4,Gestão do Desempenho,Geral,Difícil,0.91,"Após campanhas sucessivas com dificuldade para retirar o remanescente de carga, a equipe avalia modificar o avanço dos pocetos de sucção na região do fundo duplo. Na revisão da rotina de transferência, qual tratamento dessa alteração é o mais adequado?",3,True,True,True,3,Fácil
d90e8fba34-f0-d0-r7-q5,Gestão do Desempenho,Geral,Média,0.9,"Em uma auditoria interna de desempenho operacional, verificou-se que os checklists de turno cobrem níveis, vazões e alinhamento de válvulas, mas não incluem confirmação da antepara entre motor e bomba, do isolamento do motor fora da área de carga e das rotas de acesso e saída de emergência da praça de bombas. Qual ajuste é mais apropriado?",3,True,True,True,3,Fácil
d90e8fba34-f0-d0-r8-q0,Gestão do Desempenho,Geral,Fácil,0.95,"Na preparação de uma operação de carga, o supervisor sugeriu ensaiar apenas um detector de alto nível como referência e observar os demais tanques pelo sistema de carregamento para acelerar a troca de turno. Qual julgamento melhor atende ao controle operacional da transferência?",2,True,False,False,1,Difícil
d90e8fba34-f0-d0-r8-q1,Gestão do Desempenho,Geral,Média,0.85,"Na revisão do turno noturno para uma campanha com transferências recorrentes, qual proposta tende a manter melhor a confiabilidade da operação e das rotinas da unidade?",2,True,True,True,3,Fácil
d90e8fba34-f0-d0-r8-q2,Gestão do Desempenho,Geral,Média,0.94,"Após pequenos vazamentos recorrentes na praça de bombas durante transferências, a coordenação quer revisar o plano operacional para reduzir a recorrência e melhorar a resposta do turno. Qual revisão tende a atacar melhor o problema?",3,True,True,True,3,Fácil
d90e8fba34-f0-d0-r8-q4,Gestão do Desempenho,Geral,Fácil,0.93,"Ao revisar a programação de uma transferência para embarcação não tripulada, a equipe tratou os suspiros como assunto apenas de projeto e retirou sua checagem do checklist do turno. Onde está o erro principal desse entendimento?",1,True,True,True,3,Fácil
d90e8fba34-f0-d0-r8-q5,Gestão do Desempenho,Geral,Média,0.91,"Na fase final de descarregamento, a produção quer maximizar a retirada de carga residual e antecipar a próxima manobra. O engenheiro de operações lembra que os pocetos avançam dentro dos limites admitidos do fundo duplo. Qual decisão de planejamento é mais adequada?",0,True,True,True,3,Fácil
d90e8fba34-f0-d0-r9-q0,Gestão do Desempenho,Geral,Média,0.95,"Ao analisar um desvio no início de uma operação de offloading, a gerência verificou que o alarme de nível alto de um tanque não havia sido testado, a praça de bombas não fora inspecionada quanto à estanqueidade das válvulas e o turno confiou que o sistema de controle compensaria essas falhas. Que ajuste de planejamento operacional melhor evita a recorrência?",3,True,True,True,3,Fácil
d90e8fba34-f0-d0-r9-q1,Gestão do Desempenho,Geral,Fácil,0.93,"Durante uma parada curta, a equipe de manutenção propôs armazenar materiais temporariamente na praça de bombas e usar essa mesma área como rota regular para alcançar o fundo duplo, porque isso reduziria deslocamentos do turno. No planejamento integrado das atividades, qual decisão é mais consistente com a operação segura do FPSO?",2,True,True,True,3,Fácil
d90e8fba34-f0-d0-r9-q2,Gestão do Desempenho,Geral,Média,0.95,"Na preparação de uma transferência, um dos tanques apresenta indicação estável no sistema de controle, mas falha no teste funcional do alarme individual de nível alto. A produção pressiona para iniciar a operação com monitoramento mais frequente do operador de campo. Qual é a melhor decisão operacional?",3,True,True,True,3,Fácil
d90e8fba34-f0-d0-r9-q3,Gestão do Desempenho,Geral,Média,0.9,"Um coordenador quer revisar os indicadores usados na reunião diária de desempenho do FPSO. Até então, o painel privilegia tonelagem movimentada, horas de bomba em serviço e tempo médio de manobra. Se o objetivo é melhorar a confiabilidade do controle operacional do carregamento e das rotinas de produção, qual conjunto de indicadores tende a ser mais aderente?",0,False,True,False,1,Difícil
d90e8fba34-f0-d0-r9-q4,Gestão do Desempenho,Geral,Difícil,0.91,"Ao revisar a etapa de esgotamento final de um tanque, a engenharia identificou que uma nova configuração do poceto aumenta a recuperação remanescente, mas modifica o comportamento hidráulico da tomada de carga próximo ao término da manobra. Para manter a operação previsível e segura, qual consequência deve ser priorizada?",3,False,True,True,2,Média
d90e8fba34-f0-d0-r10-q0,Gestão do Desempenho,Geral,Média,0.92,"Antes de iniciar uma operação de carregamento após uma intervenção de manutenção na linha de carga, o supervisor do turno dispõe de uma janela curta para liberação da atividade. Qual sequência de ações oferece a base mais consistente para começar a transferência com controle operacional adequado?",1,False,True,False,1,Difícil
d90e8fba34-f0-d0-r10-q1,Gestão do Desempenho,Geral,Média,0.93,"Depois de um quase-acidente, verificou-se que a resposta a um alarme de nível alto atrasou porque o mesmo operador acumulava atividades na praça de bombas. Na revisão da escala, qual medida tende a reduzir melhor a recorrência?",2,True,True,True,3,Fácil
d90e8fba34-f0-d0-r10-q2,Gestão do Desempenho,Geral,Fácil,0.92,"Na revisão das rotas operacionais durante campanhas intensas de carga e descarga, surgiu a proposta de usar a praça de bombas como atalho rotineiro entre o convés e espaços inferiores para reduzir deslocamentos da equipe. Qual decisão é mais coerente com o controle operacional e com os requisitos de arranjo?",0,True,True,False,2,Média
d90e8fba34-f0-d0-r10-q3,Gestão do Desempenho,Geral,Média,0.88,"Uma unidade registra pequenos vazamentos recorrentes em válvulas na praça de bombas, sem perdas relevantes de produção, porém com interrupções frequentes para contenção local. Sob a ótica da gestão do desempenho operacional, qual medida tende a tratar melhor a causa do problema?",3,True,True,True,3,Fácil
d90e8fba34-f0-d0-r10-q4,Gestão do Desempenho,Geral,Média,0.92,"Durante a padronização do procedimento de descarregamento final dos tanques, a equipe propôs aplicar a mesma sequência de sucção para todos os tanques do FPSO. Parte do time argumenta que isso simplifica o treinamento e reduz variação entre turnos. Qual avaliação técnica é mais consistente?",0,False,True,False,1,Difícil
d90e8fba34-f0-d0-r11-q0,Gestão do Desempenho,Geral,Média,0.9,"Ao planejar o turno de uma operação de carregamento em um FPSO, cogita-se reduzir a presença permanente no campo e concentrar o acompanhamento na sala de controle, deixando a área de carga para verificações esporádicas. À luz dos requisitos operacionais, qual arranjo de equipe tende a manter melhor o controle da transferência?",0,False,True,True,2,Média
d90e8fba34-f0-d0-r11-q3,Gestão do Desempenho,Geral,Média,0.92,"Após um quase incidente com vazamento na praça de bombas durante uma manobra de carga, a coordenação pretende revisar o checklist de pré-partida. Se o objetivo é atacar o mecanismo mais diretamente relacionado ao evento, qual revisão de rotina é a mais apropriada?",1,True,True,True,3,Fácil
d90e8fba34-f0-d0-r11-q4,Gestão do Desempenho,Geral,Fácil,0.91,"Em um plano de otimização de rotina, propôs-se concentrar quase todo o acompanhamento do carregamento em automação e reduzir verificações presenciais periódicas. Entre as atividades abaixo, qual é a menos substituível por monitoramento remoto e, por isso, deve continuar programada nos turnos?",1,True,True,False,2,Média
d90e8fba34-f0-d0-r11-q5,Gestão do Desempenho,Geral,Média,0.85,"Na preparação de uma parada curta para manutenção, sugeriu-se usar a praça de bombas como rota de passagem para que diferentes equipes alcancem mais rapidamente compartimentos inferiores e outras frentes de serviço. À luz dos requisitos de arranjo e de seus efeitos no planejamento operacional, qual avaliação é a mais adequada?",3,False,False,True,1,Difícil
d90e8fba34-f0-d0-r12-q0,Gestão do Desempenho,Geral,Média,0.89,"Em um FPSO, a coordenação quer iniciar uma manobra de carregamento durante a troca de turno da noite para evitar impacto na produção. Como o efetivo de bordo está reduzido, foi sugerido liberar o início com o controle automático ativo e realizar, nos 30 minutos iniciais, a verificação dos alarmes individuais de nível alto e a ronda na praça de bombas. Qual avaliação é mais adequada?",2,True,False,True,2,Média
d90e8fba34-f0-d0-r12-q1,Gestão do Desempenho,Geral,Média,0.86,"Após duas ocorrências de variação inesperada no ritmo de enchimento entre tanques, o supervisor quer simplificar o planejamento de turnos e concentrar o acompanhamento remoto dos níveis em um único operador, enquanto a equipe de campo faria rondas gerais sem atribuição específica para a praça de bombas. Qual arranjo está mais alinhado ao controle operacional da operação de carregamento?",2,False,False,True,1,Difícil
d90e8fba34-f0-d0-r12-q2,Gestão do Desempenho,Geral,Difícil,0.79,"Na atualização do procedimento de término da descarga, verifica-se que os pocetos de sucção passam a avançar dentro dos limites admitidos para o fundo duplo. A operação sugere preservar a sequência antiga de manobras por considerar a mudança meramente construtiva. Qual avaliação é a mais apropriada?",3,False,True,False,1,Difícil
d90e8fba34-f0-d0-r12-q3,Gestão do Desempenho,Geral,Média,0.85,"Durante o planejamento de uma manobra de transferência, a equipe de operações pretende executar simultaneamente uma atividade de rotina no convés próximo às saídas dos suspiros de uma embarcação de apoio não tripulada. O argumento é que, como não haverá pessoas embarcadas nessa unidade, basta acompanhar níveis e vazões do FPSO. Qual avaliação é mais adequada?",1,True,False,False,1,Difícil
d90e8fba34-f0-d0-r12-q4,Gestão do Desempenho,Geral,Fácil,0.91,Um gerente de operações quer reduzir a duração total de uma janela de carregamento sem criar novas exposições. Quatro propostas de reorganização de rotina foram apresentadas. Qual delas melhor preserva o desempenho do processo e as barreiras operacionais?,2,True,True,True,3,Fácil
d90e8fba34-f0-d0-r12-q5,Gestão do Desempenho,Geral,Média,0.84,"Após uma auditoria interna, constatou-se que o FPSO possui bom histórico de vazão e disponibilidade de bombas, mas handovers entre turnos mostram interpretações diferentes sobre o que precisa ser verificado antes de cada transferência. Qual ação gerencial tende a melhorar mais a consistência operacional?",2,True,True,True,3,Fácil
d90e8fba34-f1-d0-r13-q1,Gestão do Desempenho,Geral,Fácil,0.95,"Na definição de um KPI para consumo específico de químicos em um FPSO, a equipe concorda que o tema é relevante, mas descobre que parte dos apontamentos de dosagem é manual, sem periodicidade estável e sem responsável definido. Qual decisão é mais consistente com boa definição de indicadores?",3,True,True,True,3,Fácil
d90e8fba34-f1-d0-r13-q2,Gestão do Desempenho,Geral,Média,0.94,"Dois FPSOs da mesma gestão decidiram comparar o custo operacional por barril a partir dos registros de caixa de cada unidade. A análise mostrou diferenças relevantes, mas as plataformas usam critérios distintos para enquadrar serviços, materiais e investimentos, e uma delas ainda mistura gastos recorrentes com desembolsos de mobilização. Antes de adotar o indicador em metas comparativas, qual medida tende a torná-lo mais útil para a gestão?",2,True,True,True,3,Fácil
d90e8fba34-f1-d0-r13-q3,Gestão do Desempenho,Geral,Média,0.95,"Em um comitê do FPSO, o painel mostra piora simultânea em disponibilidade de compressão, queima em flare e custo de manutenção corretiva. As áreas apresentam explicações técnicas, mas não há registro consolidado das ações, prazos ou responsáveis, e os mesmos desvios reaparecem em ciclos seguintes. Qual medida de governança tende a atacar a fragilidade principal?",1,True,True,True,3,Fácil
d90e8fba34-f1-d0-r13-q4,Gestão do Desempenho,Geral,Média,0.93,O gerente de operações de um FPSO precisa revisar a previsão orçamentária do trimestre após aumento de indisponibilidade em utilidades e expectativa de campanha de manutenção adicional. O painel atual mostra apenas o realizado do mês. Qual evolução do sistema de monitoramento tende a apoiar melhor a decisão?,0,True,True,True,3,Fácil
d90e8fba34-f1-d0-r13-q5,Gestão do Desempenho,Geral,Média,0.95,"Uma unidade FPSO em fase madura quer redesenhar seu painel de desempenho. A equipe local sustenta que indicadores corporativos de segurança, sustentabilidade e resumo operacional capturam de forma limitada as restrições do ativo; a área corporativa, por sua vez, exige comparabilidade entre unidades. Qual solução tende a equilibrar melhor esses objetivos?",2,True,True,True,3,Fácil
d90e8fba34-f1-d0-r14-q0,Gestão do Desempenho,Geral,Média,0.92,"Na implantação do painel de desempenho de um FPSO recém-assumido, cada gerência propõe indicadores próprios: operações quer eficiência de produção, engenharia quer backlog, QSMS quer frequência de desvios e finanças quer caixa operacional. O diretor da unidade quer evitar um painel fragmentado, com metas que não conversem entre si. Qual desenho de painel tende a produzir melhor alinhamento entre gestão local e estratégia corporativa?",3,True,True,True,3,Fácil
d90e8fba34-f1-d0-r14-q1,Gestão do Desempenho,Geral,Fácil,0.93,"Um FPSO utiliza registros financeiros com baixo grau de formalização: receitas, custos diretos, indiretos e investimentos são lançados com critérios diferentes por turno e por contrato. A gerência quer comparar tendência de desempenho entre meses e entre unidades do portfólio. Qual medida é mais adequada para que os indicadores financeiros passem a sustentar essa comparação?",2,True,True,True,3,Fácil
d90e8fba34-f1-d0-r14-q2,Gestão do Desempenho,Geral,Média,0.92,"Em um FPSO, a taxa de indisponibilidade de um sistema aparece de forma diferente no painel da operação, no relatório de engenharia e no consolidado enviado ao corporativo. As reuniões passam a discutir números conflitantes em vez de decisões. Qual arranjo de governança tende a atacar a causa do problema?",3,True,True,True,3,Fácil
d90e8fba34-f1-d0-r14-q3,Gestão do Desempenho,Geral,Média,0.92,"No painel mensal de um FPSO, o indicador de eficiência de um processo crítico ficou abaixo da meta por três ciclos consecutivos. A equipe já identificou iniciativas em estudo, mas o comitê quer uma prática de gestão que aumente a capacidade de execução e aprendizado. Qual encaminhamento é mais consistente?",1,True,True,True,3,Fácil
d90e8fba34-f1-d0-r14-q5,Gestão do Desempenho,Geral,Média,0.9,"O painel corporativo de um FPSO mostra resultados atuais de produção, custos, segurança e disponibilidade, mas o orçamento revisado continua sofrendo desvios repetitivos. A direção percebe que o sistema informa bem o passado, porém antecipa pouco os impactos das variações sobre decisões futuras. Qual evolução do sistema de desempenho tende a aumentar seu valor para a gestão?",3,True,True,True,3,Fácil
d90e8fba34-f1-d0-r15-q0,Gestão do Desempenho,Geral,Média,0.87,"Ao revisar o painel de desempenho de um FPSO, operações, engenharia, QSMS e finanças passaram a pactuar objetivos quase sem coordenação. Após dois ciclos, um setor apresenta avanço e outro recuo, e a liderança não consegue relacionar esses resultados aos objetivos da unidade. Qual estrutura de governança tende a recompor melhor a consistência do sistema?",1,True,True,True,3,Fácil
d90e8fba34-f1-d0-r15-q1,Gestão do Desempenho,Geral,Fácil,0.89,"Uma unidade quer incorporar indicadores financeiros ao painel de desempenho, mas seus registros de caixa apresentam classificações inconsistentes de receitas e custos, além de pouco histórico consolidado. Qual abordagem inicial é mais consistente para que esses indicadores sejam confiáveis e úteis à gestão?",0,True,True,True,3,Fácil
d90e8fba34-f1-d0-r15-q2,Gestão do Desempenho,Geral,Média,0.9,"Em um FPSO, o trimestre fechou com bom resultado econômico, porém cresceram desvios operacionais, manifestações de partes interessadas e atrasos em iniciativas críticas. A hipótese é que o painel não esteja mostrando adequadamente como um objetivo impacta outro. Que redesenho tende a melhorar a tomada de decisão?",0,True,True,True,3,Fácil
d90e8fba34-f1-d0-r15-q3,Gestão do Desempenho,Geral,Fácil,0.92,"Em uma reunião mensal de desempenho de um FPSO, um indicador operacional ficou abaixo da meta por três ciclos consecutivos. A causa principal já foi identificada, mas ainda não existe um plano formal de resposta. Qual encaminhamento é mais aderente a uma gestão de desempenho robusta?",2,True,True,True,3,Fácil
d90e8fba34-f1-d0-r15-q4,Gestão do Desempenho,Geral,Fácil,0.9,"Na seleção de novos KPIs para o painel de um FPSO, quatro propostas chegaram ao comitê. Qual delas está mais alinhada aos critérios de seleção e padronização de indicadores?",0,True,True,True,3,Fácil
d90e8fba34-f1-d0-r16-q0,Gestão do Desempenho,Geral,Média,0.91,"Um FPSO recém-integrado ao portfólio tem registros financeiros em livro-caixa com classificações inconsistentes de custos e receitas, enquanto a diretoria quer incluir indicadores de margem operacional e geração de caixa no painel já no próximo ciclo. Qual desenho inicial de indicadores é mais adequado para produzir comparações úteis entre períodos e entre unidades?",2,True,True,True,3,Fácil
d90e8fba34-f1-d0-r16-q1,Gestão do Desempenho,Geral,Média,0.91,"Em um FPSO, operação, engenharia e nível corporativo passaram a adotar referências distintas para a mesma meta de confiabilidade, gerando conflitos nas decisões de manutenção e na alocação de orçamento. Que arranjo de governança tende a atacar a causa desse desalinhamento?",1,True,True,True,3,Fácil
d90e8fba34-f1-d0-r16-q2,Gestão do Desempenho,Geral,Média,0.9,"Durante a revisão mensal de um painel de desempenho de FPSO, a produção ficou dentro da meta no mês corrente, mas a análise mostrou aumento sucessivo de custos diretos, piora de eficiência de tratamento e tendência de desvio no orçamento do trimestre. A equipe propõe manter o plano sem mudanças porque o resultado atual ainda está dentro da meta. Qual resposta é mais consistente com boas práticas de monitoramento?",1,True,True,True,3,Fácil
d90e8fba34-f1-d0-r16-q3,Gestão do Desempenho,Geral,Média,0.92,"Um FPSO está cumprindo a meta local de horas de manutenção planejada executada, mas o indicador corporativo de confiabilidade da unidade continua piorando. Ao revisar o painel, percebe-se que o KPI local não mostra se as intervenções realizadas contribuem para o objetivo corporativo. Qual correção é mais apropriada?",3,True,True,True,3,Fácil
d90e8fba34-f1-d0-r16-q5,Gestão do Desempenho,Geral,Média,0.91,"Em um programa para elevar a disponibilidade e o resultado econômico do FPSO, a unidade definiu metas agressivas de produção, mas não vinculou iniciativas estratégicas nem indicadores de progresso aos objetivos do mapa estratégico. Na prática, o painel mostra resultados finais, mas não permite verificar se as ações escolhidas atuam sobre as causas do desempenho. Qual ajuste é mais adequado?",0,True,True,True,3,Fácil
d90e8fba34-f1-d0-r17-q1,Gestão do Desempenho,Geral,Média,0.92,"Em um FPSO, a diretriz corporativa de aumentar a regularidade operacional foi repassada às áreas, mas manutenção passou a acompanhar horas de treinamento, operações o volume bombeado e engenharia a quantidade de projetos emitidos, sem critério comum que mostre o quanto cada medida sustenta o resultado corporativo. Qual ajuste de governança melhor corrige esse desalinhamento?",1,True,True,True,3,Fácil
d90e8fba34-f1-d0-r17-q2,Gestão do Desempenho,Geral,Média,0.91,"Uma operadora pretende comparar mensalmente o desempenho financeiro de dois FPSOs usando registros com base de caixa. Em uma das unidades, há lacunas de histórico e classificação inconsistente de receitas e custos. Qual abordagem de implantação produz indicadores comparáveis sem perder viabilidade operacional?",3,True,True,True,3,Fácil
d90e8fba34-f1-d0-r17-q3,Gestão do Desempenho,Geral,Média,0.89,"Em um FPSO, os indicadores do mês ainda mostram aderência à meta, mas análises técnicas indicam que atrasos de manutenção podem afetar produção e orçamento nos próximos ciclos. Qual rotina de monitoramento oferece melhor suporte à decisão?",0,True,True,True,3,Fácil
d90e8fba34-f1-d0-r17-q5,Gestão do Desempenho,Geral,Fácil,0.91,"Após três ciclos seguidos abaixo da meta em um indicador crítico do painel do FPSO, a equipe discute como tratar o desvio. Qual resposta melhor reflete uma gestão de desempenho madura?",2,True,True,True,3,Fácil
d90e8fba34-f1-d0-r18-q0,Gestão do Desempenho,Geral,Média,0.88,"Ao revisar o painel de desempenho de um FPSO, a diretriz corporativa é aumentar a geração de caixa sem comprometer a segurança operacional. A equipe avalia quatro formas de traduzir essa diretriz para a realidade da unidade. Qual configuração tende a produzir maior coerência entre a estratégia corporativa e a execução operacional?",0,True,True,True,3,Fácil
d90e8fba34-f1-d0-r18-q1,Gestão do Desempenho,Geral,Média,0.9,"Uma área de gestão quer implantar indicadores financeiros em um FPSO operado com registros de caixa pouco padronizados, histórico incompleto e resistência ao registro sistemático. Qual encaminhamento é mais robusto para iniciar o monitoramento sem perder comparabilidade futura?",1,True,True,True,3,Fácil
d90e8fba34-f1-d0-r18-q2,Gestão do Desempenho,Geral,Média,0.91,"Em um FPSO, o painel mensal mostra resultados atuais dentro das metas, mas o orçamento do trimestre vem sendo revisado com frequência porque desvios só ficam evidentes quando já afetaram custos e produção. Qual ajuste no ciclo de monitoramento tende a melhorar a capacidade de controle?",2,True,True,True,3,Fácil
d90e8fba34-f1-d0-r18-q5,Gestão do Desempenho,Geral,Média,0.81,"Depois da revisão do dashboard de desempenho de um FPSO, a organização passou a divulgar métricas em formatos distintos para cada público, o que gerou leituras conflitantes sobre prioridades e entregas. Que arranjo de comunicação mais favorece a governança desse sistema de indicadores?",2,True,True,True,3,Fácil
d90e8fba34-f1-d0-r19-q2,Gestão do Desempenho,Geral,Média,0.88,"Duas unidades tipo FPSO serão comparadas quanto ao desempenho financeiro, mas uma delas registra receitas e custos em base de caixa, com baixa padronização e histórico incompleto. A direção quer iniciar o monitoramento sem perder comparabilidade entre unidades e ao longo do tempo. Qual encaminhamento é mais consistente?",1,True,True,True,3,Fácil
d90e8fba34-f1-d0-r19-q3,Gestão do Desempenho,Geral,Fácil,0.92,"Um indicador de desempenho crítico do FPSO ficou abaixo da meta por três meses consecutivos. Nas reuniões, a equipe discute causas, mas o resultado do painel não se traduz em mudança perceptível na operação. Qual ajuste no sistema de gestão tende a aumentar a efetividade do acompanhamento?",3,True,True,True,3,Fácil
d90e8fba34-f1-d0-r19-q5,Gestão do Desempenho,Geral,Média,0.9,"Um FPSO acumulou muitos KPIs de produção, manutenção, QSMS e finanças, mas o comitê executivo relata dificuldade para entender como esses números sustentam a estratégia da unidade e suas interfaces com o corporativo. Qual reestruturação do painel é mais apropriada?",1,True,True,True,3,Fácil
d90e8fba34-f1-d0-r20-q2,Gestão do Desempenho,Geral,Média,0.93,"A unidade quer incorporar KPIs financeiros ao painel de uma FPSO operada com registros de caixa ainda heterogêneos entre contratos, materiais e serviços. Parte dos custos indiretos não tem classificação estável e o histórico consolidado é curto. Qual abordagem é mais consistente para iniciar o monitoramento?",3,True,True,True,3,Fácil
d90e8fba34-f1-d0-r20-q3,Gestão do Desempenho,Geral,Média,0.92,"Nos últimos três ciclos mensais, a FPSO apresentou oscilações de throughput e aumento de despesas de manutenção. O painel mostra realizado versus meta, mas a unidade continua reagindo tarde, já com impacto no orçamento do trimestre. Qual ajuste no ciclo de monitoramento aumenta a capacidade de antecipação?",2,True,True,True,3,Fácil
d90e8fba34-f1-d0-r20-q4,Gestão do Desempenho,Geral,Média,0.92,"Em um painel de desempenho, um indicador de indisponibilidade de utilidades críticas segue em patamar inadequado há dois meses. As causas mais prováveis já foram levantadas, porém cada área conduz o tratamento em controles próprios, sem conexão com os objetivos e iniciativas da unidade. Qual resposta de gestão melhor completa o ciclo de monitoramento?",1,True,True,True,3,Fácil
d90e8fba34-f1-d0-r20-q5,Gestão do Desempenho,Geral,Fácil,0.95,"Em uma FPSO, foram sugeridos quatro KPIs para sustentar o objetivo corporativo de manter a produção com segurança. Qual proposta atende melhor aos critérios de seleção e padronização de indicadores?",0,True,True,True,3,Fácil
d90e8fba34-f2-d0-r21-q0,Gestão do Desempenho,Geral,Média,0.95,"Em um FPSO, a equipe de desempenho comparou dois itens com impacto potencial na produção. O Item 1 falha com frequência, mas está em arranjo redundante e possui sobressalente a bordo, o que mantém cada ocorrência com recuperação curta e sem parada do processo na maior parte dos casos. O Item 2 falha raramente, porém quando falha interrompe uma etapa crítica do processo e requer vários dias para recomposição. Para priorizar ações de manutenção com foco em perda de capacidade, qual leitura é mais adequada?",2,True,True,True,3,Fácil
d90e8fba34-f2-d0-r21-q2,Gestão do Desempenho,Geral,Fácil,0.95,"Em um FPSO, os apontamentos de indisponibilidade são lançados com descrições pouco específicas, como ""falha de sistema"", e diversas ordens de manutenção não registram de forma consistente o momento de restabelecimento da operação. A gerência quer melhorar a apuração de TMEF e TMPR e identificar quais ativos mais contribuem para as perdas. Qual iniciativa tende a trazer o ganho mais direto nesse cenário?",1,True,True,True,3,Fácil
d90e8fba34-f2-d0-r21-q3,Gestão do Desempenho,Geral,Fácil,0.95,"Um circuito de processo de um FPSO apresenta vazamentos recorrentes em trechos submetidos ao fluido produzido. A resposta usual tem sido reparar ou substituir os componentes danificados e retomar a operação, mas o problema reaparece em intervalos semelhantes. Qual ação tende a deslocar a gestão da manutenção de uma postura reativa para uma postura preventiva, com reflexo mais consistente em eficiência operacional?",0,True,True,True,3,Fácil
d90e8fba34-f2-d0-r21-q4,Gestão do Desempenho,Geral,Média,0.93,"Após a implantação de novos intertravamentos em um sistema crítico de utilidades de um FPSO, a taxa de trips aumentou e a disponibilidade percebida pelo time de operação caiu, embora o sistema tenha passado a responder de forma mais conservadora a condições inseguras. Qual avaliação é tecnicamente mais adequada?",0,True,True,True,3,Fácil
d90e8fba34-f2-d0-r22-q0,Gestão do Desempenho,Geral,Média,0.94,"Em um FPSO, a equipe compara dois sistemas de utilidades que afetam a produção. O Sistema A apresenta MTBF baixo, porém possui arranjo redundante, sobressalente crítico a bordo e reparos curtos. O Sistema B falha poucas vezes, mas, quando falha, interrompe a operação por não ter redundância e exigir longo tempo de reparo. Se o objetivo é reduzir perda de capacidade e melhorar a disponibilidade global, qual priorização é mais consistente?",1,True,True,True,3,Fácil
d90e8fba34-f2-d0-r22-q1,Gestão do Desempenho,Geral,Fácil,0.95,"Depois de alguns meses de operação, os relatórios de um FPSO exibem horas de indisponibilidade, porém várias ordens de manutenção foram encerradas sem identificar o ativo que originou a ocorrência nem apontar com precisão o intervalo de intervenção. Para obter MTBF e MTTR confiáveis que sustentem o plano de manutenção, qual providência inicial tende a trazer maior benefício?",3,True,True,True,3,Fácil
d90e8fba34-f2-d0-r22-q3,Gestão do Desempenho,Geral,Média,0.93,"Durante o primeiro ano de operação de um FPSO, um conjunto de válvulas de um sistema utilitário apresenta falhas repetitivas ainda dentro do período de garantia, causando quedas de rendimento e intervenções frequentes. Qual resposta de manutenção tende a reduzir a reincidência e melhorar a eficiência operacional de forma mais robusta?",3,True,True,True,3,Fácil
d90e8fba34-f2-d0-r22-q4,Gestão do Desempenho,Geral,Difícil,0.87,"Após mudanças para reforçar intertravamentos de segurança em um módulo de processo do FPSO, a unidade passou a registrar mais paradas automáticas e menor disponibilidade do sistema, embora o risco operacional tenha diminuído. Em uma reunião de desempenho, qual conclusão é mais consistente com uma gestão técnica de disponibilidade?",2,True,True,True,3,Fácil
d90e8fba34-f2-d0-r23-q0,Gestão do Desempenho,Geral,Média,0.92,"Em um FPSO, a equipe de manutenção compara dois itens do sistema de processo. A bomba de recirculação do tratamento falha com frequência, mas opera em arranjo redundante e costuma voltar ao serviço rapidamente quando há sobressalente a bordo. Já um vaso associado ao tratamento raramente falha, porém não tem redundância e seus reparos são longos. Se o objetivo é reduzir a perda de capacidade global da unidade, qual critério de priorização é mais coerente?",2,True,True,True,3,Fácil
d90e8fba34-f2-d0-r23-q2,Gestão do Desempenho,Geral,Média,0.9,"Uma equipe precisa estimar a disponibilidade de um módulo de compressão de gás em um FPSO novo, ainda com pouco histórico próprio. Há a opção de usar uma base externa consolidada de falhas e reparos. Qual uso dessa base é mais tecnicamente consistente para suportar a decisão?",2,True,True,True,3,Fácil
d90e8fba34-f2-d0-r23-q3,Gestão do Desempenho,Geral,Fácil,0.93,"Um skid de utilidades em período de garantia apresenta falhas repetitivas que vêm reduzindo a eficiência operacional do FPSO por recorrência de intervenções corretivas. A gerência quer uma ação que reduza reincidência e custo ao longo do tempo, e não apenas alivie o efeito imediato das paradas. Qual encaminhamento é o mais aderente a esse objetivo?",0,True,True,True,3,Fácil
d90e8fba34-f2-d0-r23-q4,Gestão do Desempenho,Geral,Média,0.92,"Em um sistema de utilidade crítico do FPSO, uma proposta de modificação adiciona novos intertravamentos. A análise indica menor probabilidade de operação fora dos limites, mas também maior chance de paradas automáticas que reduzem a disponibilidade do sistema. Qual decisão é mais consistente com uma gestão madura de desempenho?",1,True,True,True,3,Fácil
d90e8fba34-f2-d0-r23-q5,Gestão do Desempenho,Geral,Média,0.94,"A análise de downtime de um FPSO mostra o seguinte: um conjunto de bombas de processo apresenta muitas ocorrências, porém com rápida recuperação quando há selo mecânico disponível a bordo; um equipamento sem redundância apresenta poucas falhas, mas cada evento consome vários dias de reparo e responde pela maior parcela da perda anual de capacidade. Com orçamento limitado para a próxima campanha de melhoria, qual combinação de ação é mais coerente?",2,True,True,True,3,Fácil
d90e8fba34-f2-d0-r24-q1,Gestão do Desempenho,Geral,Média,0.95,"Em um FPSO, a manutenção consegue somar horas de indisponibilidade por tipo de ocorrência, mas ainda não rastreia com consistência qual item mantenível está por trás de cada evento nem produz indicadores de confiabilidade e mantenabilidade com boa qualidade. Qual medida tende a fechar mais diretamente essa lacuna de gestão?",1,True,True,True,3,Fácil
d90e8fba34-f2-d0-r24-q3,Gestão do Desempenho,Geral,Média,0.94,"Durante o primeiro ano de operação de um FPSO, um conjunto de bombas de processo apresentou repetidas falhas de rolamento ainda no período de garantia, sempre com manifestação semelhante e impacto recorrente no rendimento da planta. A liderança quer uma ação que reduza reincidências, e não apenas o tempo de resposta a cada evento. Qual iniciativa é mais alinhada a esse objetivo?",0,True,True,False,2,Média
d90e8fba34-f2-d0-r24-q4,Gestão do Desempenho,Geral,Média,0.96,Um sistema de tratamento de água produzida em um FPSO vem sofrendo paradas por atuação de intertravamentos de proteção em situações de desvio operacional. A produção argumenta que flexibilizar a lógica aumentaria a disponibilidade; a engenharia de processo alerta para o papel desses intertravamentos na prevenção de consequências mais graves. Qual avaliação é mais consistente com uma gestão madura do desempenho?,2,True,True,True,3,Fácil
d90e8fba34-f2-d0-r24-q5,Gestão do Desempenho,Geral,Média,0.93,"Na revisão do plano de manutenção de um módulo de compressão de gás e seus utilitários, a equipe reuniu em um mesmo indicador todas as ocorrências do sistema: trips que interrompem a produção, falhas que degradam a eficiência e pequenos defeitos sem reflexo imediato na operação. Em seguida, tentou definir um plano de intervenção para esse conjunto. Qual ajuste tornaria a análise mais útil para recuperar rendimento e disponibilidade?",2,False,True,True,2,Média
d90e8fba34-f2-d0-r25-q0,Gestão do Desempenho,Geral,Média,0.95,"Em um FPSO, uma bomba principal de utilidades tem TMEF reduzido, mas o sistema dispõe de equipamento reserva em stand-by e de sobressalentes críticos a bordo. Em outro subsistema, um compressor cuja indisponibilidade afeta diretamente a continuidade da produção quase não falha, porém opera sem redundância e seu restabelecimento normalmente leva vários dias. Se o objetivo é minimizar perda de capacidade, qual priorização é mais coerente?",2,True,True,True,3,Fácil
d90e8fba34-f2-d0-r25-q1,Gestão do Desempenho,Geral,Média,0.92,"Na modelagem de disponibilidade de um novo FPSO do pré-sal, há pouco histórico próprio, e a equipe avalia usar uma base externa consolidada para bombas, vasos e trocadores. Qual abordagem é mais consistente para estimar desempenho e comparar alternativas de projeto?",0,True,True,False,2,Média
d90e8fba34-f2-d0-r25-q2,Gestão do Desempenho,Geral,Média,0.94,"No primeiro ano de operação de um FPSO, diversos instrumentos e válvulas trocados em garantia passam a apresentar novamente modos de falha semelhantes. Embora cada intervenção seja concluída em prazo aceitável, a quantidade de eventos permanece elevada e a eficiência operacional não se recupera. Que medida tende a reduzir melhor a reincidência e elevar a disponibilidade no médio prazo?",1,True,True,True,3,Fácil
d90e8fba34-f2-d0-r25-q3,Gestão do Desempenho,Geral,Fácil,0.95,"Em um FPSO, o relatório mensal aponta muitas horas de indisponibilidade, porém a equipe não consegue vincular cada evento ao ativo causador nem apurar TMEF e TMPR de forma consistente para vários sistemas de processo e utilidades. Antes de discutir novos investimentos, que iniciativa tende a melhorar mais a gestão do desempenho?",1,True,True,True,3,Fácil
d90e8fba34-f2-d0-r25-q4,Gestão do Desempenho,Geral,Difícil,0.93,"Após sucessivas paradas automáticas no tratamento de gás de um FPSO, surge a proposta de relaxar intertravamentos para elevar a disponibilidade do sistema. As paradas atuais preservam a segurança, mas reduzem a produção e pressionam a equipe por maior rendimento. Qual posição é tecnicamente mais consistente?",0,True,True,True,3,Fácil
d90e8fba34-f2-d0-r25-q5,Gestão do Desempenho,Geral,Média,0.95,"Dois subconjuntos de um sistema de utilidades de um FPSO registram o mesmo número anual de falhas, porém por processos distintos: em um caso, há ataque corrosivo com progressão ao longo do tempo; no outro, predomina desgaste em partes móveis, com menor duração de reparo. A equipe pretende estruturar inspeção e manutenção baseadas em risco para aumentar a disponibilidade. Qual abordagem é mais adequada?",3,False,True,True,2,Média
d90e8fba34-f2-d0-r26-q0,Gestão do Desempenho,Geral,Média,0.89,"Em um FPSO, o trem de compressão de gás tem dois compressores em arranjo com redundância; eles apresentam TMEF baixo, TMPR curto e peças críticas disponíveis a bordo. Já uma unidade do sistema elétrico de utilidade, sem redundância, falha poucas vezes, mas quando falha exige reparo demorado e depende de reposição externa. Se a meta é reduzir perda de capacidade e indisponibilidade total da planta, qual priorização de melhoria tende a ser mais consistente?",0,True,True,True,3,Fácil
d90e8fba34-f2-d0-r26-q1,Gestão do Desempenho,Geral,Média,0.85,"Uma equipe precisa estimar a disponibilidade absoluta esperada do sistema de injeção de água de um FPSO do pré-sal recém-entrado em operação. Existe uma base externa de falhas e reparos amplamente usada na indústria, mas a unidade tem arranjo e práticas de manutenção próprias. Qual estratégia é mais robusta?",2,True,False,True,2,Média
d90e8fba34-f2-d0-r26-q2,Gestão do Desempenho,Geral,Média,0.91,"No primeiro ano de um FPSO, equipamentos novos de utilidades têm reincidência de falhas ainda cobertas por garantia, com trocas frequentes e queda de eficiência operacional. Qual iniciativa tende a gerar melhoria mais duradoura de confiabilidade?",3,False,False,True,1,Difícil
d90e8fba34-f2-d0-r26-q3,Gestão do Desempenho,Geral,Difícil,0.93,"Em um FPSO, intertravamentos de proteção de um sistema de processo têm evitado situações inseguras, mas também provocam paradas que reduzem a disponibilidade operacional. A operação propõe flexibilizar parte dessas funções para recuperar produção. Qual critério de decisão é mais adequado?",1,True,True,True,3,Fácil
d90e8fba34-f2-d0-r26-q4,Gestão do Desempenho,Geral,Fácil,0.91,"Em um FPSO, os registros de indisponibilidade usam classificações amplas que não permitem identificar com segurança qual ativo originou cada evento. Ao mesmo tempo, ordens e históricos de manutenção são lançados sem padronização, comprometendo a apuração de TMEF e TMPR. Qual iniciativa gerencial tende a trazer maior ganho para definir prioridades de manutenção e dimensionar sobressalentes?",1,True,True,True,3,Fácil
d90e8fba34-f2-d0-r26-q5,Gestão do Desempenho,Geral,Média,0.93,"Em um trem de processamento de gás de um FPSO, parte das ocorrências reduz a capacidade de processamento sem interromper a operação, enquanto outras retiram o trem de serviço. Em uma análise RAM voltada a decisões de capacidade e disponibilidade, qual abordagem de dados é mais apropriada?",2,True,True,True,3,Fácil
d90e8fba34-f3-d0-r27-q0,Gestão do Desempenho,Geral,Média,0.96,"Em um FPSO, duas bombas de exportação operam em arranjo 2 x 100%, com instrumentação contínua de vibração, temperatura e pressão. Uma das bombas em serviço começou a apresentar tendência lenta de aumento de vibração, mas a capacidade remanescente do sistema ainda permite programar uma janela de intervenção sem impacto imediato na produção. Qual estratégia de manutenção é mais aderente ao objetivo de confiabilidade com custo otimizado?",3,True,True,True,3,Fácil
d90e8fba34-f3-d0-r27-q1,Gestão do Desempenho,Geral,Média,0.91,Um transformador do FPSO não pode ser acessado internamente sem uma parada relevante da unidade. O acompanhamento das propriedades do óleo isolante mostra deterioração acima da faixa historicamente associada ao envelhecimento normal. Qual interpretação é a mais adequada para o planejamento da intervenção?,2,True,False,True,2,Média
d90e8fba34-f3-d0-r27-q4,Gestão do Desempenho,Geral,Média,0.89,"Com a janela de parada de um FPSO encurtada, a equipe precisa definir qual item deve orientar a intervenção de um subsistema. Qual critério de priorização melhor representa uma abordagem integrada de risco com RBI/RNM?",2,True,True,True,3,Fácil
d90e8fba34-f3-d0-r27-q5,Gestão do Desempenho,Geral,Média,0.96,"Um conjunto de válvulas de um sistema crítico de segurança do FPSO possui monitoramento de condição e, ao mesmo tempo, está sujeito a exigências de intervenção periódica por requisitos de segurança e conformidade. Mesmo com parâmetros estáveis de operação, qual política de manutenção é a mais adequada?",1,True,False,False,1,Difícil
d90e8fba34-f3-d0-r28-q0,Gestão do Desempenho,Geral,Fácil,0.91,"Em um FPSO, duas bombas redundantes de um sistema auxiliar crítico operam com folga de capacidade e têm histórico confiável de vibração, temperatura e pressão. A gerência quer reduzir emergências sem antecipar trocas desnecessárias. Qual política tende a atender melhor a esse objetivo?",0,False,True,True,2,Média
d90e8fba34-f3-d0-r28-q2,Gestão do Desempenho,Geral,Média,0.9,"Após um transiente severo de processo e uma operação fora das condições especificadas, os indicadores usuais de vibração e temperatura de um ativo crítico voltaram ao patamar anterior. Parte da equipe propõe manter apenas a rotina normal de monitoramento, já que a tendência aparente se estabilizou. Qual resposta é mais adequada sob a ótica de um programa de gerenciamento de integridade?",0,True,True,True,3,Fácil
d90e8fba34-f3-d0-r28-q3,Gestão do Desempenho,Geral,Média,0.89,"Em um FPSO, um transformador imerso em óleo não admite inspeção interna rotineira sem indisponibilidade significativa. Para definir a vigilância de condição entre paradas maiores, qual interpretação técnica é a mais adequada?",3,True,False,False,1,Difícil
d90e8fba34-f3-d0-r28-q4,Gestão do Desempenho,Geral,Fácil,0.91,"Na revisão da carteira de inspeções de ativos críticos do FPSO, a equipe quer priorizar intervenções de forma coerente com RBI/RNM, evitando tanto sobreinspeção quanto exposição indevida ao risco. Qual abordagem de priorização tende a produzir um plano mais consistente?",1,True,True,True,3,Fácil
d90e8fba34-f3-d0-r29-q1,Gestão do Desempenho,Geral,Média,0.93,"Em um FPSO, um transformador imerso em óleo fica em área cujo acesso direto exige parada relevante da planta. A equipe quer evitar abertura prematura, mas também não quer prolongar a operação quando a margem de segurança estiver se reduzindo. Qual prática atende melhor a esse objetivo?",3,True,True,True,3,Fácil
d90e8fba34-f3-d0-r29-q2,Gestão do Desempenho,Geral,Média,0.92,"Em um FPSO, a remoção programada de um compressor crítico do trem de gás deixará esse conjunto indisponível por vários dias. Há registro de degradação moderada em trocadores, válvulas e instrumentos associados, e alguns desses itens também influenciam outro sistema que utiliza o mesmo fluxo intermediário. No planejamento da intervenção, qual escolha tende a aproveitar melhor essa janela do ponto de vista operacional?",3,True,False,True,2,Média
d90e8fba34-f3-d0-r29-q3,Gestão do Desempenho,Geral,Média,0.93,"Na revisão do RBI/RNM de linhas flexíveis e acessórios de um FPSO, existem laudos recentes de inspeção visual e medições pontuais, porém faltam parte do histórico de operação e a consolidação dos modos de falha. Como os últimos relatórios não indicaram desvios relevantes, surgiu a proposta de alongar a periodicidade de inspeção. Qual decisão melhor sustenta uma avaliação de integridade consistente?",3,True,False,True,2,Média
d90e8fba34-f3-d0-r29-q4,Gestão do Desempenho,Geral,Média,0.91,"Após um episódio de operação fora das condições especificadas, sem falha imediata aparente, a gerência avalia se o programa de integridade deve ser ajustado para os ativos expostos ao evento. Qual encaminhamento está mais alinhado ao papel do PGI?",3,True,False,True,2,Média
d90e8fba34-f3-d0-r30-q0,Gestão do Desempenho,Geral,Fácil,0.95,"Em um FPSO, duas bombas de água de resfriamento operam em arranjo redundante, com uma em serviço e outra em espera. Há monitoramento confiável de vibração, temperatura e desempenho, e a troca entre bombas pode ser programada sem afetar a produção. A gerência quer reduzir intervenções desnecessárias sem elevar o risco operacional. Qual política é mais consistente com esse cenário?",0,True,True,True,3,Fácil
d90e8fba34-f3-d0-r30-q1,Gestão do Desempenho,Geral,Média,0.91,"Em um FPSO, um transformador imerso em óleo não pode ser aberto para inspeção sem uma parada relevante. Nas últimas campanhas de monitoramento, o fluido dielétrico passou a apresentar tendência de degradação acima do envelhecimento esperado, embora a produção permaneça estável. Diante da dúvida entre aguardar a próxima grande campanha ou agir antes, qual interpretação é mais adequada?",0,False,True,True,2,Média
d90e8fba34-f3-d0-r30-q2,Gestão do Desempenho,Geral,Média,0.81,"Em um subsistema contínuo de produção do FPSO, a equipe precisa definir qual item servirá de referência para programar a parada do conjunto e aproveitar a mesma janela para atuar nos outros componentes. Qual critério melhor representa a manutenção por oportunidade?",3,True,True,True,3,Fácil
d90e8fba34-f3-d0-r30-q3,Gestão do Desempenho,Geral,Média,0.93,"Durante a revisão do plano de inspeção de linhas flexíveis submarinas e componentes auxiliares de um FPSO, a equipe dispõe de muitas leituras recentes de monitoramento, porém os históricos de operação, os modos de falha mapeados e os registros de eventos com risco inaceitável estão incompletos. Qual é a principal consequência dessa lacuna para uma priorização alinhada a RBI/RNM?",1,True,True,True,3,Fácil
d90e8fba34-f3-d0-r30-q4,Gestão do Desempenho,Geral,Média,0.95,"Em um FPSO, a parada programada de um equipamento do subsistema A interromperá temporariamente o fornecimento do produto intermediário usado pelo subsistema B. Em B, há pendências de inspeção cuja execução demanda liberação operacional complexa, embora ainda sem atingir condição crítica. Qual planejamento é mais aderente a uma estratégia integrada de confiabilidade e integridade?",3,False,False,False,0,Difícil
d90e8fba34-f3-d0-r31-q0,Gestão do Desempenho,Geral,Média,0.94,"Após uma excursão operacional com pressão e temperatura acima da faixa prevista em um conjunto de linhas flexíveis e acessórios do FPSO, os parâmetros rotineiros de tendência ainda não mostram desvio relevante. Na revisão do Programa de Gerenciamento de Integridade, qual encaminhamento é mais consistente com uma estratégia de risco bem estruturada?",0,True,True,True,3,Fácil
d90e8fba34-f3-d0-r31-q1,Gestão do Desempenho,Geral,Média,0.91,"Em um conjunto de bombas de injeção de água de um FPSO, há equipamentos em redundância e monitoramento confiável de vibração, temperatura e pressão. A manutenção avalia substituir parte das intervenções em intervalo fixo por outra política. Qual escolha tende a trazer melhor equilíbrio entre disponibilidade e custo global?",3,True,True,True,3,Fácil
d90e8fba34-f3-d0-r31-q3,Gestão do Desempenho,Geral,Média,0.9,"Um transformador de potência instalado no FPSO só pode ser aberto com uma parada relevante. Nos últimos meses, a análise do óleo isolante mostrou deterioração progressiva acima do patamar histórico de referência. Qual interpretação técnica melhor orienta a manutenção?",0,True,True,True,3,Fácil
d90e8fba34-f3-d0-r31-q4,Gestão do Desempenho,Geral,Média,0.94,"Na revisão anual do plano de inspeção de ativos críticos do FPSO, a engenharia quer usar RBI/RNM para redefinir periodicidades e métodos de inspeção. Estão disponíveis históricos operacionais, padrões de desempenho, registros de inspeção e monitoramento, modos de falha identificados e eventos associados a risco elevado. Qual uso desses dados é mais consistente com um Programa de Gerenciamento de Integridade?",1,True,True,True,3,Fácil
d90e8fba34-f3-d0-r31-q5,Gestão do Desempenho,Geral,Média,0.93,"Após um ano de monitoramento preditivo em equipamentos rotativos do FPSO, caiu o número de emergências, mas aumentou a quantidade de intervenções planejadas executadas em janelas operacionais. Parte da gestão entende que isso indica piora da eficiência da manutenção. Qual interpretação é mais adequada?",2,True,True,True,3,Fácil
d90e8fba34-f4-d0-r32-q0,Gestão do Desempenho,Geral,Média,0.87,"Após três pequenas liberações de hidrocarbonetos sem lesão em um FPSO, a equipe vai revisar a análise de risco. Parte do time quer validar o modelo só com os acidentes mais graves do histórico corporativo; outra parte defende incluir também os quase-acidentes reportados a bordo. Qual encaminhamento tende a produzir uma análise mais confiável para prevenção?",2,True,True,True,3,Fácil
d90e8fba34-f4-d0-r32-q2,Gestão do Desempenho,Geral,Média,0.91,"Durante uma campanha de manutenção em um FPSO, haverá simultaneamente abertura de equipamentos, trabalhos a quente e entrada de diversos terceiros, com a produção reduzida, mas não totalmente parada. Para reduzir tanto a frequência quanto as consequências de eventos, qual conjunto de controles é mais consistente?",3,False,True,True,2,Média
d90e8fba34-f4-d0-r32-q4,Gestão do Desempenho,Geral,Média,0.9,"Um FPSO opera próximo a rota de aves marinhas e área de pesca artesanal. Ao revisar o plano de emergência para um cenário de derramamento no offloading, qual abordagem oferece melhor base para resposta proporcional e proteção dos receptores mais vulneráveis?",1,True,True,True,3,Fácil
d90e8fba34-f4-d0-r32-q5,Gestão do Desempenho,Geral,Fácil,0.91,"Na etapa de identificação de riscos de um FPSO, a equipe listou os volumes de óleo cru, diesel e químicos a bordo, mas não relacionou as atividades que podem levar à presença ou liberação dessas substâncias nem os receptores fora da unidade. Qual efeito mais provável dessa omissão sobre a gestão de desempenho em HSE?",0,True,True,True,3,Fácil
d90e8fba34-f4-d0-r33-q1,Gestão do Desempenho,Geral,Fácil,0.94,"Em um FPSO, a gerência quer usar análise dinâmica de risco e validação com eventos históricos para antecipar falhas operacionais. O problema é que a unidade tem baixa notificação de quase-acidentes e registros incompletos de incidentes menores. Qual ação tende a aumentar mais a confiabilidade das previsões?",0,True,True,True,3,Fácil
d90e8fba34-f4-d0-r33-q3,Gestão do Desempenho,Geral,Média,0.94,"Após a troca da empresa contratada de manutenção em um FPSO, aumentaram desvios em permissão para trabalho, atrasos em inspeções de barreiras de contenção e falhas no registro de incidentes menores. A gerência busca uma mitigação que reduza tanto a frequência quanto as consequências dos eventos, sem tratar cada desvio como problema isolado. Qual abordagem é mais adequada?",1,True,True,True,3,Fácil
d90e8fba34-f4-d0-r33-q4,Gestão do Desempenho,Geral,Média,0.92,"Na revisão do plano de emergência de um FPSO, a equipe propõe adotar a LOPA como referência única para selecionar cenários acidentais, definir níveis de emergência e dimensionar a resposta, sob o argumento de que a ferramenta já mostra barreiras de proteção e pontos de mitigação. Qual avaliação é tecnicamente mais consistente?",3,True,False,False,1,Difícil
d90e8fba34-f4-d0-r33-q5,Gestão do Desempenho,Geral,Fácil,0.93,"Um operador contratou um centro de atendimento a vazamentos para apoiar dois FPSOs. Em um exercício, os equipamentos estavam disponíveis, mas houve demora na mobilização, dúvidas sobre papéis e falhas em itens que não passavam por manutenção preventiva regular. Qual ajuste de gestão tende a elevar mais a prontidão real?",1,True,True,True,3,Fácil
d90e8fba34-f4-d0-r34-q0,Gestão do Desempenho,Geral,Fácil,0.94,"Após uma modificação no FPSO, a unidade passou a armazenar maior volume de metanol e a realizar mais transferências internas por mangotes. Antes de revisar o plano de resposta, a equipe de HSE precisa atualizar a identificação de riscos. Qual abordagem tende a produzir uma base mais consistente para as etapas seguintes de análise e mitigação?",2,True,True,True,3,Fácil
d90e8fba34-f4-d0-r34-q1,Gestão do Desempenho,Geral,Média,0.89,"Uma gerência propõe substituir a análise de riscos do FPSO por LOPA, argumentando que a ferramenta já indica camadas de proteção e pontos de mitigação. Ao mesmo tempo, o banco de dados de incidentes e quase-incidentes da unidade apresenta lacunas e registros pouco padronizados. Qual decisão é mais coerente com uma avaliação de risco confiável?",3,True,False,True,2,Média
d90e8fba34-f4-d0-r34-q2,Gestão do Desempenho,Geral,Média,0.92,"Após um quase-incidente em trabalho a quente realizado por empresa contratada, ficaram evidentes falhas de interface entre operação, manutenção e resposta a emergências. Para reduzir ao mesmo tempo a probabilidade de recorrência e o impacto potencial, qual conjunto de medidas aloca melhor os controles?",1,True,True,True,3,Fácil
d90e8fba34-f4-d0-r34-q4,Gestão do Desempenho,Geral,Fácil,0.93,"Em um exercício de resposta a derramamento, o centro de atendimento em terra possuía barreiras e skimmers em quantidade adequada, mas houve atraso na mobilização, falhas de operação e indisponibilidade de parte dos equipamentos por manutenção vencida. Qual conclusão gerencial melhor explica o problema?",1,True,True,True,3,Fácil
d90e8fba34-f4-d0-r35-q0,Gestão do Desempenho,Geral,Média,0.93,"Na revisão do registro de perigos de um FPSO que passará a armazenar maior volume de metanol, a equipe já descreveu fontes, atividades de manuseio e transferência e cenários de descarga de pior caso. O coordenador conclui que a etapa de identificação está suficiente porque os efeitos relevantes seriam tratados na resposta à emergência. Qual complemento torna essa identificação mais consistente?",2,True,True,True,3,Fácil
d90e8fba34-f4-d0-r35-q1,Gestão do Desempenho,Geral,Média,0.91,"Depois de um período de registro irregular de quase-acidentes, a gerência de um FPSO pretende usar análise dinâmica de risco, confrontada com eventos históricos, para diminuir a capacidade planejada de resposta a vazamentos porque os registros recentes indicam baixa ocorrência. Qual avaliação é mais adequada?",2,True,False,False,1,Difícil
d90e8fba34-f4-d0-r35-q2,Gestão do Desempenho,Geral,Média,0.92,"Durante uma campanha com produção estabilizada, o FPSO planeja uma soldagem executada por terceiro perto de uma área com químicos de processo. Auditorias internas apontaram atrasos de manutenção, falhas no sistema de permissão para trabalho e investigação superficial de incidentes anteriores. Qual conjunto de medidas tende a reduzir melhor a frequência e as consequências desse tipo de evento?",0,True,True,False,2,Média
d90e8fba34-f4-d0-r35-q4,Gestão do Desempenho,Geral,Fácil,0.91,"Na revisão orçamentária, a coordenação propõe tratar o centro de atendimento a vazamentos associado ao FPSO como um almoxarifado avançado, reduzindo equipes permanentes e concentrando esforços apenas na reposição de materiais após uso. Qual argumento técnico melhor contrapõe essa proposta?",2,True,True,True,3,Fácil
d90e8fba34-f4-d0-r36-q0,Gestão do Desempenho,Geral,Média,0.93,"Durante a revisão de riscos de um FPSO que passou a receber novos produtos perigosos e intensificou operações de apoio, a equipe precisa atualizar a base para o planejamento de emergência. Qual abordagem oferece a base mais consistente para essa atualização?",3,True,True,True,3,Fácil
d90e8fba34-f4-d0-r36-q2,Gestão do Desempenho,Geral,Média,0.91,Uma empresa opera três FPSOs em uma mesma região e estuda unificar parte da estrutura de atendimento a derramamentos para evitar duplicidade de meios. Qual diretriz tende a sustentar melhor essa decisão sob a ótica de gestão de risco?,2,True,True,True,3,Fácil
d90e8fba34-f4-d0-r36-q3,Gestão do Desempenho,Geral,Média,0.93,"Na atualização da análise de riscos de um FPSO próximo a rotas de navegação, comunidades costeiras e área marinha sensível, a equipe estimou frequências de falha e consequências físicas dos cenários de perda de contenção, mas restringiu o estudo aos efeitos a bordo e à taxa de liberação. O que mais fortaleceria a avaliação para apoiar decisões de HSE e de resposta à emergência?",0,True,True,True,3,Fácil
d90e8fba34-f4-d0-r36-q4,Gestão do Desempenho,Geral,Média,0.92,"Após um incidente sem vazamento em um FPSO, a apuração identificou falhas encadeadas: manutenção preventiva em atraso, permissão para trabalho com checagem insuficiente, terceirizado pouco familiarizado com a área e dúvida sobre quem acionaria recursos no nível inicial de emergência. Ao revisar o Plano de Gerenciamento de Riscos, qual conjunto de medidas enfrenta melhor essas fragilidades?",3,True,True,True,3,Fácil
d90e8fba34-f4-d0-r36-q5,Gestão do Desempenho,Geral,Fácil,0.94,"Para reduzir custos, a gestão de um FPSO propôs substituir o centro de atendimento a vazamentos por um almoxarifado com barreiras, skimmers e materiais absorventes, contratando apoio operacional quando ocorrer um evento. Qual é o principal problema dessa decisão?",1,True,False,False,1,Difícil
d90e8fba34-f4-d0-r37-q0,Gestão do Desempenho,Geral,Média,0.9,"Em um FPSO, a equipe de SMS quer revisar cenários de perda de contenção usando análise dinâmica de risco e validação com eventos anteriores. Nos últimos meses, porém, vários quase-incidentes foram tratados apenas verbalmente e não passaram a compor um histórico estruturado. Se essa prática continuar, qual efeito gerencial é mais provável?",2,True,False,True,2,Média
d90e8fba34-f4-d0-r37-q4,Gestão do Desempenho,Geral,Média,0.94,"Em um exercício de resposta a derramamento, o FPSO mobilizou rapidamente barreiras e embarcações, mas houve dúvidas sobre quando passar do nível inicial para um nível mais alto de emergência, quais alternativas operacionais adotar e como acionar apoio terceirizado para proteger áreas sensíveis. Qual ajuste tende a corrigir a causa mais estrutural desse desempenho?",3,True,True,True,3,Fácil
d90e8fba34-f4-d0-r37-q5,Gestão do Desempenho,Geral,Média,0.91,"Depois de um quase acidente sem vítimas, ocorrido durante serviço de contratada em um sistema de processo, a unidade decidiu revisar o Plano de Gerenciamento de Riscos. A apuração apontou problemas de coordenação entre equipes, manutenção vencida em recursos de apoio e falhas na autorização de serviço. Que conjunto de ações enfrenta de modo mais abrangente tanto a probabilidade quanto os efeitos de recorrência?",0,True,True,True,3,Fácil
d90e8fba34-f4-d0-r38-q0,Gestão do Desempenho,Geral,Média,0.89,"Após dois vazamentos pequenos e vários quase-acidentes em linhas de drenagem de um FPSO, a equipe quer revisar o Plano de Gerenciamento de Riscos. Os relatórios internos, porém, estão incompletos e parte dos eventos envolvendo terceiros não foi compartilhada. Qual abordagem tende a produzir priorização mais confiável dos controles?",1,True,True,True,3,Fácil
d90e8fba34-f4-d0-r38-q1,Gestão do Desempenho,Geral,Média,0.92,"Durante a revisão do plano de emergência de um FPSO, a equipe percebe que dimensionou a resposta apenas pela capacidade dos tanques de óleo e pela quantidade de barreiras já contratadas. Há operações de offloading próximas a rotas marítimas e áreas sensíveis. Qual ajuste é mais aderente a uma lógica robusta de dimensionamento?",0,True,False,True,2,Média
d90e8fba34-f4-d0-r38-q2,Gestão do Desempenho,Geral,Média,0.92,"Em uma parada programada, várias frentes de trabalho simultâneas envolverão abertura de linha, içamento e serviços a quente. O gerente de operação quer reduzir o risco de acidente sem tratar cada tarefa como caso isolado. Qual conjunto de medidas melhor traduz uma alocação de controles coerente para esse cenário?",3,True,True,True,3,Fácil
d90e8fba34-f4-d0-r38-q4,Gestão do Desempenho,Geral,Média,0.91,"Em uma oficina de identificação de perigos para um FPSO, a equipe listou tanques, manifolds e linhas de processo, mas não descreveu as atividades que permitem a presença de produtos perigosos nem os receptores potencialmente afetados fora da unidade. Qual é a principal consequência dessa lacuna?",1,True,False,False,1,Difícil
d90e8fba34-f4-d0-r38-q5,Gestão do Desempenho,Geral,Média,0.9,"Após validar modelos com acidentes históricos, a liderança de HSE conclui que o FPSO já possui previsibilidade suficiente para reduzir exercícios de emergência e concentrar esforços na atualização anual da análise. Qual avaliação é mais adequada?",0,True,True,True,3,Fácil
d90e8fba34-f4-d0-r39-q0,Gestão do Desempenho,Geral,Média,0.92,"Na revisão do cadastro de riscos de um FPSO, a equipe levantou volumes de óleo, diesel e químicos a bordo, mas consolidou todos os vazamentos em um único cenário genérico e não explicitou quem ou o que poderia ser atingido em cada caso. Para que a identificação de riscos sustente melhor a análise posterior e o plano de emergência, qual ajuste é mais adequado?",0,True,True,True,3,Fácil
d90e8fba34-f4-d0-r39-q1,Gestão do Desempenho,Geral,Média,0.92,"Um FPSO pretende usar análise dinâmica de risco e LOPA para revisar o perfil de risco de perda de contenção. A base de dados da unidade, porém, tem registros incompletos de incidentes e quase-incidentes, além de classificações divergentes entre turnos e contratadas. Nesse contexto, qual avaliação é mais consistente?",2,True,True,True,3,Fácil
d90e8fba34-f4-d0-r39-q2,Gestão do Desempenho,Geral,Média,0.9,"Após uma análise quantitativa de risco, a gerência de um FPSO aprovou novas barreiras físicas para contenção e detecção, mas deixou para uma etapa futura a definição de papéis por nível de emergência, recursos humanos mínimos, equipamentos de apoio e interface com terceiros. Qual é a principal fragilidade remanescente?",1,True,False,False,1,Difícil
d90e8fba34-f4-d0-r39-q5,Gestão do Desempenho,Geral,Média,0.93,"Em um FPSO, pequenas liberações de hidrocarbonetos ocorreram durante intervenções de manutenção executadas por terceirizadas, especialmente em serviços com isolamento e abertura de linhas após modificações recentes. A gerência quer reduzir a recorrência sem limitar a resposta à compra de mais equipamentos de combate. Qual conjunto de ações está mais alinhado a uma mitigação efetiva no Plano de Gerenciamento de Riscos?",0,True,True,True,3,Fácil
d90e8fba34-f5-d0-r40-q1,Gestão do Desempenho,Geral,Média,0.91,"Depois de recalibrar o simulador com dados recentes de testes, três poços ainda mostram pressão na cabeça de linha acima do previsto e perdas de produção de magnitude semelhante. Esses poços também passam por um mesmo segmento da rede de escoamento. Para quantificar o potencial de recuperação e avançar na identificação da causa, qual é a abordagem mais adequada?",1,True,True,True,3,Fácil
d90e8fba34-f5-d0-r40-q2,Gestão do Desempenho,Geral,Média,0.92,"Em um FPSO em fase madura, o uso de separador de teste dedicado vem consumindo tempo operacional, ocupando área de convés e dificultando a identificação antecipada de desvios de desempenho dos poços. Considerando ampliar a aplicação de medidores multifásicos, qual justificativa econômico-operacional melhor sustenta essa escolha sob a ótica de gestão do desempenho?",3,True,False,True,2,Média
d90e8fba34-f5-d0-r40-q3,Gestão do Desempenho,Geral,Média,0.89,"Em um sistema de gas-lift intermitente de poços marginais, a análise de um único ciclo indicou recuperação elevada, mas a unidade continua com vazão diária abaixo do esperado e alto consumo de gás de injeção. Há registros de instabilidade de ciclos e suspeita de simultaneidade entre injeção e alimentação. Qual ação tende a produzir a melhor melhoria sustentada de desempenho?",3,True,True,True,3,Fácil
d90e8fba34-f5-d0-r40-q4,Gestão do Desempenho,Geral,Média,0.92,"Um FPSO apresenta queda gradual de eficiência térmica e aumento de perda de carga em um circuito de aquecimento, com evidências de incrustação. A proposta A intensifica o uso de inibidor químico, a proposta B aceita maior frequência de limpeza e a proposta C prevê especificações futuras menos sensíveis à incrustação. Para decidir entre elas sob a ótica de gestão do desempenho, qual comparação é mais adequada?",2,True,True,True,3,Fácil
d90e8fba34-f5-d0-r40-q5,Gestão do Desempenho,Geral,Média,0.92,"Ao longo de cinco anos de operação, a plataforma acumulou iniciativas isoladas de redução de perdas: intervenções em poços, troca de instrumentos e ajustes operacionais. Mesmo assim, os ganhos são inconsistentes e a priorização de investimentos muda a cada campanha porque os modelos divergem das medições de campo. Qual processo de melhoria contínua tende a dar mais robustez à tomada de decisão?",2,True,True,True,3,Fácil
d90e8fba34-f5-d0-r41-q2,Gestão do Desempenho,Geral,Média,0.92,"Um FPSO com limitação de peso e espaço realiza testes frequentes de poço, e cada campanha aumenta a interferência no escoamento e consome tempo de estabilização. A gerência estuda substituir parte da estrutura de testes por medidores multifásicos. Qual argumento melhor sustenta essa mudança sob a ótica de desempenho e custo?",0,True,True,True,3,Fácil
d90e8fba34-f5-d0-r41-q3,Gestão do Desempenho,Geral,Média,0.88,"Dois poços conectados a um mesmo trecho comum de tubulação apresentam diferença persistente de desempenho no FPSO. Os modelos existentes, já usados no simulador de linha, não explicam satisfatoriamente essa diferença. Qual encaminhamento é mais consistente com análise de causa raiz e melhoria contínua?",2,True,True,True,3,Fácil
d90e8fba34-f5-d0-r41-q4,Gestão do Desempenho,Geral,Média,0.89,"Em gas-lift intermitente, a unidade vem apresentando recuperação percentual aparentemente alta em ciclos isolados, mas a produção diária permanece abaixo do esperado e o consumo operacional preocupa. A equipe quer reduzir líquido não recuperado sem elevar o OPEX de forma desproporcional. Qual estratégia é mais aderente ao problema?",2,True,True,True,3,Fácil
d90e8fba34-f5-d0-r41-q5,Gestão do Desempenho,Geral,Fácil,0.94,"Ao reavaliar a estratégia de controle de incrustação no FPSO, considerou-se reduzir a dosagem de anti-incrustante para aliviar o OPEX no curto prazo e reagir com limpezas quando surgirem perdas de eficiência. Qual critério econômico melhor sustenta a decisão?",0,False,True,True,2,Média
d90e8fba34-f5-d0-r42-q0,Gestão do Desempenho,Geral,Média,0.93,"Na definição da arquitetura de proteção de um sistema crítico de processo em um FPSO, a equipe avalia duas configurações. A opção 1 exige maior investimento inicial, mas projeta menos atuações indevidas e recomposição mais rápida da produção. A opção 2 demanda menor investimento inicial, porém prevê mais paradas ao longo da vida útil. Sob a ótica de desempenho econômico do ativo, qual critério melhor fundamenta a escolha?",0,True,True,True,3,Fácil
d90e8fba34-f5-d0-r42-q2,Gestão do Desempenho,Geral,Média,0.9,"Em um FPSO com espaço e massa muito restritos, os testes de poço com separador dedicado vêm consumindo tempo de estabilização, interferindo no escoamento e aumentando o risco de paradas. A gerência avalia substituir esse arranjo por medidores multifásicos. Qual justificativa técnica-econômica melhor apoia essa mudança no contexto de gestão do desempenho?",2,True,True,True,3,Fácil
d90e8fba34-f5-d0-r42-q3,Gestão do Desempenho,Geral,Média,0.85,"Dois poços conectados ao mesmo trecho comum de tubulação apresentam diferenças de desempenho menores do que as previstas pelo modelo, e a equipe está dividida entre atribuir o problema ao reservatório ou revisar a malha de escoamento. Qual ação é mais aderente a uma análise de causa raiz e a um processo de melhoria contínua?",2,True,True,True,3,Fácil
d90e8fba34-f5-d0-r42-q4,Gestão do Desempenho,Geral,Difícil,0.87,"Uma operação de gas-lift intermitente vem apresentando recuperação líquida aparentemente alta em ciclos isolados, mas o custo operacional segue elevado e há suspeita de fallback relevante. A equipe propõe aumentar o comprimento da coluna inicial e rever a temporização da válvula motora e a calibração da válvula operadora. Qual avaliação é mais consistente com a gestão do desempenho ao longo do tempo?",0,True,True,True,3,Fácil
d90e8fba34-f5-d0-r43-q0,Gestão do Desempenho,Geral,Média,0.94,"Na comparação entre duas arquiteturas de proteção para um FPSO, a alternativa B tem maior investimento inicial e lógica de votação mais complexa, mas os estudos indicam menor frequência de desligamentos espúrios ao longo da vida útil. A equipe precisa recomendar a opção economicamente mais adequada. Qual critério de decisão é mais consistente com gestão de desempenho ao longo do ciclo de vida?",2,True,True,True,3,Fácil
d90e8fba34-f5-d0-r43-q2,Gestão do Desempenho,Geral,Média,0.9,"Uma equipe de operação quer substituir parte dos testes periódicos com separador de teste por medidores multifásicos em um FPSO maduro, com o objetivo de melhorar o controle de custos e a contabilização de perdas de produção. Qual justificativa técnica e econômica é mais consistente com esse objetivo?",3,True,False,False,1,Difícil
d90e8fba34-f5-d0-r43-q3,Gestão do Desempenho,Geral,Média,0.92,"Dois poços conectados ao mesmo trecho comum de tubulação apresentam diferença persistente de desempenho. Os modelos, ajustados com testes individuais, indicam desvio pequeno entre eles, mas as medições de campo mostram perda bem maior em um dos casos. Qual próximo passo é mais robusto para análise de causa raiz?",0,True,True,True,3,Fácil
d90e8fba34-f5-d0-r43-q4,Gestão do Desempenho,Geral,Média,0.89,"Em um poço operado por gas-lift intermitente, a recuperação por ciclo parece elevada, mas a produção diária está abaixo do esperado e o consumo de gás vem aumentando. Uma avaliação baseada em um único ciclo indicou fallback aparentemente modesto. Qual ação tende a atacar melhor a causa do desvio de desempenho?",2,True,True,True,3,Fácil
d90e8fba34-f5-d0-r43-q5,Gestão do Desempenho,Geral,Média,0.94,"Em um FPSO em fase madura, a incrustação em trocadores e linhas vem elevando o consumo de energia, aumentando a frequência de limpeza e reduzindo a produção. Duas alternativas estão em análise: ampliar a dosagem de inibidor com pequenas adequações de projeto e menos intervenções, ou restringir o uso de químico e reforçar as limpezas programadas. Que abordagem de avaliação econômica oferece a base mais consistente para decidir entre essas opções?",3,True,False,True,2,Média
d90e8fba34-f5-d0-r44-q1,Gestão do Desempenho,Geral,Média,0.88,"Em um conjunto de poços ligados a um FPSO, medições de campo mostram pressão de chegada maior que a prevista pelo modelo hidráulico, e a equipe quer estimar quanto de produção pode ser recuperado caso perdas extras sejam eliminadas. Qual abordagem oferece a melhor base para essa estimativa e para priorizar intervenções?",0,False,True,True,2,Média
d90e8fba34-f5-d0-r44-q3,Gestão do Desempenho,Geral,Média,0.88,"Em um sistema de gas-lift intermitente de uma unidade offshore, um poço apresenta boa recuperação aparente quando analisado em um único ciclo, mas a produção diária permanece abaixo do esperado e o custo operacional aumenta após vários ajustes de injeção. Qual ação tem maior chance de atacar a causa do problema sem deslocar perdas para outro ponto do sistema?",1,True,True,True,3,Fácil
d90e8fba34-f5-d0-r44-q4,Gestão do Desempenho,Geral,Fácil,0.92,"Um FPSO observa degradação gradual de trocadores térmicos e linhas por incrustação. O custo anual com inibidores é relevante, e a área financeira pressiona por redução imediata desse gasto. Qual decisão é mais alinhada ao controle de desempenho econômico da instalação?",0,True,True,True,3,Fácil
d90e8fba34-f5-d0-r44-q5,Gestão do Desempenho,Geral,Média,0.92,"Após recalibração dos modelos com dados recentes, três poços ligados ao mesmo trecho comum continuam apresentando desempenho inferior ao previsto de forma semelhante, enquanto os demais permanecem aderentes às simulações. A equipe discute se o desvio é limitação de modelo ou perda física evitável. Qual encaminhamento é mais consistente com análise de causa raiz e melhoria contínua?",2,True,True,True,3,Fácil
e094bd612c-f0-d0-r45-q0,Descomissionamento e Gestão do Ciclo de Vida da Unidade,Geral,Média,0.96,"Um FPSO se aproxima do fim da vida de projeto, mas os registros históricos mostram que, ao longo dos anos, temperaturas, pressões e teores de água e areia ficaram abaixo dos máximos assumidos originalmente em projeto. Na preparação da justificativa técnica para extensão de vida, qual abordagem é mais consistente com uma avaliação de life cycle management bem fundamentada?",1,True,True,True,3,Fácil
e094bd612c-f0-d0-r45-q1,Descomissionamento e Gestão do Ciclo de Vida da Unidade,Geral,Média,0.97,"Uma linha flexível conectada ao FPSO teve sua configuração alterada, após a instalação, de Lazy-S para Lazy-Wave. A unidade operou sem eventos relevantes desde então, e a equipe discute como sustentar tecnicamente uma extensão de vida útil. Qual encaminhamento é o mais adequado?",2,True,True,True,3,Fácil
e094bd612c-f0-d0-r45-q2,Descomissionamento e Gestão do Ciclo de Vida da Unidade,Geral,Fácil,0.96,"Durante a avaliação de vida remanescente de sistemas associados a um FPSO, a equipe dispõe de bons registros de inspeção e de alguns testes instrumentais, mas encontra lacunas relevantes no histórico de composição do fluido, pH, teores de H2S/CO2 e injeção química em parte da operação. Qual é a principal implicação técnica dessas lacunas para a justificativa de extensão de vida?",3,True,True,True,3,Fácil
e094bd612c-f0-d0-r45-q4,Descomissionamento e Gestão do Ciclo de Vida da Unidade,Geral,Média,0.95,"Na reavaliação de vida remanescente de um componente com geometria complexa em um FPSO, a análise por elementos finitos indica tensões compatíveis com a continuidade de operação, mas medições com strain gauges em campo apontam ciclos locais mais severos em pontos críticos. Qual interpretação é mais apropriada para a tomada de decisão?",3,True,True,True,3,Fácil
e094bd612c-f0-d0-r45-q5,Descomissionamento e Gestão do Ciclo de Vida da Unidade,Geral,Média,0.96,"Um estudo determinístico, feito com premissas conservadoras de projeto, indica substituição de um sistema do FPSO em curto prazo. Ao revisar o histórico real, a equipe identifica condições operacionais menos severas que as originalmente assumidas. Nesse contexto, qual é o papel mais adequado de uma avaliação probabilística na gestão do ciclo de vida?",0,True,True,True,3,Fácil
e094bd612c-f0-d0-r46-q1,Descomissionamento e Gestão do Ciclo de Vida da Unidade,Geral,Média,0.95,"Após alguns anos de operação, um trecho flexível conectado ao FPSO teve sua configuração alterada de Lazy-S para Lazy-Wave para atender a uma nova condição de instalação. Na revisão para extensão de vida, o equipamento não apresenta falhas aparentes nas inspeções visuais. Qual abordagem é mais consistente para justificar a continuidade operacional?",3,False,True,True,2,Média
e094bd612c-f0-d0-r46-q2,Descomissionamento e Gestão do Ciclo de Vida da Unidade,Geral,Fácil,0.95,"Uma campanha de extensão de vida de um FPSO reúne desenhos e relatórios de projeto, mas encontra lacunas relevantes no histórico de temperatura, composição do fluido, injeção química e intervenções desde a instalação. As inspeções mais recentes indicam condição aparentemente estável. Qual conclusão técnica é mais adequada?",2,True,False,True,2,Média
e094bd612c-f0-d0-r46-q3,Descomissionamento e Gestão do Ciclo de Vida da Unidade,Geral,Média,0.96,"Em uma revisão de integridade para decidir entre reparo, substituição ou extensão de operação de uma linha ligada ao FPSO, comparam-se duas abordagens: uma usa parâmetros únicos e conservadores; a outra trata carregamentos, mecanismos de degradação e erro de medição por distribuições. Que argumento técnico sustenta a segunda abordagem?",1,True,True,True,3,Fácil
e094bd612c-f0-d0-r46-q4,Descomissionamento e Gestão do Ciclo de Vida da Unidade,Geral,Média,0.89,"Uma análise por elementos finitos de um componente do FPSO indica concentração de tensões em uma região com geometria complexa, próxima a uma modificação executada em campo. A gerência pretende usar esse resultado para sustentar uma extensão de vida. Qual próximo passo torna a justificativa mais robusta?",2,True,True,True,3,Fácil
e094bd612c-f0-d0-r47-q0,Descomissionamento e Gestão do Ciclo de Vida da Unidade,Geral,Média,0.94,"Ao preparar o dossiê de extensão de vida de uma linha ligada ao FPSO, verifica-se que o dimensionamento original considerou exposição contínua aos picos de temperatura, pressão e CO2/H2S, enquanto os registros de operação indicam patamares inferiores na maior parte do tempo e uso regular de inibidor químico. Qual procedimento fornece o embasamento técnico mais robusto para revisar a estimativa de vida residual?",1,True,True,True,3,Fácil
e094bd612c-f0-d0-r47-q1,Descomissionamento e Gestão do Ciclo de Vida da Unidade,Geral,Média,0.94,"Depois de converter um trecho de linha de uma configuração Lazy-S para Lazy-Wave, o operador quer aproveitar a base de cálculo original do fabricante para sustentar mais cinco anos de operação do FPSO. As inspeções mais recentes não indicaram defeitos aparentes, e internamente se argumenta que o material da linha e o fluido de serviço não mudaram. Qual argumento oferece a base técnica mais consistente para essa extensão de vida?",3,True,False,False,1,Difícil
e094bd612c-f0-d0-r47-q2,Descomissionamento e Gestão do Ciclo de Vida da Unidade,Geral,Fácil,0.92,"Um FPSO em campo maduro possui bom histórico de inspeções e reparos, mas registros incompletos de pH, H2S/CO2, presença de água e injeção química ao longo dos anos. A gerência quer decidir sobre extensão de vida com base no que já existe. Qual é o principal problema técnico dessa estratégia?",2,True,True,True,3,Fácil
e094bd612c-f0-d0-r47-q3,Descomissionamento e Gestão do Ciclo de Vida da Unidade,Geral,Fácil,0.91,"Em uma avaliação de vida remanescente, a análise por elementos finitos indicou concentrações de tensão em uma região complexa de conexão. Parte da equipe propõe instalar strain gauges e executar medições para confrontar o modelo. Qual é o ganho técnico mais relevante dessa combinação?",0,True,True,True,3,Fácil
e094bd612c-f0-d0-r47-q4,Descomissionamento e Gestão do Ciclo de Vida da Unidade,Geral,Média,0.94,"Uma reavaliação probabilística indica que a probabilidade de falha de um sistema associado ao FPSO permanece dentro do limite aceito para os próximos três anos, desde que sejam implantados monitoramento adicional e medidas de mitigação. A substituição imediata reduziria o risco, mas com forte impacto em custo e disponibilidade da unidade. Qual decisão está mais alinhada a uma gestão de ciclo de vida tecnicamente justificada?",1,True,True,True,3,Fácil
e094bd612c-f0-d0-r47-q5,Descomissionamento e Gestão do Ciclo de Vida da Unidade,Geral,Média,0.95,"Durante a revisão das premissas para extensão de vida de um FPSO, verifica-se que a unidade operou com menos tempo em carga máxima do que o previsto em projeto, mas acumulou mais partidas, paradas e alguns eventos severos de movimentação. Qual tratamento dessas informações é mais apropriado na reavaliação?",3,True,True,True,3,Fácil
e094bd612c-f0-d0-r48-q0,Descomissionamento e Gestão do Ciclo de Vida da Unidade,Geral,Média,0.96,"Na avaliação de extensão de vida de um sistema de produção de um FPSO, a equipe verifica que o projeto original adotou temperatura máxima contínua, presença permanente de água produzida e teores elevados de CO2 e H2S ao longo de toda a vida de projeto. O histórico validado de operação, porém, mostra patamares menores e injeção química estável na maior parte do tempo. Qual abordagem tende a produzir uma justificativa técnica mais consistente para a vida remanescente?",3,True,True,True,3,Fácil
e094bd612c-f0-d0-r48-q1,Descomissionamento e Gestão do Ciclo de Vida da Unidade,Geral,Média,0.95,"Uma linha associada ao FPSO foi instalada originalmente em configuração Lazy-S, mas depois de uma intervenção passou a operar em Lazy-Wave. O material e o diâmetro permaneceram inalterados, e a unidade pretende justificar extensão de vida útil. Qual premissa é mais adequada para essa reavaliação?",1,True,True,True,3,Fácil
e094bd612c-f0-d0-r48-q2,Descomissionamento e Gestão do Ciclo de Vida da Unidade,Geral,Média,0.88,"Durante o estudo de vida remanescente de um riser conectado ao FPSO, há registros de inspeções visuais, testes instrumentais e resultados recentes de monitoramento, mas faltam séries históricas confiáveis de temperatura, composição do fluido, pH, água, areia e injeção química ao longo de vários anos. A equipe argumenta que os ensaios recentes bastam para justificar a extensão. Qual avaliação é mais consistente?",3,True,True,True,3,Fácil
e094bd612c-f0-d0-r48-q3,Descomissionamento e Gestão do Ciclo de Vida da Unidade,Geral,Fácil,0.94,"Em um campo maduro, a gerência compara duas estratégias para um sistema crítico do FPSO: substituir preventivamente agora com base em valores determinísticos de pior caso ou revisar a vida remanescente usando dados reais com tratamento explícito das incertezas. Qual argumento técnico favorece a segunda estratégia quando bem executada?",1,True,False,False,1,Difícil
e094bd612c-f0-d0-r48-q4,Descomissionamento e Gestão do Ciclo de Vida da Unidade,Geral,Média,0.95,"Em uma avaliação de extensão de vida de um componente estrutural do FPSO, a simulação por elementos finitos aponta níveis de solicitação sem criticidade aparente, porém a instrumentação em operação registra picos repetidos acima do calculado justamente nos pontos mais sensíveis. Qual encaminhamento oferece base técnica mais consistente para sustentar a decisão?",1,True,False,False,1,Difícil
e094bd612c-f0-d0-r48-q5,Descomissionamento e Gestão do Ciclo de Vida da Unidade,Geral,Média,0.96,"Para estender por mais cinco anos a operação de um FPSO, a equipe obteve probabilidade de falha dentro do limite aceito com base nos últimos anos de operação estável e propôs reforçar inspeção e monitoramento. Entretanto, o ativo passou a operar com partidas e paradas mais frequentes, e eventos extremos registrados ainda não foram incorporados ao modelo atualizado. Qual decisão é mais aderente a uma justificativa técnica sólida?",3,False,True,True,2,Média
e094bd612c-f0-d0-r49-q0,Descomissionamento e Gestão do Ciclo de Vida da Unidade,Geral,Média,0.95,"Um FPSO se aproxima do fim da vida de projeto de uma linha associada. As premissas originais consideravam exposição contínua aos valores máximos de temperatura, pressão, CO2, H2S, água e areia, mas o histórico operacional mostra picos esporádicos, longos períodos em condição mais branda e injeção química estável. Antes de decidir pela substituição da linha, qual abordagem é tecnicamente mais defensável para estimar a vida remanescente?",3,True,True,True,3,Fácil
e094bd612c-f0-d0-r49-q1,Descomissionamento e Gestão do Ciclo de Vida da Unidade,Geral,Média,0.94,"Na preparação de um dossiê para extensão de vida de uma linha flexível conectada ao FPSO, a equipe dispõe de resultados recentes de inspeções e de testes de vácuo, mas não conseguiu reunir registros de modificações de instalação, reparos executados ao longo dos anos e parte do histórico operacional detalhado. Qual é a leitura técnica mais adequada dessa situação?",2,True,False,True,2,Média
e094bd612c-f0-d0-r49-q2,Descomissionamento e Gestão do Ciclo de Vida da Unidade,Geral,Média,0.93,"Após alguns anos de operação, um sistema associado ao FPSO teve sua configuração alterada de Lazy-S para Lazy-Wave para acomodar melhor os movimentos da unidade. Ao mesmo tempo, a química do fluido ficou menos agressiva do que a prevista originalmente. Diante desse cenário, qual encaminhamento sustenta melhor uma avaliação de extensão de vida?",2,True,True,True,3,Fácil
e094bd612c-f0-d0-r49-q3,Descomissionamento e Gestão do Ciclo de Vida da Unidade,Geral,Difícil,0.93,"Dois estudos foram apresentados para decidir entre reparar, substituir ou estender a operação de um sistema do FPSO. O primeiro usa valores determinísticos de pior caso e conclui por substituição imediata. O segundo revisa premissas com dados reais, trata as incertezas probabilisticamente e indica probabilidade de falha compatível com os limites de risco adotados, desde que haja monitoramento e mitigação durante o período estendido. Qual interpretação é mais consistente com uma boa prática de gestão do ciclo de vida?",3,True,False,False,1,Difícil
e094bd612c-f0-d0-r49-q4,Descomissionamento e Gestão do Ciclo de Vida da Unidade,Geral,Média,0.85,"Uma análise numérica por elementos finitos de um componente associado ao FPSO indicou concentração de tensões em uma região complexa, e a equipe precisa aumentar a confiança na projeção de vida remanescente antes de recomendar extensão de operação. Qual estratégia oferece a base técnica mais sólida para essa verificação?",1,True,True,False,2,Média
e094bd612c-f0-d0-r49-q5,Descomissionamento e Gestão do Ciclo de Vida da Unidade,Geral,Fácil,0.95,"Em um campo em fase madura, discute-se adiar o descomissionamento de um FPSO por operação além da vida originalmente prevista. Considera-se formar uma célula de integridade e financiar intervenções com base nas reservas remanescentes. Para a decisão, qual entendimento é mais consistente?",1,True,False,True,2,Média
e094bd612c-f1-d0-r50-q0,Descomissionamento e Gestão do Ciclo de Vida da Unidade,Geral,Média,0.93,"Durante a preparação de uma campanha de extensão de vida de um FPSO, a equipe precisa revisar dezenas de vasos e linhas com diferentes históricos de corrosão e cobertura de inspeção. Em alguns itens há medições recentes consistentes; em outros, a inspeção foi esparsa e feita por técnicas menos sensíveis. Qual abordagem tende a produzir uma priorização tecnicamente mais robusta para a próxima rodada de inspeções e decisões de integridade?",1,True,True,True,3,Fácil
e094bd612c-f1-d0-r50-q1,Descomissionamento e Gestão do Ciclo de Vida da Unidade,Geral,Média,0.92,"Em uma unidade com casco e topsides envelhecidos, uma avaliação identificou fragilidades em planejamento de manutenção, treinamento operacional e interface entre operação e engenharia, embora a última campanha de inspeção não tenha mostrado aceleração clara de corrosão ou novas trincas relevantes. Para a reavaliação de integridade, qual leitura é mais adequada?",1,True,True,True,3,Fácil
e094bd612c-f1-d0-r50-q3,Descomissionamento e Gestão do Ciclo de Vida da Unidade,Geral,Fácil,0.94,"Na revisão de integridade de uma linha de processo próxima ao fim da vida de projeto, uma inspeção identificou um defeito relevante, porém sem vazamento. A operação quer saber se há alternativa entre continuar operando e substituir de imediato o trecho. Qual uso de uma avaliação FFS/FFP/ECA está mais alinhado à boa prática?",2,True,True,True,3,Fácil
e094bd612c-f1-d0-r50-q5,Descomissionamento e Gestão do Ciclo de Vida da Unidade,Geral,Média,0.91,"Em um trecho de tubulação de exportação conectado à unidade, inspeções sucessivas mostraram perda de metal em colônias próximas e regiões antigas de reparo. O RBI elevou a prioridade do circuito, e agora a equipe precisa definir a avaliação detalhada. Qual estratégia é tecnicamente mais adequada?",0,True,True,True,3,Fácil
e094bd612c-f1-d0-r51-q0,Descomissionamento e Gestão do Ciclo de Vida da Unidade,Geral,Média,0.93,"Na revisão de integridade de um vaso de processo em um FPSO em fim de vida, o fator de dano aumentou após indicação de maior taxa de corrosão e menor eficácia das últimas inspeções. Ainda não há vazamento, mas surgiram perdas localizadas de espessura em uma região já reparada anteriormente. Qual encaminhamento é mais consistente com uma gestão adequada da vida remanescente?",0,True,True,True,3,Fácil
e094bd612c-f1-d0-r51-q1,Descomissionamento e Gestão do Ciclo de Vida da Unidade,Geral,Média,0.92,"Em uma região estrutural do casco com ligações soldadas expostas a um longo histórico de ciclos de carga, uma inspeção especial encontrou pequenas indicações compatíveis com trincas junto ao pé de solda. Qual abordagem oferece a base mais robusta para decidir entre monitoramento, reforço ou reparo localizado?",3,True,True,True,3,Fácil
e094bd612c-f1-d0-r51-q2,Descomissionamento e Gestão do Ciclo de Vida da Unidade,Geral,Média,0.92,"Em diversos trechos de tubulação do FPSO, as inspeções físicas mais recentes não indicaram mudança relevante nas condições observadas. Ainda assim, entrevistas com operação, manutenção, engenharia e capacitação apontaram queda na aderência aos procedimentos, na rastreabilidade das correções e na prontidão das equipes. Ao reavaliar a probabilidade de falha, qual entendimento é mais adequado?",2,True,True,True,3,Fácil
e094bd612c-f1-d0-r51-q3,Descomissionamento e Gestão do Ciclo de Vida da Unidade,Geral,Média,0.92,"Em um spool envelhecido com trinca detectada, duas metodologias reconhecidas de mecânica da fratura foram aplicadas: uma apontou folga operacional e a outra colocou o defeito perto do critério de aceitação. Como essa diferença deve entrar na decisão de extensão de vida?",0,True,True,True,3,Fácil
e094bd612c-f1-d0-r51-q5,Descomissionamento e Gestão do Ciclo de Vida da Unidade,Geral,Média,0.94,"Na avaliação tardia de um suporte estrutural conectado ao casco, o histórico de cargas acumuladas e as inspeções indicam que a fadiga governa a integridade mais do que a corrosão generalizada. A análise FFS mostrou que o defeito ainda é tolerável, mas apenas dentro de uma faixa operacional mais restrita; acima dela, a vida residual cai rapidamente. Qual decisão é mais consistente com a gestão do ciclo de vida da unidade?",2,True,True,True,3,Fácil
e094bd612c-f1-d0-r52-q0,Descomissionamento e Gestão do Ciclo de Vida da Unidade,Geral,Média,0.92,"Em um FPSO próximo ao fim da vida de projeto, a equipe observa maior variabilidade nas medições de espessura de uma linha de processo e um histórico de inspeções executadas por técnicas distintas ao longo dos anos. O indicador estatístico de dano da linha aumentou de forma relevante, embora não exista evidência de vazamento. Qual encaminhamento é mais consistente para embasar a decisão entre continuidade operacional, reparo ou substituição?",3,True,True,True,3,Fácil
e094bd612c-f1-d0-r52-q1,Descomissionamento e Gestão do Ciclo de Vida da Unidade,Geral,Média,0.94,"Durante uma inspeção especial em um reforço estrutural soldado do casco, foram encontradas indicações compatíveis com microtrincas em região próxima à zona afetada por calor. A unidade opera há anos sob carregamentos cíclicos acumulados, e a decisão precisa distinguir entre monitoramento focalizado, reparo localizado ou reforço. Qual abordagem técnica oferece a base mais adequada para essa decisão?",2,True,True,True,3,Fácil
e094bd612c-f1-d0-r52-q3,Descomissionamento e Gestão do Ciclo de Vida da Unidade,Geral,Fácil,0.9,"Dois módulos do FPSO apresentam componentes com condição física semelhante e mecanismos de dano comparáveis. No entanto, em um deles a avaliação do sistema de gestão apontou fragilidades em treinamento, manutenção e fiscalização, enquanto no outro o sistema mostrou boa aderência. Para fins de integridade mecânica, qual efeito é mais esperado dessa diferença?",0,True,True,True,3,Fácil
e094bd612c-f1-d0-r52-q4,Descomissionamento e Gestão do Ciclo de Vida da Unidade,Geral,Média,0.93,"Na reavaliação de integridade de uma linha rígida ligada ao FPSO, foram mapeadas várias áreas de perda de espessura com pequena separação entre si, inclusive trechos com histórico de reparo. Para decidir entre intervenção pontual e troca de segmento, qual abordagem de análise é a mais adequada?",1,True,False,True,2,Média
e094bd612c-f1-d0-r53-q4,Descomissionamento e Gestão do Ciclo de Vida da Unidade,Geral,Média,0.9,"Durante a revisão de integridade de um trecho de tubulação envelhecida, a inspeção identifica colônias de defeitos por corrosão próximas de uma região antes retrabalhada. A equipe precisa decidir se o comportamento pode ser tratado como defeitos isolados ou como interação relevante para a resistência residual. Qual estratégia é mais adequada?",1,True,True,True,3,Fácil
e094bd612c-f1-d0-r53-q5,Descomissionamento e Gestão do Ciclo de Vida da Unidade,Geral,Média,0.93,"Em um circuito de alta temperatura que passou a operar com condições de processo mais severas ao longo dos anos, as inspeções visuais recentes não mostraram anomalias externas relevantes. Ainda assim, a engenharia revisa a suscetibilidade a mecanismos como HTHA e corrosão sob tensão. Qual ação é mais coerente com uma gestão de ciclo de vida baseada em risco?",3,True,True,True,3,Fácil
e094bd612c-f1-d0-r54-q1,Descomissionamento e Gestão do Ciclo de Vida da Unidade,Geral,Média,0.92,"Dois módulos de utilidades de um FPSO exibem sinais comparáveis de corrosão localizada em linhas de serviço. Em um deles, porém, verificam-se histórico de inspeção pouco confiável, deficiências de capacitação e falhas de articulação entre operação, manutenção e engenharia. Na definição de prioridade de integridade, qual interpretação é a mais apropriada?",1,True,True,True,3,Fácil
e094bd612c-f1-d0-r54-q4,Descomissionamento e Gestão do Ciclo de Vida da Unidade,Geral,Média,0.91,"Uma equipe avaliou uma trinca em junta soldada de um componente pressurizado por dois procedimentos reconhecidos. Pela API-579-1/ASME FFS-1, o componente poderia seguir operando com restrições; pela BS-7910, o resultado foi mais conservador e indicou margem insuficiente. Qual interpretação conduz à decisão mais tecnicamente defensável?",0,True,True,True,3,Fácil
